:020000040800F2
:10000000904A00206102000869480008ED4200089B
:1000100065480008BD050008A95900080000000057
:10002000000000000000000000000000C9010008FE
:1000300099100008000000000D020008F54F0008AC
:100040007B0200087B0200087B0200087B0200089C
:100050007B0200087B0200087B0200087B0200088C
:100060007B0200087B0200087B0200087B0200087C
:100070007B0200087B020008C1050008D1050008CA
:10008000E1050008F10500087B0200087B0200087A
:100090007B0200087B0200087B0200087B0200084C
:1000A0007B020008915000087B0200087B020008D8
:1000B0007B0200087B0200087B0200087B0200082C
:1000C0007B0200087B0200087B0200087B0200081C
:1000D0007B020008795900088959000899590008DD
:1000E0007B0200087B0200087B02000800F002F897
:1000F00000F05AF80AA090E8000C82448344AAF168
:100100000107DA4501D100F04FF8AFF2090EBAE865
:100110000F0013F0010F18BFFB1A43F0010318473B
:100120005C9100007C9100000A444FF0000C10F834
:10013000013B13F0070408BF10F8014B1D1108BF65
:1001400010F8015B641E05D010F8016B641E01F805
:10015000016BF9D113F0080F1EBF10F8014BAD1C55
:100160000C1B09D16D1E58BF01F801CBFAD505E073
:1001700014F8016B01F8016B6D1EF9D59142D6D3CD
:10018000704700000023002400250026103A28BFF5
:1001900078C1FBD8520728BF30C148BF0B607047F9
:1001A0001FB51FBD10B510BD00F058F91146FFF77F
:1001B000F7FF06F0B6F800F076F903B4FFF7F2FFA8
:1001C00003BC00F07DF90000224B19680868B0E814
:1001D000F00F80F30988BFF36F8F4FF0000080F3BA
:1001E00011884EF00D0E70470000000006480068B0
:1001F000006880F3088862B661B6BFF34F8FBFF323
:100200006F8F00DF00BF00BF08ED00E0EFF3098053
:10021000BFF36F8F0F4B1A6820E9F00F106008B51D
:100220004FF0500080F31188BFF34F8FBFF36F8FF3
:1002300007F03EFC4FF0000080F31188BDE8084055
:1002400019680868B0E8F00F80F30988BFF36F8F72
:10025000704700BF1C000020EFF3058070470000CE
:100260000948804709480047FEE7FEE7FEE7FEE74A
:10027000FEE7FEE7FEE7FEE7FEE7FEE70448054986
:10028000054A064B704700008F500008ED0000083B
:1002900090440020904A0020904600209046002084
:1002A000B2F120030AD5C2F1200320FA02F001FACC
:1002B00003F321FA02F140EA0300704721FA03F048
:1002C0004FF000017047032A40F2308010F0030C19
:1002D00000F0158011F8013BBCF1020F624498BF99
:1002E00011F801CB00F8013B38BF11F8013BA2F136
:1002F000040298BF00F801CB38BF00F8013B11F0B1
:10030000030300F02580083AC0F0088051F8043B50
:10031000083A51F804CBA0E80810F5E7121D5CBFBD
:1003200051F8043B40F8043BAFF30080D20724BFF0
:1003300011F8013B11F801CB48BF11F8012B24BF84
:1003400000F8013B00F801CB48BF00F8012B7047D3
:1003500010B5203AC0F00B80B1E81850203AA0E860
:100360001850B1E81850A0E81850BFF4F5AF5FEA94
:10037000027C24BFB1E81850A0E8185044BF18C947
:1003800018C0BDE810405FEA827C24BF51F8043BEE
:1003900040F8043B08BF7047D20728BF31F8023B42
:1003A00048BF11F8012B28BF20F8023B48BF00F8D6
:1003B000012B704702F0FF0343EA032242EA0242A4
:1003C00000F02CB84FF0000200B513469446964654
:1003D000203922BFA0E80C50A0E80C50B1F1200158
:1003E000BFF4F7AF090728BFA0E80C5048BF0CC006
:1003F0005DF804EB890028BF40F8042B08BF704764
:1004000048BF20F8022B11F0804F18BF00F8012BD5
:1004100070477047704770474FF000020429C0F0E2
:10042000128010F0030C3FF4CFAFCCF1040CBCF100
:10043000020F18BF00F8012BA8BF20F8022BA1EB78
:100440000C01FFF7C1BF5FEAC17C24BF00F8012B9C
:1004500000F8012B48BF00F8012B7047754600F0EB
:100460002BF8AE4605006946534620F00700854646
:1004700018B020B5FFF702FFBDE820404FF000069E
:100480004FF000074FF000084FF0000B21F007017C
:10049000AC46ACE8C009ACE8C009ACE8C009ACE8BF
:1004A000C0098D46704710B50446AFF30080204662
:1004B000BDE81040FFF781BE00487047304400207F
:1004C00001491820ABBEFEE726000200704770B558
:1004D000044600252068806800F0010018B32068F9
:1004E000806820F001002168886002F02FF905463D
:1004F00013E002F02BF9401B02280ED92068806817
:1005000000F0010048B1A06A40F01000A062E06A6B
:1005100040F00100E062012070BD2068806800F0BA
:1005200001000028E5D10020F6E7000038B50446B8
:100530000025002000902068806800F0010078BB52
:100540002068806840F001002168886019480068D0
:100550001949B0FBF1F0009002E00098401E0090B5
:1005600000980028F9D102F0F1F8054619E002F0F0
:10057000EDF8401B022814D92068806800F00100C3
:1005800078B9A06A40F01000A062E06A40F0010073
:10059000E06200BF002084F8240000BF012038BDC5
:1005A00005E02068806800F001000028DFD000200E
:1005B000F5E700001800002040420F0000BFFEE7F2
:1005C00010B5024801F002FD10BD000078030020C4
:1005D00010B5024801F0FAFC10BD00003403002001
:1005E00010B5024801F0F2FC10BD0000BC03002071
:1005F00010B5024801F0EAFC10BD00000004002024
:1006000030B590F840500124AC40C56B6C60046874
:1006100063604468102C04D10468A2600468E1603F
:1006200003E00468A1600468E26030BD014609B9D6
:10063000002070471148807D08B90020F9E70F4875
:10064000407808700D48801C0268C1F8012042689B
:10065000C1F805200089A1F8090009480A6802606C
:100660004A6842600A8902818A7A82720020044ABA
:10067000D072024A90750120DBE70000F0410020B3
:10068000843900202DE9F04104460D4616460C48F9
:100690000021C160016181825DB10A2E01D90A2069
:1006A00000E0304607463A46294605480C30FFF739
:1006B0000AFE2146002004F0C1FBBDE8F0810000E5
:1006C000F041002010B52148008E50B92048007834
:1006D00030B10021082004F0B5FA00201C49087050
:1006E00010BD1A48008E4FF6FF7188420AD1184893
:1006F000007830B91749082004F0A4FA0120144901
:100700000870EDE71248007858B904F007F912496B
:1007100008601049082004F095FA01200C4908707F
:10072000DEE704F0FBF804460B480068201A07498E
:10073000098E884208D30021082004F083FA0020A3
:10074000024908860249087000BFC9E7B439002091
:10075000A00000200000C8429C00002010B504F05A
:1007600041F90021012000F005F90121002000F0ED
:1007700001F900F0B5F80020054908860549087020
:10078000054908600021082004F05CFA10BD000053
:10079000B4390020A00000209C00002070B504F0B7
:1007A000BDF80646002492E0204600F0CFF805464A
:1007B000002D72D00120484901EB0411087004EBB0
:1007C0004400464911F82000B0B9012004EB44016F
:1007D000424A02F8210004EB4400114601EB80007C
:1007E0004660002004EB440102EB8101087204EB37
:1007F000440102EB8101487204EB4400374901EBEC
:100800008000007AD0B904EB44000A4602EB800075
:100810004168304605F0D7F832280FD3012004EBA9
:1008200044012E4A02EB810108722B4800EB0410B0
:100830004068401C284901EB0411486004EB440067
:10084000264901EB8000007A28B304EB440001EB59
:100850008000407AF8B904EB44000A4602EB8000BD
:100860004168304605F0AFF8B0F57A7F2DD301200E
:1008700004EB4401194A02EB81014872164901EB6D
:1008800004114870144800EB0410C068401C124961
:1008900001EB0411C86018E0FFE700200E4901EBEE
:1008A000041108700C4901EB0411487004EB440179
:1008B0000A4A02F8210004EB440102EB81010872AC
:1008C00004EB440102EB81014872601CC4B2032CAA
:1008D000FFF46AAF70BD0000B439002090390020E9
:1008E00010B504F01BF80446002028E0002100EBBE
:1008F0004002144B03F8221000EB40011A4602EBB1
:1009000081014C60002100EB400203EB8202517236
:1009100000EB400203EB820211720B4A02EB001261
:100920001170094A02EB00125170074A02EB0012E3
:100930005160054A02EB0012D160411CC8B2032885
:10094000D4D310BD90390020B439002010B504462E
:10095000204600F005F808B9012010BD0020FCE792
:1009600010B504460249085D04F000F810BD00000F
:10097000088F000870B504460D460DB9012000E04F
:10098000002006460249085D314604F009F870BDB2
:100990000B8F000800200CE0002106E00022064B2F
:1009A00003EBC0135A544A1CD1B28029F6D3411C20
:1009B000C8B20828F0D37047E839002010B50446C3
:1009C00024B90021A62005F00CF803E00021A7209F
:1009D00005F007F810BD000010B500218D2005F0CE
:1009E00000F80021142004F0FCFF0021AF2004F0E7
:1009F000F8FF01200149087010BD0000A10000208F
:100A000010B5044644B90021C82004F0EAFF0021D3
:100A1000A12004F0E6FF07E00021C02004F0E1FF80
:100A20000021A02004F0DDFF10BD0000F0B50B4652
:100A3000D90803F007050126AE40F4B24AB10A4EC8
:100A400006EBC116365C2643074F07EBC1173E5431
:100A500008E0054E06EBC116365CA643024F07EBD5
:100A6000C1173E54F0BD0000E839002010B504F075
:100A700057F80021AE2004F0B4FF0021084604F02E
:100A8000B0FF0021102004F0ACFF0021402004F052
:100A9000A8FF0021812004F0A4FF0021CF2004F052
:100AA000A0FF0021A12004F09CFF0021C82004F039
:100AB00098FF0021A62004F094FF0021A82004F054
:100AC00090FF00213F2004F08CFF0021D32004F090
:100AD00088FF0021084604F084FF0021D52004F09F
:100AE00080FF0021802004F07CFF0021D92004F049
:100AF00078FF0021F12004F074FF0021DA2004F0D7
:100B000070FF0021122004F06CFF0021DB2004F0B4
:100B100068FF0021302004F064FF0021202004F051
:100B200060FF0021022004F05CFF00218D2004F012
:100B300058FF0021142004F054FFFFF72BFF002181
:100B4000AF2004F04EFFFFF747FF0020FFF736FF0E
:100B50000020FFF755FF10BD38B5002419E004F15F
:100B6000B001C8B2002104F03CFF0021084604F0A7
:100B700038FF0021102004F034FF80200090064848
:100B800000EBC41340227821002004F00DF8601C13
:100B9000C4B2082CE3D338BDE83900202DE9F04F6A
:100BA0000746884615469946202D01DB7E2D00DD3F
:100BB0002025A5F1200000F0FF0A00242AE00AEB1E
:100BC0004A00164901EB400010F804B000261DE071
:100BD0000BF0010040B108EB0602D1B23A19D0B2D5
:100BE0004A46FFF723FF0DE0B9F1000F01D10123C1
:100BF00000E000231A4608EB0603D9B23B19D8B22D
:100C0000FFF714FF4FEA6B0B701CC6B2082EDFD340
:100C1000601CC4B2062CD2D3BDE8F08F0D8F000843
:100C20002DE9F0470646884617461D4600241AE07F
:100C3000281B401EC1B20A2004F0C8FEB7FBF0F02A
:100C40000A21B0FBF1F201FB120909F13001CAB22D
:100C500004EB440106EB4101C8B201234146FFF712
:100C60009DFF601CC4B2AC42E2DBBDE8F0872DE919
:100C7000F0410546884616462F46344608E022785D
:100C8000012341463846FFF789FFB81DC7B2641CEF
:100C900020780028F3D1BDE8F081000010B50020D5
:100CA0000749087007490870074908600749087034
:100CB000487048600649012004F034F910BD000076
:100CC000A4000020A6000020A8000020AC00002006
:100CD000095A00082DE9F04105460F46164605EB76
:100CE000C500244901EB8004C6B9002004F8200F98
:100CF0006070A070203C2049485D40F2DC5103F058
:100D0000FDFF002005EB45011C4A02F8210005EB20
:100D1000450102EB81010872BDE8F08194F82200E0
:100D2000042800D3F8E794F8210004F8307094F810
:100D3000210004EBC000466014F8210F401C00F0B5
:100D4000030020706078401C6070213C05EB45007A
:100D50000A4911F8200018B9284604F099FE07E066
:100D600094F8220005EB4501044A02EB8101087268
:100D700000BFD1E7E83D002035910008303E00205B
:100D800010B5002418E004EB44000D4911F82000D0
:100D900000B90FE004EB4402094B03EB82025168F7
:100DA000084A52F8240003F05BFE10B1204604F01C
:100DB0006FFE00BF601CC4B2022CE4D310BD000063
:100DC000303E0020B400002010B50248006800F05A
:100DD00061FB10BD2801002070477FB505460E4617
:100DE00000242146641C0DF80150F3222146641CA6
:100DF0000DF80120AB222146641C0DF801200EB134
:100E0000012200E000222046611CCCB20DF8002037
:100E100000222046611CCCB20DF800206B22204637
:100E2000611CCCB20DF8002022466946012004F076
:100E30004DF87FBD10B528210F48FFF7C3FA0D21EB
:100E40000E48FFF7BFFA00200D49087001200A493B
:100E5000087002200875002008490870094901201F
:100E600004F060F801210846FFF7B7FF01210220D6
:100E7000FFF7B3FF10BD0000483E0020703E002089
:100E8000D80000203162000870B5054600242146D4
:100E9000641C0848455436222146641C42546B2287
:100EA0002146641C425422460146012004F00EF8FB
:100EB00070BD00007D3E002070B50546002421462F
:100EC000641C0848455435222146641C42546B2258
:100ED0002146641C425422460146012003F0F6FFDD
:100EE00070BD00007D3E00202DE9FF5F07460D46E6
:100EF000904699464FEAD57B002D02DA684280B2CF
:100F000000E0A8B2824600244FF4486009FB00F6D6
:100F10002146641C0DF80170FD222146641C0DF869
:100F200001202146641C0DF801B04FEA2A22214617
:100F3000641C0DF801200AF0FF022146641C0DF824
:100F400001202146641C0DF80180320E2146641CEC
:100F50000DF80120C6F307422046611CCCB20DF803
:100F60000020C6F307222046611CCCB20DF80020F9
:100F7000F2B22046611CCCB20DF8002002222046BD
:100F8000611CCCB20DF8002000222046611CCCB2BE
:100F90000DF800206B222046611CCCB20DF8002019
:100FA00022466946012003F091FFBDE8FF9F000043
:100FB00010B51D480078062820D2DFE800F00308AD
:100FC0000D12171B19490878FFF776FF1EE0174925
:100FD0000878FFF759FF19E01449087DFFF76CFF07
:100FE00014E01249087DFFF74FFF0FE0104805F0AD
:100FF0001BF90BE00F4805F017F907E000200A493C
:1010000008700A490878FFF757FF00BF00BF06487D
:101010000078401C0449087008460078062801D36F
:101020000020087010BD0000D8000020483E0020BD
:10103000C90D0008D90D000870B504460D461348C7
:10104000007808B904F08EFD022C00D370BDB5F510
:101050007A7F02DD4FF47A7503E015F57A7F00DAC6
:101060000B4D04EB44010B4A8818294604F098FD07
:10107000284604F06FFD064604EB4401054A505C27
:10108000314603F03BFE00BFE0E70000CC0000204B
:1010900018FCFFFF37910008704772B600BFFEE7EB
:1010A0000021074AD1610749096941F00401054A55
:1010B00011611146096941F040011161704700005A
:1010C00090040020002002400021074AD161074916
:1010D000096941F00201054A116111464861096937
:1010E00041F040011161704790040020002002404F
:1010F0000022054BDA61054A126942F00102034BF6
:101100001A61018070470000900400200020024016
:1011100000201E49C96801F0100139B11C49C96994
:1011200041F002011A4AD16140F010001749C96824
:1011300001F0040139B11649C96941F00101144AAD
:10114000D16140F004001149C96901F0010169B1A0
:101150000F49C96941F004010D4AD16100BF0B4933
:10116000C96921F00101094AD16100BF00BF40F205
:101170000111884206D10549C96921F00101034ADC
:10118000D16101E00149C86000BF70470020024002
:101190009004002070B5044601F0D8FA054609E035
:1011A000601C38B124B101F0D1FA401BA04201D932
:1011B000032070BD1248C06800F001000028EFD184
:1011C0000F48C06800F0200020B100BF20200C496B
:1011D000C86000BF0A48C06800F0100048B908485D
:1011E000C06900F0010020B90548C06800F00400A3
:1011F00018B1FFF78DFF0120DBE70020D9E70000E1
:101200000020024010B558210C48FFF7DBF80920F8
:101210000A4908700A20C8720B2088750C2081F8D2
:101220002100132081F82C00142081F837001520AC
:1012300081F84200162081F84D0010BD4842002080
:101240003EB503F07BFE6846FFF7F0F900B93EBDFE
:101250009DF80000132803D39DF80000162800D93C
:10126000F5E79DF800000F38C4B204EB440000EB32
:10127000C40037490844DDF8011040F8011FDDF8CB
:1012800005104160BDF8091001813149D1F82D00E8
:1012900004F08CFB2F4988642D49D1F8310004F00B
:1012A00085FB2C49C8642A4890F8350081F8440031
:1012B000274890F83610274841652549886B04F087
:1012C00075FB244988652249C86B04F06FFB2149EE
:1012D000C8651F4890F840101E4801661C4890F8E9
:1012E00041101C4841661A49D1F8430004F05EFBE6
:1012F000184988661649D1F8470004F057FB15498C
:10130000C866134890F84B1012480167104890F8CF
:101310004C10104841670E49D1F84E0004F046FBCE
:101320000C4988670A49D1F8520004F03FFB09498B
:10133000C867074890F856100648C0F8801004485F
:1013400090F857100348C0F8841000BF7FE70000F2
:1013500048420020A042002010B53248406832497F
:10136000C1F801002F4881682F48C0F805102D48AA
:10137000017B2D4841722B48017C2B488172294802
:1013800041692948C160274881692748016125488A
:10139000017F25480175234890F8201022484175A7
:1013A0002048416A2048C0F817101E48816A1E482C
:1013B000C0F81B101B4890F82C101B48C177194827
:1013C00090F83010184880F820101648416B1648E5
:1013D000C0F822101348816B1348C0F8261011483A
:1013E00090F83C10104880F82A100E4890F84010F1
:1013F0000D4880F82B10002410E004EB440202EBAF
:10140000C402094B1A44511C04EB440202EBC4020F
:10141000985C0A22FFF736F9601CC4B2042CECD3A6
:1014200010BD0000A04200204842002010B5FFF788
:1014300007FFFFF791FF10BD10B5002005490860B8
:1014400005490860054908700549087004F004FC66
:1014500010BD0000F8000020FC000020000100206A
:101460000101002010B50020064908600649086007
:10147000064908700649087004F0EEFBFFF7DCFF30
:1014800010BD0000F8000020FC000020000100203A
:10149000010100202DE9F047054625480078012884
:1014A00001D1BDE8F08723480168284607F062FCB7
:1014B00006460021304607F02BFB02D286F00040A2
:1014C00000E0304680461C49404607F055FB824606
:1014D0004FF0804107F026FA07464FF07C5138461E
:1014E00007F0B2F9824607F0DFFA044624B9114842
:1014F000056004F0B1FBD4E70021304607F008FC9A
:1015000001D20E4801E040F6B83081460C48056033
:1015100001200749087000200A4908702346FA2272
:1015200049460120FFF7E0FC04F096FB00BFB8E756
:1015300000010020F80000200000204148F4FFFFD7
:10154000FC0000200101002010B51048B0F908404F
:101550000A2C02DC14F10A0F05DA01200C4908708C
:101560000C4908700FE00B48007860B1084800781B
:10157000012803D108480068084908600020044990
:1015800008700449087004F067FB10BD483E002055
:101590000001002001010020FC000020F8000020D4
:1015A000F8B5044600260020009000BF94F82400FF
:1015B000012801D10220F8BD012084F8240000BFD9
:1015C0002046FEF784FF06462046FEF7AFFF06469C
:1015D000002E69D1A06A20F4885040F00200A06279
:1015E000022001F0BBF934490968B1FBF0F040007A
:1015F000009002E00098401E009000980028F9D169
:101600002068806840F008002168886001F09EF83A
:10161000054616E001F09AF8401B0A2811D9206807
:10162000806800F0080060B1A06A20F0020040F07D
:101630001000A06200BF002084F8240000BF012039
:10164000B9E72068806800F008000028E2D120682F
:10165000806840F004002168886001F077F8054652
:1016600016E001F073F8401B0A2811D92068806841
:1016700000F0040060B1A06A20F0020040F0100009
:10168000A06200BF002084F8240000BF012092E780
:101690002068806800F004000028E2D1A06A20F0F1
:1016A000020040F00100A06200BF002084F8240086
:1016B00000BF30467FE700001800002038B5024622
:1016C00000230020009000BF92F82400012801D1DF
:1016D000022038BD012082F8240000BF4868072896
:1016E00012D21068406B0C79641E04EB84051F2431
:1016F000AC40A0430D796D1E05EB85050C68AC4030
:1017000020431468606327E048680D2812D21068EF
:10171000006B0C79E41F04EB84051F24AC40A0434C
:101720000D79ED1F05EB85050C68AC40204314686E
:10173000206311E01068C06A0C790D3C04EB84054D
:101740001F24AC40A0430D790D3D05EB85050C68C9
:10175000AC4020431468E06208680A2812D310687D
:10176000C0680C780A3C04EB44050724AC40A04355
:101770000D780A3D05EB45058C68AC4020431468A4
:10178000E0600FE0106800690C7804EB4405072462
:10179000AC40A0430D7805EB45058C68AC40204378
:1017A000146820610868102802D00868112827D121
:1017B000174C1068A0421ED11068806800F4000029
:1017C000F0B91068806840F400001468A0600868F0
:1017D000102815D10F4800680F4CB0FBF4F000EB57
:1017E00080004000009002E00098401E00900098A9
:1017F0000028F9D104E0906A40F0200090620123B3
:1018000000BF002082F8240000BF184661E70000F6
:10181000002401401800002040420F0001460868E3
:10182000C06C70472DE9F0410446002700250026D2
:10183000A84614B90120BDE8F081A06810B1207D50
:1018400000B100BFA06A30B90020E06284F8240033
:10185000204600F089F82046FEF739FE0746A06AC8
:1018600000F01000002873D1002F71D1A06A20F47D
:10187000885040F00200A062E16960680843217B63
:1018800040EA41000643A068B0F5807F02D0A0681E
:10189000012802D14FF4807000E000200543207D34
:1018A000012811D1207B38B9A069401E4FF4006196
:1018B00041EA4030054307E0A06A40F02000A06202
:1018C000E06A40F00100E0622068406820F469406E
:1018D00028432168486020688068214908403043D7
:1018E00021688860A068B0F5807F02D0A0680128D8
:1018F00002D14FF4807000E00020B0F5807F03D16A
:10190000208A401E4FEA00582068C06A20F4700008
:1019100040EA08002168C8622068806811490840D0
:10192000B04208D10020E062A06A20F0020040F03E
:101930000100A06211E0A06A20F0020040F0100057
:10194000A062E06A40F00100E062012705E0FFE7E5
:10195000A06A40F01000A062012738466BE7000043
:10196000FDF7E1FFFE0E1FFF10B586B00446002014
:10197000029003900490059014492068884222D177
:1019800000BF1348806940F400701149886108461F
:10199000806900F40070019000BF00BF00BF0846DE
:1019A000806940F0040088610846806900F0040006
:1019B000019000BF00BF012002900320039002A904
:1019C000044800F025FD06B010BD000000240140D1
:1019D0000010024000080140F8B504460D460026FC
:1019E00000200090002700F0B1FE064620688068C5
:1019F00000F4807050B1A06A40F02000A06200BFE7
:101A0000002084F8240000BF0120F8BD2068406851
:101A100000F4807020BB2068C06A00F47000F8B940
:101A200017E0681CA8B125B100F090FE801BA84209
:101A30000FD92068006800F0020050B9A06A40F099
:101A40000400A06200BF002084F8240000BF03202F
:101A5000DBE72068006800F002000028E1D053E0D6
:101A6000022000F07BFF38490968B1FBF0F02168E3
:101A70000969364A114091B92168C968921111402B
:101A800069B921680969324A114031B92168C968C8
:101A90009211114009B9142117E0292115E021689C
:101AA00009692B4A114021B92168C9689211114076
:101AB00041B121680969274A114029B92168C968DB
:101AC000114009B9542100E0FC2100FB01F718E0A6
:101AD000681C98B125B100F039FE801BA8420DD9D1
:101AE0000098B8420AD2A06A40F00400A06200BF89
:101AF000002084F8240000BF032086E70098401CE3
:101B000000900098B842E3D36FF01200216808609B
:101B1000A06A40F40070A0622068806800F4602031
:101B2000B0F5602F0DD1207B58B9A06A20F48070E9
:101B3000A062A06A00F4805018B9A06A40F00100C9
:101B4000A062002061E700001800002024499224D0
:101B5000922449124992240070B50446002500BF22
:101B600094F82400012801D1022070BD012084F8DE
:101B7000240000BF2046FEF7D9FC0546002D77D192
:101B8000A06A40F20121884340F48070A0623C4981
:101B90002068884208D13B48006800F4702008B9EA
:101BA000012002E0002000E0012078B1A06A20F4CA
:101BB0008010A0622068406800F4806000B3A06AD2
:101BC00020F4005040F48050A06219E0A06A40F474
:101BD0008010A0622B49091F2068884203D0284941
:101BE0002068884204D12748006800F4806000E043
:101BF000002028B1A06A20F4005040F48050A06278
:101C0000A06A00F4805020B1E06A20F00600E06293
:101C100001E00020E06200BF002084F8240000BF43
:101C2000C01E216808602068806800F46020B0F55C
:101C3000602F16D112492068884208D111480068E7
:101C400000F4702008B9012002E0002000E001202B
:101C500038B12068806840F4A000216888600CE0FA
:101C600006E02068806840F480102168886004E005
:101C700000BF002084F8240000BF284675E700005C
:101C8000002801400424014070B50446002500BF2F
:101C900094F82400012801D1022070BD012084F8AD
:101CA000240000BF2046FEF712FC05462DB9A06AAD
:101CB00020F4885040F00100A06200BF002084F8AA
:101CC000240000BF2846E8E770B504460CB901209F
:101CD00070BD94F8200010B9204600F0AFF82068DD
:101CE000006840F001002168086000F02FFD054603
:101CF0000DE000F02BFD401B0A2808D9606A40F473
:101D000000306062052084F820000120E0E72068B0
:101D1000406800F001000028EBD02068006820F047
:101D200002002168086000F011FD05460DE000F09A
:101D30000DFD401B0A2808D9606A40F4003060623B
:101D4000052084F820000120C2E72068406800F0E8
:101D500002000028EBD1207E012806D1206800680F
:101D600040F080002168086005E02068006820F0ED
:101D7000800021680860607E012806D12068006824
:101D800040F040002168086005E02068006820F00D
:101D9000400021680860A07E012806D12068006804
:101DA00040F020002168086005E02068006820F00D
:101DB000200021680860E07E012806D120680068C4
:101DC00020F010002168086005E02068006840F0FD
:101DD000100021680860207F012806D12068006873
:101DE00040F008002168086005E02068006820F0E5
:101DF000080021680860607F012806D1206800681B
:101E000040F004002168086005E02068006820F0C8
:101E1000040021680860D4E90201084321690843ED
:101E2000616908436168491E08432168C861002050
:101E30006062012084F82000002049E710B586B0D8
:101E40000446002002900390049005901A492068EF
:101E500088422ED100BF1948C06940F00070174970
:101E6000C8610846C06900F00070019000BF00BF63
:101E700000BF0846806940F0040088610846806918
:101E800000F00400019000BF00BFC81402900020C1
:101E90000390049002A90A4800F0BAFA4FF4805067
:101EA0000290022003900320059002A9044800F04C
:101EB000AFFA06B010BD0000006400400010024000
:101EC000000801400146002291F82100022808D0B4
:101ED0000420886300BF002081F8200000BF01209B
:101EE00070470868006820F00E000B6818600868EA
:101EF000006820F001000B68186091F84030012064
:101F00009840CB6B5860012081F8210000BF002071
:101F100081F8200000BF1046E2E7000070B50446DB
:101F2000002594F82100022803D00420A063012595
:101F300048E02068006820F00E00216808602068F2
:101F4000006820F00100216808601F49206888426D
:101F500001D1012026E01C4914312068884201D1BA
:101F600010201FE0184928312068884201D18015CF
:101F700018E015493C312068884201D1801411E0F5
:101F8000114950312068884202D14FF4803009E075
:101F90000D4964312068884202D14FF4801001E07D
:101FA0004FF08070084908394860012084F821000A
:101FB00000BF002084F8200000BF606B10B12046F5
:101FC000616B8847284670BD0800024070B5044622
:101FD000E06B05682068066894F84010042088408B
:101FE0002840002846D006F00400002842D020688F
:101FF000006800F0200028B92068006820F0040084
:102000002168086057492068884201D1042027E0F0
:10201000544914312068884201D1402020E05149C0
:1020200028312068884201D1001519E04D493C3122
:102030002068884202D14FF4804011E04949503174
:102040002068884202D14FF4802009E0454964317C
:102050002068884202D14FF4800001E04FF0806098
:10206000404908394860E06A00287AD02046E16A91
:10207000884776E094F84010022088402840A0B3BA
:1020800006F0020088B32068006800F0200040B924
:102090002068006820F00A0021680860012084F8A8
:1020A000210030492068884201D1022028E02D49D2
:1020B00014312068884201D1202021E029492831AB
:1020C0002068884201D140151AE026493C31206839
:1020D000884202D14FF4005012E02249503120686A
:1020E000884203D14FF400300AE017E01D49643103
:1020F0002068884202D14FF4001001E04FF00070D8
:1021000018490839486000BF002084F8200000BF4B
:10211000A06A30B32046A16A884722E094F84010B4
:10212000082088402840E0B106F00800C8B12068C7
:10213000006820F00E002168086094F8401001202B
:102140008840E16B48600120A06384F8210000BF53
:10215000002084F8200000BF206B10B12046216BC6
:10216000884770BD080002400146002209B90120DD
:102170007047164B0868C01A1423B0FBF3F08000B8
:10218000086412480838C863022081F821000868F2
:10219000026843F6F0708243D1E901031843CB682B
:1021A00018430B6918434B6918438B691843CB6973
:1021B000184302430868026000208863012081F808
:1021C0002100002081F8200000BFD1E70800024074
:1021D0002DE9F04104460D4616461F464FF0000813
:1021E00000BF94F82000012802D10220BDE8F08150
:1021F000012084F8200000BF94F8210001282CD190
:10220000022084F821000020A0632068006820F0EC
:102210000100216808603B46324629462046FEF709
:10222000EFF9E06A30B12068006840F00E002168E4
:1022300008600BE02068006820F004002168086056
:102240002068006840F00A00216808602068006883
:1022500040F001002168086006E000BF002084F81B
:10226000200000BF4FF002084046BFE72DE9F041D3
:1022700004460E460127002500BF2648007E01289F
:1022800002D10220BDE8F08101202249087600BF7A
:102290002068022813D14CF25030FEF77BFF90BB30
:1022A0000120FEF7FDFE4CF25030FEF773FF0746AB
:1022B0001948006920F004001749086123E04CF236
:1022C0005030FEF767FFF0B94FF0FF303060A5687F
:1022D00012E02846FEF7F8FE4CF25030FEF75AFFA7
:1022E00007460D48006920F002000B4908610FB154
:1022F000356007E005F58065D4E9021001EB802028
:10230000A842E6D800BF00BF00200249087600BFFF
:102310003846B7E7900400200020024003480069D7
:1023200040F0800001490861002070470020024011
:102330002DE9FE4F05468B46174698460126002498
:102340000020029000BF2448007E012802D1022014
:10235000BDE8FE8F01202049087600BF4CF25030C6
:10236000FEF718FF064686BB012D02D10120029020
:1023700006E0022D02D10220029001E0042002902A
:1023800000241EE02201B946C24648465146FDF7E8
:1023900087FF80B20190022000FB04B000900199F9
:1023A000FEF7A6FE4CF25030FEF7F4FE06460B4850
:1023B000006920F001000949086106B104E0601CD1
:1023C000C4B202988442DDDB00BF00BF0020024996
:1023D000087600BF3046BBE7900400200020024092
:1023E00000200849096901F0800151B10649054AF8
:1023F0005160064951601146096901F0800101B13F
:10240000012070470020024023016745AB89EFCDD2
:102410002DE9F8470346002294466EE14FF001088B
:1024200008FA02F4D1F8008008EA0400A0427DD145
:10243000DFF8DCA2D1F80480A8EB0A09D0453AD035
:1024400014DCB8F1030F50D009DCB8F1000F31D023
:10245000B8F1010F1CD0B8F1020F49D120E0B8F15A
:10246000110F18D0B8F1120F42D11EE0B9F5881F34
:1024700025D006DCB9F5803F20D0B9F5801F37D1D3
:102480001AE0B9F5001F18D0B9F5041F30D117E0D4
:10249000D1F80CC02DE0D1F80C8008F1040C28E034
:1024A000D1F80C8008F1080C23E0D1F80C8008F179
:1024B0000C0C1EE000BF00BF00BF00BF00BF00BF8C
:1024C000D1F80880B8F1000F02D14FF0040C0BE0F6
:1024D000D1F80880B8F1010F03D14FF0080C1C614E
:1024E00002E04FF0080C5C6103E04FF0000C00E0EC
:1024F00000BF00BFFF2801D8984601E003F104089F
:102500004646FF2802D84FEA820803E0A2F10808F5
:102510004FEA88084746D6F800804FF00F0909FABD
:1025200007F928EA09080CFA07F900E088E048EA08
:102530000908C6F80080D1F8048008F08058B8F186
:10254000805F7DD100BFDFF8CC81D8F8188048F0DB
:102550000108DFF8C091C9F81880C846D8F818807B
:1025600008F00108CDF8008000BF00BF4FEAB9387D
:102570004FEA920958F829504FEA82784FEA1879C1
:102580004FF00F0808FA09F825EA0805DFF88881F6
:10259000434502D14FF0000816E0DFF88081434543
:1025A00002D14FF001080FE0DFF87481434502D1FA
:1025B0004FF0020808E0DFF86C81434502D14FF08C
:1025C000030801E04FF004084FEA82794FEA1979D5
:1025D00008FA09F848EA0505DFF84C814FEA920944
:1025E00048F82950D1F8048008F48018B8F5801F05
:1025F0000AD1DFF83881D8F8008048EA0008DFF80F
:102600002C91C9F8008009E0DFF82081D8F800801B
:1026100028EA0008DFF81491C9F80080D1F8048096
:1026200008F40018B8F5001F10D1DFF8008108F198
:102630000408D8F8008048EA0008DFF8F09000E0CD
:102640005AE009F10409C9F800800DE0DFF8DC80E8
:1026500008F10408D8F8008028EA0008DFF8CC90D8
:1026600009F10409C9F80080D1F8048008F40038A1
:10267000B8F5003F0ED1DFF8B480A8F10408D8F80F
:10268000008048EA0008DFF8A490A9F10409C9F81D
:1026900000800DE0DFF89480A8F10408D8F80080ED
:1026A00028EA0008DFF88490A9F10409C9F800803D
:1026B000D1F8048008F48038B8F5803F0ED1DFF8F7
:1026C0006C80A8F10808D8F8008048EA0008DFF814
:1026D0005C90A9F10809C9F800800DE0DFF84C8092
:1026E000A8F10808D8F8008028EA0008DFF83C9034
:1026F000A9F10809C9F80080521CD1F8008028FA15
:1027000002F8B8F1000F7FF489AEBDE8F887000049
:10271000000011100010024000080140000C0140B0
:10272000001001400014014008000140080401406D
:10273000024693680B400BB1012000E00020704777
:102740000AB1016101E00B040361704701480068B0
:10275000704700000C000020034800680349097816
:1027600008440149086070470C0000201400002054
:1027700010B50848006840F01000064908600320C2
:1027800000F0D8F80F2000F007F800F055F800200E
:1027900010BD000000200240F0B587B004460026BE
:1027A0000027002500BF1F48806940F400601D49D4
:1027B00088610846806900F40060009000BF00BF97
:1027C00001A902A800F0A6FA00F0DCFA06461648B5
:1027D000B6FBF0F0471E15481549086040F2E73196
:1027E0001348C1604760002101618160816100F090
:1027F00087FD054695B90E4800F0F4FD05466DB914
:10280000192000F049F8102C07D200222146192087
:1028100000F052F80748046000E00125284607B0A0
:10282000F0BD00000010024040420F00002C0140AB
:10283000440400201000002008B500BF144880693F
:1028400040F00100124988610846806900F00100EB
:10285000009000BF00BF00BF0846C06940F0805034
:10286000C8610846C06900F08050009000BF00BFFA
:1028700000220F21901E00F01FF800BF0549486894
:1028800020F0E06040F00070486000BF08BD00002C
:10289000001002400000014001460846002809DB04
:1028A00000F01F0301229A4043099B0003F1E0233B
:1028B000C3F8002100BF70472DE9F05F80460D4648
:1028C0001646002703F0D6F9074639462A4633460E
:1028D00001F00700C0F1070ABAF1040F02D94FF066
:1028E000040A01E0C0F1070AD14600F1040ABAF176
:1028F000070F02D24FF0000A01E0A0F1030AD4460C
:102900004FF0010A0AFA09FAAAF1010A0AEA020AD0
:102910000AFA0CFA4FF0010B0BFA0CFBABF1010BAE
:102920000BEA030B4AEA0B042146404603F0AAF9DE
:10293000BDE8F09F00BF00F00702064B19684FF694
:10294000FF031940044B0B4343EA0221014B19607A
:1029500000BF70470CED00E00000FA052DE9F047DC
:1029600006464FF00008002500270024A146012E4E
:1029700031D0022E56D0102E5FD132484468006804
:1029800000F0807008B33048C4F38341475C04F41E
:10299000803078B12B484068C0F340402B4911F893
:1029A000008004F4803040B12948B0FBF8F000FB0F
:1029B00007F502E0274807FB00F52248406800F4CD
:1029C0008000B0F5800F01D1A94603E06800032123
:1029D000B0FBF1F932E01B48046A04F44070B0F532
:1029E000807F05D104F0020010B14FF4004918E0D7
:1029F00004F44070B0F5007F07D11248406A00F03F
:102A0000020010B149F640490BE004F44070B0F503
:102A1000407F06D10B48006800F4003008B14FF247
:102A200024490BE000F0AEF906494968C1F3813151
:102A3000491C4900B0FBF1F900E000BF00BF484667
:102A4000BDE8F08700100240DE8E0008EE8E000820
:102A500000127A0000093D00F8B504460026002562
:102A6000207800F0010000286BD000274348C0699F
:102A700000F0805070B900BF4048C06940F08050FD
:102A80003E49C8610846C06900F08050009000BF10
:102A900000BF01273A48006800F48070B0B9384898
:102AA000006840F4807036490860FFF74FFE064624
:102AB00006E0FFF74BFE801B642801D90320F8BD18
:102AC0002F48006800F480700028F2D02B48006A7C
:102AD00000F440752DB3A08800F44070A84220D0C7
:102AE0002648006A20F4407501202649086000202D
:102AF00008602248056205F0010090B1FFF726FE4C
:102B0000064608E0FFF722FE801B41F2883188422A
:102B100001D90320D3E71948006A00F00200002819
:102B2000F0D01648006A20F44070616808431349E9
:102B30000862012F04D10846C06920F08050C861A6
:102B400000BF207800F00200022807D10B4840683F
:102B500020F44040A168084308494860207800F00C
:102B60001000102807D10548406820F48000E16873
:102B70000843024948600020A1E70000001002401D
:102B8000007000404004424270B504460D460CB946
:102B9000012070BD5A48006800F00700A8420ED21C
:102BA0005748006820F00700284355490860084648
:102BB000006800F00700A84201D00120E9E7207872
:102BC00000F0020002281DD1207800F00400042843
:102BD00005D14C48406840F4E0604A49486020789C
:102BE00000F00800082805D14648406840F46050CD
:102BF000444948604348406820F0F000A168084319
:102C000040494860207800F0010078B360680128EE
:102C100006D13C48006800F4003090B90120B8E7C4
:102C20006068022806D13748006800F0007040B99B
:102C30000120AEE73348006800F0020008B9012027
:102C4000A7E73048406820F00300616808432D4939
:102C50004860FFF77BFD064609E0FFF777FD801B24
:102C600041F28831884202D9032092E707E02548E3
:102C7000406800F00C006168B0EB810FEDD1204896
:102C8000006800F00700A8420ED91D48006820F037
:102C9000070028431A4908600846006800F007004A
:102CA000A84201D0012074E7207800F00400042835
:102CB00007D11448406820F4E060E16808431149F6
:102CC0004860207800F00800082808D10D484068C6
:102CD00020F46050216940EAC1000A49486000F0D0
:102CE00061F808494968C1F30311074A515CC840BB
:102CF0000649086006480068FFF74EFD002048E7D7
:102D00000020024000100240F08E00081800002051
:102D1000100000200F2202600D4A526802F00302E8
:102D200042600B4A526802F0F0028260084A526820
:102D300002F4E062C260064A526802F46052D208AD
:102D40000261044A126802F007020A60704700003C
:102D50000010024000200240014800687047000057
:102D60001800002000B5FFF7F7FF04494968C1F3D8
:102D70000221034A515CC84000BD0000001002401F
:102D8000008F000800B5FFF7E7FF04494968C1F369
:102D9000C221034A515CC84000BD0000001002403F
:102DA000008F000870B500210022002400230020BD
:102DB000134D696801F00C05F5B1042D02D0082D02
:102DC00019D101E00F4819E00F4DC1F38346AB5D07
:102DD00001F4803555B10A4D6D68C5F340450B4E81
:102DE000725D084D5D43B5FBF2F402E0084D03FB54
:102DF00005F4204602E000BF024800BF00BF70BDDE
:102E00000010024000127A00CC8E0008DC8E000810
:102E100000093D00F8B504460CB90120F8BD207842
:102E200000F00100002878D0F848406800F00C005D
:102E300004280CD0F548406800F00C00082811D197
:102E4000F248406800F48030B0F5803F0AD1EF4886
:102E5000006800F4003000285FD0606800285CD172
:102E60000120DBE700BF6068B0F5803F06D1E7488E
:102E7000006840F48030E549086028E0606858B98F
:102E8000E248006820F48030E049086008460068A5
:102E900020F4802008601AE06068B0F5A02F0BD104
:102EA000DA48006840F48020D84908600846006885
:102EB00040F4803008600AE0D448006820F4803094
:102EC000D24908600846006820F48020086000BFEE
:102ED000606888B1FFF73AFC054606E0FFF736FC6C
:102EE000401B642801D9032098E7C848006800F413
:102EF00000300028F2D010E0FFF728FC054606E07D
:102F0000FFF724FC401B642801D9032086E7BF4853
:102F1000006800F400300028F2D1207800F00200B0
:102F2000022857D1B948406800F00C0050B1B748AA
:102F3000406800F00C00082818D1B448406800F43C
:102F4000803098B9B148006800F0020020B12069D3
:102F5000012801D0012061E7AC48006820F0F800AA
:102F6000616940EAC100A949086033E02069E8B11D
:102F70000120A7490860FFF7E9FB054606E0FFF7D7
:102F8000E5FB401B022801D9032047E79F48006862
:102F900000F002000028F2D09C48006820F0F80001
:102FA000616940EAC1009949086013E0002098492E
:102FB0000860FFF7CBFB054606E0FFF7C7FB401BA9
:102FC000022801D9032029E79048006800F0020098
:102FD0000028F2D1207800F0080008282DD1A0693F
:102FE000B8B101208B490860FFF7B0FB054606E049
:102FF000FFF7ACFB401B022801D903200EE78348F2
:10300000406A00F002000028F2D0012001F02EFCFE
:1030100013E000207F490860FFF798FB054606E0B3
:10302000FFF794FB401B022801D90320F6E67748FE
:10303000406A00F002000028F2D1207800F004007D
:10304000042873D100277148C06900F0805070B91E
:1030500000BF6E48C06940F080506C49C8610846A6
:10306000C06900F08050009000BF00BF01276A488F
:10307000006800F48070B0B96748006840F4807060
:1030800065490860FFF762FB054606E0FFF75EFB57
:10309000401B642801D90320C0E65F48006800F4A3
:1030A00080700028F2D000BFE068012806D15748A0
:1030B000006A40F001005549086227E0E06858B90D
:1030C0005248006A20F00100504908620846006A30
:1030D00020F00400086219E0E06805280BD14B4895
:1030E000006A40F00400494908620846006A40F05E
:1030F000010008620AE04548006A20F001004349E7
:1031000008620846006A20F00400086200BFE06818
:10311000A0B1FFF71BFB054609E0FFF717FB401BBB
:1031200041F28831884202D9032077E622E037480D
:10313000006A00F002000028EFD012E0FFF706FB63
:10314000054608E0FFF702FB401B41F28831884248
:1031500001D9032062E62D48006A00F00200002831
:10316000F0D1012F05D12948C06920F080502749AE
:10317000C86100BFE069C8B32448406800F00C0093
:10318000082860D0E069022848D10020204908665C
:10319000FFF7DCFA054606E0FFF7D8FA401B0228E5
:1031A00001D903203AE61948006800F000700028B1
:1031B000F2D1206AB0F5803F07D11448406820F46E
:1031C0000030A168084311494860D4E90801084368
:1031D0000E49496821F4741108430C4948600120E4
:1031E0000B490866FFF7B2FA054607E03DE0FFF736
:1031F000ADFA401B022801D903200FE603480068FE
:1032000000F000700028F2D02FE000000010024013
:1032100000004242800442420070004000201449F5
:103220000866FFF793FA054606E0FFF78FFA401BA2
:10323000022801D90320F1E50E48006800F0007073
:103240000028F2D111E0E069012800D1E6E5094843
:10325000466806F48031206A814204D106F4701178
:10326000606A814201D00120D8E50020D6E5000047
:1032700000004242001002407047704730B50246DD
:103280000B4600BF92F83C00012801D1022030BD5E
:10329000012082F83C0000BF022082F83D00106847
:1032A00044681068816824F070041868044310684A
:1032B0004460104D1068A8420BD01068B0F1804FE8
:1032C00007D00D4D1068A84203D00C4D1068A842DD
:1032D00005D121F080015868014310688160012008
:1032E00082F83D0000BF002082F83C0000BF00BF14
:1032F000CDE70000002C0140000400400008004021
:1033000010B504460CB9012010BD94F83D0028B951
:10331000002084F83C00204600F026F8022084F8C3
:103320003D00211D206801F0BBFE012084F846000D
:1033300000BF84F83E0001213F2001554020015587
:103340004120015500BF00BF012084F84200432006
:103350000155442001554520015500BF012084F846
:103360003D000020D0E7000008B50168B1F1804FB2
:103370000DD100BF1849C96941F00101164AD16158
:103380001146C96901F00101009100BF23E0134A11
:10339000016891420DD100BF0F49C96941F0020196
:1033A0000D4AD1611146C96901F00201009100BFC7
:1033B00011E00B4A016891420DD100BF0649C9696D
:1033C00041F00401044AD1611146C96901F00401C8
:1033D000009100BF00BF08BD001002400004004083
:1033E00000080040014691F83D00012801D001206D
:1033F0007047022081F83D000868C06840F0010075
:103400000B68D860124B086898420BD00868B0F17E
:10341000804F07D00F4B0868984203D00E4B0868C6
:1034200098420CD10868806800F00702062A0CD088
:103430000868006840F001000B68186005E0086843
:10344000006840F001000B6818600020D0E7000021
:10345000002C014000040040000800402DE9F0412C
:1034600004460D46002700BF94F83C00012802D115
:103470000220BDE8F081012084F83C0000BF02205A
:1034800084F83D002068866826F0770626F47F469B
:10349000206886602868502833D00CDC202850D063
:1034A00004DC00284BD0102851D149E0302849D005
:1034B00040284CD139E060282DD0702807D0B0F5D5
:1034C000805F03D0B0F5005F41D10DE041E0D5E968
:1034D00002136A68206801F036FE2068866846F0AC
:1034E00077062068866034E0D5E902136A682068B0
:1034F00001F029FE2068806840F4804021688860DF
:1035000027E0EA686968206801F0EEFE5021206833
:1035100001F024FE1DE0EA686968206801F0F7FE0A
:103520006021206801F01AFE13E0EA6869682068EB
:1035300001F0DAFE4021206801F010FE09E000BF32
:1035400000BF00BF2968206801F008FE01E00127E4
:1035500000BF00BF012084F83D0000BF002084F8B8
:103560003C0000BF384684E7704770B504462068C9
:10357000C5682068066906F00200022819D105F026
:103580000200022815D1401F216808610120207720
:103590002068806900F0030018B12046FFF7E4FFBF
:1035A00005E0204600F03AF9204600F0EEF9002050
:1035B000207706F00400042819D105F0040004283F
:1035C00015D1C043216808610220207720688069F6
:1035D00000F4407018B12046FFF7C6FF05E0204612
:1035E00000F01CF9204600F0D0F90020207706F00A
:1035F0000800082819D105F00800082815D1C04393
:1036000021680861042020772068C06900F0030069
:1036100018B12046FFF7A8FF05E0204600F0FEF8AD
:10362000204600F0B2F90020207706F010001028A4
:1036300019D105F01000102815D1C0432168086188
:10364000082020772068C06900F4407018B1204637
:10365000FFF78AFF05E0204600F0E0F8204600F082
:1036600094F90020207706F0010048B105F0010030
:1036700030B16FF0010021680861204600F0F0F9D8
:1036800006F08000802809D105F08000802805D14F
:10369000C043216808612046FFF7EEFD06F04000B8
:1036A000402809D105F04000402805D1C0432168D9
:1036B0000861204600F0E0F906F02000202809D13A
:1036C00005F02000202805D1C0432168086120466C
:1036D000FFF7D3FD70BD000010B586B00446002092
:1036E00002900390049005902068B0F1804F38D18B
:1036F00000BF4448806940F00400424988610846A0
:10370000806900F00400019000BF00BF00BF0846C0
:10371000806940F0080088610846806900F0080070
:10372000019000BF00BF4FF40040029002200390C0
:10373000059002A93448FEF76BFE08200290022093
:103740000390059002A93148FEF762FE00BF3049A0
:10375000486820F4407040F0E06040F480704860B9
:103760004DE02C49206888422DD100BF2548806952
:1037700040F00400234988610846806900F0040095
:10378000019000BF00BF00BF0846806940F00800FC
:1037900088610846806900F00800019000BF00BF02
:1037A000C020029002200390059002A91648FEF75F
:1037B0002FFE0320029002200390059002A91348D7
:1037C000FEF726FE1BE014492068884217D100BF8F
:1037D0000C48806940F008000A4988610846806901
:1037E00000F00800019000BF00BF4FF4107002907D
:1037F00002200390059002A90448FEF709FE06B0D6
:1038000010BD00000010024000080140000C014003
:1038100000000140000400400008004070472DE90E
:10382000F04104460D461646002700BF94F83C00C0
:10383000012802D10220BDE8F081012084F83C007B
:1038400000BF36B1042E1BD0082E31D00C2E5ED115
:1038500045E02946206801F08BFC2068806940F033
:103860000800216888612068806920F004002168D0
:10387000886120688069296908432168886148E077
:103880002946206801F0A4FC2068806940F40060AB
:10389000216888612068806920F4806021688861DF
:1038A00020688069296940EA01202168886130E048
:1038B0002946206801F0C0FC2068C06940F008007B
:1038C0002168C8612068C06920F004002168C861CF
:1038D0002068C069296908432168C86119E0294640
:1038E000206801F0DDFC2068C06940F400602168B8
:1038F000C8612068C06920F480602168C8612068C0
:10390000C069296940EA01202168C86101E00127F6
:1039100000BF00BF00BF002084F83C0000BF384655
:1039200089E710B504460CB9012010BD94F83D009C
:1039300028B9002084F83C00204600F025F8022039
:1039400084F83D00211D206801F0AAFB012084F8C5
:10395000460000BF84F83E0001213F200155402071
:1039600001554120015500BF00BF012084F84200ED
:1039700043200155442001554520015500BF012039
:1039800084F83D000020D0E77047704770B50446CA
:103990000D4615B994F83E000BE0042D02D13F20EE
:1039A000005D06E0082D02D14020005D01E04120CD
:1039B000005D012801D0012070BD1DB9022084F8EE
:1039C0003E000EE0042D03D102213F20015508E006
:1039D000082D03D102214020015502E0022141209F
:1039E000015501222946206801F09CFB19492068F5
:1039F000884201D1012000E0002028B12068406CFD
:103A000040F40040216848641249206888420BD085
:103A10002068B0F1804F07D00F492068884203D05A
:103A20000E49206888420CD12068806800F00706A3
:103A3000062E0CD02068006840F001002168086064
:103A400005E02068006840F001002168086000205F
:103A5000B2E70000002C01400004004000080040D4
:103A600010B5044603492068884201D1FEF774FE70
:103A700010BD0000002C01407047704738B5044667
:103A8000204602F0F1F9054605B938BD00BF002017
:103A9000009020680068009020684068009000BF97
:103AA00000BF00BF002000902068006800902068E0
:103AB0004068009000BF00BF00BF00200090206859
:103AC0000068009020684068009000BF00BF206838
:103AD00002F0FEF948B1802205F10D01204600F008
:103AE000FDFA0020A5F88E0005E0012205F1D401C1
:103AF000204600F009FB287910B9284602F09AFA0E
:103B000000BFC2E72DE9F84F044620680568206829
:103B1000C668206847694FF00009CA4605F00F09DA
:103B2000B9F1000F0AD105F0200038B106F02000ED
:103B300020B1204601F029FDBDE8F88FB9F1000F52
:103B40007BD007F0010018B906F49070002874D0FB
:103B500005F0010030B106F4807018B1606C40F0DF
:103B60000100606405F0040030B107F0010018B1F5
:103B7000606C40F00200606405F0020030B107F0B4
:103B8000010018B1606C40F00400606405F00800AA
:103B900048B106F0200010B907F0010018B1606CC0
:103BA00040F008006064606C002845D005F02000FB
:103BB00028B106F0200010B1204601F0E6FC206894
:103BC0004069C0F3801A606C00F0080010B9BAF1C7
:103BD000000F2CD0204601F07FFC2068406900F0E7
:103BE000400000B300BF00BF2168143151E8001F3E
:103BF00021F040002168143141E80002002AF3D18D
:103C000000BFE06B50B17748E16B4863E06BFEF7B3
:103C100085F988B1E06B416B88470DE02046FFF7DE
:103C20002DFF09E009E02046FFF728FF04E02046C9
:103C3000FFF724FF002060647EE7206B012877D126
:103C400005F01000002873D006F010000028FAD00C
:103C500000BF002000902068006800902068406845
:103C6000009000BF00BF2068406900F040000028BD
:103C70005FD0E06B006840681FFA80F8B8F1000F71
:103C800055D0A08D404552DDA4F82E80E06B8069B0
:103C9000202843D000BF00BF21680C3151E8001F2D
:103CA00021F4807021680C3141E80002002AF3D130
:103CB00000BF00BF00BF2168143151E8001F21F090
:103CC00001002168143141E80002002AF3D100BF4D
:103CD00000BF00BF2168143151E8001F21F04000EF
:103CE0002168143141E80002002AF3D100BF2020EE
:103CF00084F842000020206300BF00BF21680C311F
:103D000051E8001F21F0100021680C3141E8000249
:103D1000002AF3D100BFE06BFEF7D4F80220606305
:103D2000A08DE28D801A81B22046FFF7A6FE03E740
:103D300042E0A08DE18D401A1FFA80F8E08DD0B3EB
:103D4000B8F1000F37D000BF00BF21680C3151E837
:103D5000001F21F4907021680C3141E80002002A14
:103D6000F3D100BF00BF00BF2168143151E8001F2C
:103D700021F001002168143141E80002002AF3D14A
:103D800000BF202084F842000020206300BF00BF55
:103D900021680C3151E8001F21F0100021680C311E
:103DA00041E80002002AF3D100BF022060634146CF
:103DB0002046FFF762FEBFE605F0800030B106F056
:103DC000800018B1204601F061FDB5E605F0400025
:103DD00030B106F0400018B1204601F0B3FBABE66D
:103DE00000BFA9E63753000810B504460CB90120FE
:103DF00010BDA06900B100E000BF94F8410028B9EF
:103E0000002084F84000204600F02AF8242084F89E
:103E100041002068C06820F400502168C860204636
:103E200001F032FC2068006920F4904021680861AC
:103E30002068406920F02A00216848612068C06835
:103E400040F400502168C86000206064202084F89D
:103E5000410084F842000020606300BFC8E7000012
:103E600010B586B00446002002900390049005909F
:103E70008F49206888426CD100BF8E48806940F429
:103E800080408C4988610846806900F48040019038
:103E900000BF00BF00BF0846806940F00400886191
:103EA0000846806900F00400019000BF00BF48157B
:103EB0000290022003900320059002A97E48FEF79D
:103EC000A7FA4FF48060029000200390049002A9AA
:103ED0007948FEF79DFA79487949086000204860E2
:103EE0000021774881608021C1600021016141612A
:103EF000202181610021C161FEF736F908B1FDF78B
:103F0000CCF800BF6E48E063446200BF6B481438D1
:103F10006C4908601020486000216A488160802157
:103F2000C1600021016141618161C161FEF71CF93D
:103F300008B1FDF7B2F800BF6248A063446200BF59
:103F4000002205212520FEF7B7FC2520FEF7A4FC62
:103F5000ABE05D49206888426CD100BF5548C0691C
:103F600040F400305349C8610846C06900F400308D
:103F7000019000BF00BF00BF0846806940F0040008
:103F800088610846806900F00400019000BF00BF0E
:103F900004200290022003900320059002A94648C5
:103FA000FEF736FA0820029000200390049002A940
:103FB0004148FEF72DFA414814304449086000207A
:103FC00048600021414881608021C1600021016179
:103FD0004161202181610021C161FEF7C5F808B16E
:103FE000FDF75BF800BF3948E063446200BF334827
:103FF000283037490860102048600021344881602B
:104000008021C1600021016141618161C161FEF7D0
:10401000ABF808B1FDF741F800BF2D48A06344623A
:1040200000BF002205212620FEF746FC2620FEF7D1
:1040300033FC3AE027492068884236D100BF1D484A
:10404000C06940F480201B49C8610846C06900F47B
:104050008020019000BF00BF00BF0846806940F08B
:10406000080088610846806900F00800019000BFE0
:1040700000BF08150290022003900320059002A9BA
:104080001548FEF7C5F94FF4006002900020039038
:10409000049002A91048FEF7BBF900220521272051
:1040A000FEF70AFC2720FEF7F7FB06B010BD000064
:1040B0000038014000100240000801405800024052
:1040C000340300207803002000440040BC0300209B
:1040D0000004002000480040000C014070B5044678
:1040E0000D46164694F8420020280BD105B10EB9B2
:1040F000012070BD0020206332462946204601F091
:1041000041FBF6E70220F4E770B504460D4616467B
:1041100094F8420020280BD105B10EB9012070BDE2
:104120000020206332462946204601F08FFBF6E747
:104130000220F4E770B50546284601F095FE0446D6
:1041400074B1286801F0C4FE50B994F8D410204628
:1041500001F091FF012204F1D4012846FFF7D4FFBA
:1041600070BD70472DE9F84F04460E461746994634
:104170004FF0000A94F84100202850D106B117B939
:104180000120BDE8F88F00206064212084F8410000
:10419000FEF7DCFA8246A784E784A068B0F5805F6A
:1041A00004D1206910B90025B04602E035464FF031
:1041B00000081EE05346002280212046CDF80090E2
:1041C00001F094FB20B1202084F841000320D8E7BF
:1041D00045B9B8F80000C0F308002168486008F14C
:1041E000020803E02878216848606D1CE08C401EBE
:1041F000E084E08C0028DDD1534600224021204697
:10420000CDF8009001F072FB20B1202084F841002D
:104210000320B6E7202084F841000020B1E7022007
:10422000AFE70000F7B50446154694F84100202892
:1042300036D1019800B10DB90120FEBD0198206270
:10424000A584E58400206064212084F8410015489D
:10425000A16B88621448A16BC8621448A16B086303
:104260000020A16B486301AE23681A1D31682B46FC
:10427000A06BFDF7ADFF6FF040002168086000BF44
:1042800000BF2168143151E8001F41F0800021680F
:10429000143141E80002002AF3D100BF0020CCE72E
:1042A0000220CAE773540008CB5400084B5300089F
:1042B00010B5034693F84100202813D101B10AB983
:1042C000012010BD19629A84DA84002058642120EC
:1042D00083F841001868C06840F080001C68E06006
:1042E0000020EEE70220ECE77047704700BFFEE7D2
:1042F0000EB500200090019002901248124908600B
:10430000002111488160017301754FF46021C16182
:1043100000200D49486001210B480161FDF782FA38
:1043200008B1FCF7BAFE00200090012001900020A7
:10433000029069460448FDF7C1F908B1FCF7ADFEEB
:104340000EBD0000002401402C01002010B50B48D8
:104350000B49086010204860002109488160C16055
:1043600001614161017641768176C17601774177BD
:10437000FDF7AAFC08B1FCF790FE10BD00640040F8
:104380005C01002008B500BF1648406940F00100FC
:10439000144948610846406900F00100009000BFE0
:1043A00000BF002205210E20FEF786FA0E20FEF740
:1043B00073FA002205210F20FEF77EFA0F20FEF788
:1043C0006BFA002205211020FEF776FA1020FEF786
:1043D00063FA002205211120FEF76EFA1120FEF784
:1043E0005BFA08BD0010024010B50B4A00210B48D3
:1043F00002F0D4F80A4908600A4A00210A4802F08B
:10440000CDF80A4908600A4A00210A4802F0C6F8B5
:104410000949086010BD0000608E0008357400086E
:1044200000000020848E000855750008040000205C
:10443000A88E0008D57500080800002000B585B0DA
:104440000020019002900390049000BF46488069CC
:1044500040F01000444988610846806900F010006F
:10446000009000BF00BF00BF0846806940F02000F8
:1044700088610846806900F02000009000BF00BFFE
:1044800000BF0846806940F00400886108468069E2
:1044900000F00400009000BF00BF00BF0846806924
:1044A00040F0080088610846806900F0080000902C
:1044B00000BF00BF00224FF440412C48FEF740F9F6
:1044C00000224FF498712A48FEF73AF9002243F28D
:1044D000B4112848FEF734F94FF400500190002041
:1044E00002900120039001A92048FDF791FF4FF4AD
:1044F000404001900120029002200390049001A905
:104500001A48FDF785FF4FF4987001900120029042
:1045100003900220049001A91548FDF779FF43F2AA
:10452000A41001900120029003900220049001A9A0
:104530001048FDF76DFF4FF44040019000200290BD
:104540000120039001A90B48FDF762FF10200190A4
:1045500011200290012003900220049001A9054837
:10456000FDF756FF05B000BD0010024000100140ED
:1045700000080140000C014000B58DB000200990FA
:104580000A900B900C90079008901C216846FBF74E
:1045900019FF4FF0804024490860472048600021FF
:1045A0002148816044F61F61C16000210161816181
:1045B000FEF7A6FE08B1FCF770FD4FF4805009909D
:1045C00009A91948FEF74AFF08B1FCF766FD16482D
:1045D000FFF7A7F908B1FCF760FD002007900890ED
:1045E00007A91148FEF74AFE08B1FCF756FD602006
:1045F00000904FF47A700190002002900490002205
:1046000069460948FFF70BF908B1FCF746FD04229B
:1046100069460548FFF703F908B1FCF73EFD02487B
:10462000FFF75AF80DB000BD8401002000B58DB031
:10463000002009900A900B900C90079008901C2184
:104640006846FBF7BFFE2D482D49086047204860AB
:1046500000212B48816040F2E731C16000210161F7
:104660008161FEF74DFE08B1FCF717FD4FF4805055
:10467000099009A92248FEF7F1FE08B1FCF70DFDEB
:104680001F48FFF74EF908B1FCF707FD002007901F
:10469000089007A91A48FEF7F1FD08B1FCF7FDFCE8
:1046A000602000904FF4FA70019000200290049076
:1046B000002269461248FFF7B2F808B1FCF7EDFC9A
:1046C000042269460E48FFF7AAF808B1FCF7E5FC9A
:1046D000082269460A48FFF7A2F808B1FCF7DDFC9A
:1046E0000C2269460648FFF79AF808B1FCF7D5FC9A
:1046F0000348FEF7F1FF0DB000BD000000040040CC
:10470000CC01002000B58DB0002009900A900B90DC
:104710000C90079008901C216846FBF753FE254833
:10472000254908604720486000212348816040F205
:10473000E731C160002101618161FEF7E1FD08B14F
:10474000FCF7ABFC4FF48050099009A91A48FEF71A
:1047500085FE08B1FCF7A1FC1748FFF7E2F808B1A5
:10476000FCF79BFC00200790089007A91248FEF771
:1047700085FD08B1FCF791FC602000904FF4FA70C1
:104780000190002002900490002269460A48FFF739
:1047900046F808B1FCF781FC0C2269460648FFF791
:1047A0003EF808B1FCF779FC0348FEF795FF0DB021
:1047B00000BD0000000800401402002010B50B48A6
:1047C0000B4908604FF4E1304860002108488160DF
:1047D000C16001610C21416100218161C161FFF76C
:1047E00003FB08B1FCF759FC10BD00000038014084
:1047F0005C02002010B50B480B4908604FF4E13013
:104800004860002108488160C16001610C2141615C
:1048100000218161C161FFF7E7FA08B1FCF73DFCB7
:1048200010BD000000440040A402002010B50B4859
:104830000B4908604FF41650486000210848816019
:10484000C16001610C21416100218161C161FFF7FB
:10485000CBFA08B1FCF721FC10BD00000048004075
:10486000EC02002000BFFEE700BFFEE708B50849E4
:104870000968C9084FF47A72B1FBF2F14143009123
:1048800000BF00BF00994A1E00920029F9D108BD5F
:10489000180000200EB500200090019002900948F9
:1048A000FCF77EFE00200090012001900520029080
:1048B00069460448FCF702FF00200349088048606D
:1048C0000EBD00002C010020E800002070B50F484C
:1048D000FDF742F90A210D48FDF77EF888B90B482B
:1048E000FCF79CFF0A490880088804F0FDF805469B
:1048F000084904F041F90446074904F03DF9044928
:1049000048600248FDF7C0F970BD00002C0100208E
:10491000E80000206740533A0000404010B5FDF722
:1049200015FF10BD10B500241AE0204601F0BEF9B5
:1049300000B913E00C4800EBC400807901280CD1C9
:10494000094B03EBC403DA79074B03EBC4039988E3
:10495000054B53F83400FDF7F3FE00BF601CC4B2F2
:104960000F2CE2D310BD00004491000870B504463E
:10497000204601F09BF908B9002070BD074A02EB00
:10498000C4029188054A52F83400FDF7D1FE05466D
:10499000012D00D1F1E70020EFE70000449100086D
:1049A00070B504460D46204601F080F900B970BD8F
:1049B0000B4800EBC4008079012800D0F7E70DB167
:1049C000012300E000231A46054B03EBC40399883A
:1049D000034B53F83400FDF7B3FE00BFE7E70000D8
:1049E0004491000810B5FFF79DFF10BD03484068D3
:1049F0000349C8600846C06870470000001000E026
:104A0000384200201148006840F080700F4908606B
:104A100000200F4948600846006840F00100086027
:104A20000C4800680C4908600A4800684FF47A7125
:104A3000B0FBF1F008494860064800680749B0FB40
:104A4000F1F0054988600020C8607047FCED00E087
:104A5000001000E0180000203842002040420F0003
:104A6000024606484068831A054840684843834226
:104A700001D3012070470020FCE70000001000E097
:104A80003842002010B50C4801F0ACF804460B4841
:104A9000844208D10A480849091D096801600120BB
:104AA0000849087007E00648002101600020054918
:104AB000087000F009F810BD00FC000834125AA577
:104AC000F4000020F000002000B585B00020019027
:104AD0001048039001200490FDF782FC694601A86C
:104AE000FDF7C4FB18B1FDF719FC05B000BD0A497C
:104AF000084801F09CF810B1FDF710FCF5E704221E
:104B000006490448001D01F070F8FDF707FC00BFDE
:104B1000EBE7000000FC000834125AA5F400002066
:104B200010B500240CE0204601F0E8F800B905E0DB
:104B3000054901EB440001F0D5F800BF601CC4B288
:104B4000032CF0D310BD0000BC9100082DE9F0410A
:104B50000446884615461E46204601F0CFF808B99F
:104B6000BDE8F0810F4800EB4407384601F00BF92F
:104B70004146384601F0E3F8384601F030F929465D
:104B8000384601F0DCF8384601F029F9314638465C
:104B900001F0D5F8384601F022F9384601F00CF959
:104BA00000BFDDE7BC9100082DE9F04705468946C6
:104BB00016461F46DDF820A0284601F09FF808B9E8
:104BC000BDE8F087124800EB4508404601F0DBF8ED
:104BD0004946404601F0B3F8404601F000F931463D
:104BE000404601F0ACF8404601F0F9F8002408E036
:104BF000395D404601F0A3F8404601F0F0F8601C32
:104C000084B25445F4DB404601F0D6F800BFD7E744
:104C1000BC91000810B500240EE0094850F834009B
:104C200040B1074A02EBC4025168054A52F8340009
:104C3000FEF7ACFE601CC4B20C2CEED310BD00001D
:104C4000C49100082DE9F04704460E460C2C03D20F
:104C5000284850F8340008B9BDE8F08700213046F4
:104C600003F056FF00D200262349304604F050F8E6
:104C700000D2214E1F4850F834000068C76A781CE3
:104C800003F032FF81461C49304603F04BFE82465A
:104C9000494603F071FF804603F006FF05461548BC
:104CA00000EBC400406828B9124850F8340000688E
:104CB00045631CE00F4800EBC4004068042805D1A0
:104CC0000C4850F834000068856310E0094800EB98
:104CD000C4004068082805D1064850F83400006830
:104CE000C56304E0034850F834000068056400BF61
:104CF000B2E70000C49100080000C84210B50A469F
:104D00000C2803D21C4C54F8304004B910BD1A4C86
:104D100054F830402468E46A631C1146994200D379
:104D20001946154C04EBC00464682CB9124C54F8B5
:104D30003040246861631CE00F4C04EBC0046468DD
:104D4000042C05D10C4C54F830402468A16310E0C9
:104D5000094C04EBC0046468082C05D1064C54F8D7
:104D600030402468E16304E0034C54F83040246888
:104D7000216400BFCAE70000C491000870B5002597
:104D800043E005EBC500294901EB4014284850F8E1
:104D9000250020602748405D207125730020A4F87D
:104DA000D000A4F8D200A4F88E00C4F81801C4F80A
:104DB0001C01C4F81401204601F03CF90020C5EBA9
:104DC000C50101EB05111C4A5054C5EBC50101EBAF
:104DD000051111444870C5EBC50101EB05111144E3
:104DE00088752168086801F073F830B1802204F1F9
:104DF0000D012068FFF772F905E0012204F1D401EA
:104E00002068FFF781F9681CC5B2032DB9D30024CF
:104E100008E004EBC401054A02EB411001F03EF941
:104E2000601CC4B2032CF4D370BD0000903E00207F
:104E3000DC00002024920008F04100202DE9F04120
:104E400006460F46032E01D3BDE8F08106EBC600EF
:104E50001C4901EB4014C6EBC60000EB06101A49D2
:104E60004518207900B1EFE7206801F056F900B944
:104E7000EAE7552084F8D500AA21D6200155D7208D
:104E80000755002008E005F10C010B5CC11C04F182
:104E9000D5025354411CC8B20A28F4D30021E220A1
:104EA00001552978E32001552878401C2870FF21FE
:104EB000E4200155102204F1D501204601F012F939
:104EC00000BFC1E7903E0020F04100202DE9F041F5
:104ED00006460F461546032E00D20DB9BDE8F081F7
:104EE00006EBC6000E4901EB4014202D00D9F5E772
:104EF000206801F012F900B9F0E7002005E03A5C03
:104F000004F1E5010A54411C88B2A842F7DB2A46A5
:104F100004F1E501204601F0E5F800BFDEE70000FE
:104F2000903E0020032805D200EBC002024B03EBA9
:104F30004212916070470000903E0020F8B5FDF7E6
:104F400005FC064600254FE005EBC500284901EBAE
:104F500040142168086800F0BBFFD8B12068C06B1E
:104F600000684068C0F1800087B20EE0B4F88E207F
:104F700004F10D00815C204601F07DF894F88E006C
:104F8000401C00F07F00A4F88E00B4F88E00B842F8
:104F9000ECD100BF207978B994F8050160B1D4F85C
:104FA0001401301A322807D9D4F81C01401CC4F867
:104FB0001C01204601F03EF80EE0207938B1A068CF
:104FC00050B1207B9DF80010A268904704E09DF846
:104FD0000010204600F0ACFF6946204601F032F890
:104FE0000028EAD0681CC5B2032DADD3F8BD00007F
:104FF000903E002010B54FF0E020006903F0CEF99C
:10500000012801D002F018FE10BD00B593B0282190
:1050100009A8FBF7D7F9142104A8FBF7D3F900205E
:1050200000900190029003900120099000040A90E2
:1050300000200B9001200D9002201090C1031191CF
:105040004FF4E011129109A8FDF7E4FE08B1FCF756
:1050500024F80F20049002200590002006904FF4C1
:105060008060079000200890022104A8FDF78CFDC5
:1050700008B1FCF712F80220009080030290684605
:10508000FDF7EAFC08B1FCF708F813B000BD704763
:1050900010B50248FEF769FA10BD00004404002074
:1050A00010B502681C4B984208D0B0F1804F05D073
:1050B0001A4B984202D01A4B984203D122F0700248
:1050C0004B681A43144B984208D0B0F1804F05D07A
:1050D000124B984202D0124B984203D122F44072F4
:1050E000CB681A4322F080034C6943EA0402026051
:1050F0008B68C3620B688362074B984201D10B69CE
:10510000036301234361036903F001031BB10369D6
:1051100023F00103036110BD002C01400004004096
:105120000008004030B501F01F05012404FA05F322
:10513000046A9C430462046A01F01F0502FA05F543
:105140002C43046230BD30B50C46816821F47F41A8
:1051500042EA032525432943816030BD0A46816820
:1051600021F0700142F0070319438160704700008D
:1051700030B5026A056A25F0010505624368846955
:1051800024F0700424F003040D682C4322F0020282
:105190008D682A430D4DA84206D100BF22F00802B7
:1051A000CD682A4322F00402084DA84207D123F417
:1051B000807323F400734D692B438D692B43436047
:1051C00084614D684563026230BD0000002C0140DF
:1051D00030B5026A056A25F01005056243688469E6
:1051E00024F4E04424F440740D6844EA052422F0D9
:1051F00020028D6842EA05120E4DA84207D100BF79
:1052000022F08002CD6842EA051222F04002094DE8
:10521000A84209D123F4806323F400634D6943EA73
:1052200085038D6943EA8503436084614D68856326
:10523000026230BD002C014030B5026A056A25F4D7
:10524000807505624368C46924F0700424F0030487
:105250000D682C4322F400728D6842EA05220F4D3E
:10526000A84207D100BF22F40062CD6842EA0522BD
:1052700022F48062094DA84209D123F4805323F41B
:1052800000534D6943EA05138D6943EA05134360F2
:10529000C4614D68C563026230BD0000002C01404E
:1052A00030B5036A056A25F4805505624468C26911
:1052B00022F4E04222F440720D6842EA052223F40F
:1052C00000538D6843EA0533064DA84204D124F407
:1052D00080444D6944EA85144460C2614D680564A8
:1052E000036230BD002C014030B50B461446026A03
:1052F000056A25F001050562816921F0F00141EAA6
:10530000041122F00A021A438161026230BD30B5F5
:105310000B461446026A056A25F01005056281698C
:1053200021F4704141EA043122F0A00242EA031262
:105330008161026230BD70B505466C6A0020E0856F
:10534000E0842046FEF79AFB70BD70B50646002546
:10535000746A20684069C0F3C01594F841002128A0
:1053600005D125B10020E084204600F0FBF820683C
:105370004069C0F3801594F84200222805D125B178
:105380000020E085204600F0A7F8606C40F0100097
:1053900060642046FEF772FB70BD70B505466C6A0E
:1053A0002868006800F02000002842D1E08500BF96
:1053B00000BF21680C3151E8001F21F48070216882
:1053C0000C3141E80002002AF3D100BF00BF00BF4A
:1053D0002168143151E8001F21F0010021681431C7
:1053E00041E80002002AF3D100BF00BF00BF2168DE
:1053F000143151E8001F21F040002168143141E8C8
:105400000002002AF3D100BF202084F84200206B64
:1054100001280ED100BF00BF21680C3151E8001FE8
:1054200021F0100021680C3141E80002002AF3D17C
:1054300000BF00206063206B012804D1A18D2046AD
:10544000FEF71BFB02E02046FEF774FE70BD70B550
:1054500005466C6A01206063206B012805D1A08D90
:1054600041082046FEF709FB02E02046FEF779FEE0
:1054700070BD70B505466C6A2868006800F02000B1
:10548000F8B90020E08400BF00BF2168143151E862
:10549000001F21F080002168143141E80002002A39
:1054A000F3D100BF00BF00BF21680C3151E8001FDD
:1054B00041F0400021680C3141E80002002AF3D19C
:1054C00002E02046FEF710FF70BD70B50446656A25
:1054D0002846FEF70AFF70BD00BF00BF02680C320D
:1054E00052E8002F22F4907102680C3242E8001357
:1054F000002BF3D100BF00BF00BF0268143252E896
:10550000002F22F001010268143242E80013002B40
:10551000F3D100BF016B01290ED100BF00BF0268AB
:105520000C3252E8002F22F0100102680C3242E8DF
:105530000013002BF3D100BF202180F8421000217E
:105540000163704710B504462068C06820F0400031
:105550002168C860202084F841002046FEF7C4FE80
:10556000002010BD00BF00BF02680C3252E8002FBF
:1055700022F0C00102680C3242E80013002BF3D184
:1055800000BF202180F841107047F8B5044694F818
:105590004200222875D1A068B0F5805F0CD1206947
:1055A00050B90025A66A20684068C0F30800308022
:1055B000A06A801CA06215E0A56A0026A068B0F56C
:1055C000805F03D0A06828B9206918B920684068B6
:1055D000287004E02068406800F07F002870A06A0E
:1055E000401CA062E08D401E80B2E085002846D1BC
:1055F0002068C06820F020002168C8602068C0686A
:1056000020F480702168C8602068406920F00100A3
:1056100021684861202084F8420000206063206BEC
:10562000012826D10020206300BF00BF21680C3173
:1056300051E8001F21F0100021680C3141E8000200
:10564000002AF3D100BF2068006800F01000102885
:105650000AD100BF002000902068006800902068F8
:105660004068009000BF00BFA18D2046FEF705FAFC
:1056700002E02046FEF75EFD0020F8BD01E00020BC
:10568000FBE70220F9E7000070B5044621680969CC
:1056900021F44051E2681143226811612269A16836
:1056A0001143626941EA02052168C96841F20C624E
:1056B000914329432268D1602168496921F44071EE
:1056C000A2691143226851612D4A2168914202D199
:1056D000FDF758FB01E0FDF745FB00EBC00101EBD6
:1056E000001162689200B1FBF2F100EBC00202EB24
:1056F000001263689B00B2FBF3F26423B2FBF3F287
:1057000002EBC20303EB0212A1EB8201322202EB95
:1057100001116422B1FBF2F101F0F00100EBC002D3
:1057200002EB001263689B00B2FBF3F26423B2FB4E
:10573000F3F201EB021200EBC00101EB0011636810
:105740009B00B1FBF3F100EBC00303EB00136668B1
:10575000B600B3FBF6F36426B3FBF6F303EBC30624
:1057600006EB0313A1EB8301322303EB0111642346
:10577000B1FBF3F101F00F0111442268916070BD9B
:105780000038014077B581B0044615460298A06202
:10579000A58500206064222084F842002848E16B3F
:1057A00088622848E16BC8622748E16B08630020E3
:1057B000E16B486302AE32682368191D2B46E06B2B
:1057C000FCF706FD00BF00200090206800680090F4
:1057D00020684068009000BF00BF206970B100BF22
:1057E00000BF21680C3151E8001F41F4807021682E
:1057F0000C3141E80002002AF3D100BF00BF00BF16
:105800002168143151E8001F41F001002168143172
:1058100041E80002002AF3D100BF00BF00BF2168A9
:10582000143151E8001F41F040002168143141E873
:105830000002002AF3D100BF002004B070BD0000B8
:105840009B5300084F5400084B53000810B5034603
:1058500099629A85DA8500205864222083F84200F4
:10586000186928B11868C06840F480701C68E0604E
:105870001868406940F001001C6860611868C068E1
:1058800040F020001C68E060002010BD014691F847
:105890004100212828D18868B0F5805F0BD10869C4
:1058A00048B90A6A1088C0F308000B685860086A93
:1058B000801C086205E00B6A581C086218780B68A7
:1058C0005860C88C401E80B2C88458B90868C06847
:1058D00020F080000B68D8600868C06840F0400085
:1058E0000B68D860002070470220FCE72DE9F843E0
:1058F00004460D4617469846089E31E0701C70B36A
:10590000FCF724FFA0EB0800B04200D816B9032032
:10591000BDE8F8832068C06800F00400F8B1802D6D
:105920001ED0402D1CD020680068C0F3C000B0B16C
:1059300000BF002000902068006800902068406848
:10594000009000BF00BF2046FFF7C6FD082060643E
:1059500000BF002084F8400000BF0120D8E7FFE727
:10596000206800682840A84201D1012000E0002002
:10597000B842C3D00020CBE710B50248FEF7C2F80A
:1059800010BD00005C02002010B50248FEF7BAF816
:1059900010BD0000A402002010B50248FEF7B2F8C6
:1059A00010BD0000EC02002000BFFEE70146080623
:1059B00001F47F4240EA022001F47F0240EA122013
:1059C00040EA116070470246501A704710B502460F
:1059D000012000E050430B1EA1F10104E1B2F9D116
:1059E00010BD70B504460D46012D06D12346402258
:1059F00078210020FFF7AAF805E02346002278214D
:105A00001046FFF7A3F870BD70B504460D46012C93
:105A100000D070BD1948007878B1FCF797FE18499E
:105A20000968401A40F6AC51884205D3002013495A
:105A300008701449087000E0EBE71248017800781C
:105A4000401C104A1070104845541046007898B118
:105A50000020114608700C4800780C49087001209D
:105A6000487008464068401C4860FCF76FFE0449D7
:105A7000086001200149087000BFCAE7A6000020A5
:105A8000A8000020A4000020A5000020AC000020F9
:105A90002DE9F041044604EBC4002A4901EB8005DE
:105AA00095F8220090B92849085D40F2DC51FFF7D3
:105AB00025F9002004EB4401244A02F8210004EBFC
:105AC000440102EB81010872BDE8F08195F82000E5
:105AD00005EBC00615F8200F401C00F003002870ED
:105AE000A878401EA870203D307810B94FF47A7025
:105AF00001E04FF4FA6007461349085D3946FFF7A5
:105B0000FDF8012004EB4401104A02F8210030782E
:105B100004EB440102EB8101487004EB440102EB09
:105B200081017068486095F8220004EB440102EBA3
:105B300081010872FEF75AFF054941F8240000BFB1
:105B4000C2E70000E83D002035910008303E00200B
:105B5000B40000200146002902DA484280B27047B2
:105B600088B2FCE710B500240FE004EB44010A4AB8
:105B70008818002100F014F804EB4401064A505C38
:105B80000021FFF75FF8601CC4B2022CEDD30120A6
:105B90000249087010BD000037910008CC000020B9
:105BA00070B504460D46002D08DD60780121FEF732
:105BB000F7FEA0780021FEF7F3FE12E0002D08DAD0
:105BC00060780021FEF7ECFEA0780121FEF7E8FEE8
:105BD00007E060780021FEF7E3FEA0780021FEF7E1
:105BE000DFFE70BD0146086870472DE9F04780462A
:105BF0000D461646002416E0601CB04204D2295D12
:105C0000285C41EA002901E015F8049008EB040142
:105C10004A4600230120FCF78BFB074617B13846A4
:105C2000BDE8F087A41CB442E6D30020F8E738B5FD
:105C300005460C46E0B28DF80000200A8DF8010000
:105C4000200C8DF80200200E8DF803000422694616
:105C50002846FFF7CAFF38BD03480078034908709B
:105C600003480068486070470001002004010020DC
:105C7000F800002002480068C0F3022070470000CE
:105C80000CED00E010B5002804DB0A07130E054AEE
:105C9000135406E00A07140E034A00F00F031B1FFB
:105CA000D45410BD00E400E018ED00E001460F29D7
:105CB00001D300207047044850F8310008B9002093
:105CC000F8E70120F6E700004491000808B503203A
:105CD000009000BF9DF80000411EC9B2009100284D
:105CE000F8D108BD10B5044620780121FEF758FE12
:105CF00060780121FEF754FE10BD000010B5044687
:105D0000204600F015F808B9002010BD074810F82B
:105D10001400FF2805D0054800EB44004078FF2818
:105D200001D10020F1E70120EFE70000BC9100085D
:105D30000146032901D3002070470120FCE770B51C
:105D400004460D4600261BE005F0800020B12078B7
:105D50000121FEF725FE03E020780021FEF720FE5A
:105D6000FFF7B4FF60780121FEF71AFEFFF7AEFFE0
:105D700060780021FEF714FE6806050E701CC6B29E
:105D8000082EE1D370BD10B5044620780121FEF73E
:105D900007FE60780121FEF703FEFFF797FF2078EA
:105DA0000021FEF7FDFDFFF791FF60780021FEF76F
:105DB000F7FDFFF78BFF10BD10B5044620780021DA
:105DC000FEF7EEFD60780121FEF7EAFDFFF77EFFAA
:105DD00020780121FEF7E4FDFFF778FF10BD10B534
:105DE000044620780121FEF7DBFDFFF76FFF6078A6
:105DF0000121FEF7D5FDFFF769FF60780021FEF76E
:105E0000CFFDFFF763FF10BD484000220CE000F01B
:105E1000800323B1072383EA4003DBB201E043069A
:105E20001B0E1846531CDAB2082AF0D37047000044
:105E300010B5017BC1EBC10303EB0111094BCA187B
:105E400090F806115170002106E000F207135C5C27
:105E5000931C5C544B1CD9B20A29F6D301219175CD
:105E600010BD0000F0410020024600210EE001EBD1
:105E7000C100084B03EB40100068904204D101EBD5
:105E8000C10003EB40107047481CC1B20329EED398
:105E90000020F8E7903E002001460A4A0868904238
:105EA00001D131207047084A0868904201D1322060
:105EB000F8E7064A0868904201D13320F2E75820FB
:105EC000F0E7000000380140004400400048004076
:105ED00001460848814201D10020704706488142AE
:105EE00001D10020F9E70548814201D10020F4E703
:105EF0000020F2E700380140004400400048004024
:105F000001460848814201D100207047064881427D
:105F100001D10020F9E70548814201D10020F4E7D2
:105F20000020F2E7003801400044004000480040F3
:105F300070B504460D46FCF709FCC4F8140194F84A
:105F40000501072870D2DFE800F004103140575BEC
:105F50005F00552D08D129460020FFF755FF84F832
:105F60001201012084F8050162E0AA2D0AD194F8FB
:105F700012012946FFF748FF84F81201022084F835
:105F8000050112E0D4F81C01401CC4F81C01204695
:105F900000F050F8552D08D129460020FFF734FFB6
:105FA00084F81201012084F8050141E004F205148F
:105FB0006570607B2946FFF727FF60730020207320
:105FC00003202070A4F2051432E094F81111481C4B
:105FD00084F8110104F20710455494F8120129467F
:105FE000FFF712FF84F8120194F811010A2802D376
:105FF000042084F805011BE0052084F8050117E062
:10600000062084F8050113E0FF2D03D12046FFF799
:106010000FFF04E0D4F81C01401CC4F81C0120460A
:1060200000F008F804E0FFE7204600F003F800BFA6
:1060300000BF70BD002180F8051180F8111180F8B3
:10604000121170470246B2F8D000B2F8D23098422E
:1060500002D14FF0FF307047B2F8D23002F1900019
:10606000C05C087092F8D200401C00F03F00A2F81B
:10607000D2000020EFE710B590F8D0305B1C03F0A1
:106080003F02B0F8D230934206D0B0F8D04000F1D1
:1060900090031955A0F8D02010BD000010B588B0AD
:1060A00004461C2208A101A8FAF752F92068FFF75C
:1060B000F3FE8DF809004FF47A73192201A92068C4
:1060C000FEF750F808B010BD55534152547820499E
:1060D0004E4954205355434345535346554C4C5910
:1060E0000A00000070B504460D461646206800F010
:1060F00014F800B970BD21680868FFF701FF28B1E6
:10610000324629462068FEF78DF804E032462946DB
:106110002068FEF7CDF800BFECE770B50446FCF749
:1061200015FB054606E0FCF711FB401B322801D9A0
:10613000002070BD94F841002028F4D10120F8E738
:10614000014636290AD004DC31290CD035290DD17D
:1061500007E0372903D03C2908D105E000BF06201D
:1061600070470420FCE700BF0320F9E70220F7E7AF
:1061700070B503460C4603EB83052A4E06EB8500FB
:10618000A4F131050C2D48D2DFE805F0244747473C
:1061900018062A47473C3F4255782D06967845EA2F
:1061A0000645D67845EA0625167945EA06011578AA
:1061B0000DB90D4600E04D42456031E095785678C6
:1061C00045EA062115780DB90D4600E04D422DB285
:1061D000058125E05578167845EA062545811FE0BA
:1061E00055782D06967845EA0645D67845EA06257F
:1061F000167945EA060115780DB90D4600E04D42C5
:10620000C5600DE0157805740AE01578457407E05F
:10621000157845745578057402E01578857400BFCB
:1062200000BF70BD483E002010B50446A04710BD19
:1062300070B506460C462648007820B1012817D0D4
:1062400002283FD121E000250EE005EB8500214921
:1062500011F82000A04205D11D48457001201C49BD
:10626000087003E0681CC5B2022DEED300BF2DE01C
:106270001748847000201649C8722046FFF760FF57
:10628000134908730220087020E01148C07A0828DA
:1062900008D20F48C17AC01C4454C01EC07A401CAA
:1062A0000B49C8720A48C07A0949097B884208DB51
:1062B000074A91785078D21CFFF75AFF0020044912
:1062C000087003E000200249087000BF00BF70BDE5
:1062D000703E0020483E00200246FF2A01D10AA05D
:1062E000704700210BE00A4810F83100904204D1B9
:1062F000074800EBC1004068F2E7481CC1B203291F
:10630000F1D304A0ECE700004E4F4E452000000002
:1063100028920008554E4B4E20000000EFF30580F8
:106320007047FCF725FAFEF770FEFEF787F8FEF7D8
:1063300029F8FEF77BF9FEF741FAFEF75BFAFEF764
:1063400075FAFEF7DFF9FDF7D3FFFDF7FFFFFEF764
:1063500013F900F0DDF8FEF747F800F0EFF800BFA2
:10636000FEE7000010B50C48B0F90000B0F57A7FE8
:1063700006DA094800880A3000B20749088003E0BD
:106380004FF47A700449088003480088404201B203
:106390000020FAF751FE10BD1C01002010B5FAF7DD
:1063A000DBFB36A200210520FAF761FC35480068C6
:1063B0006421B0FBF1F40423224600212320FAF7E4
:1063C0002FFC012205213C20FAF730FB2D48006804
:1063D0000A21B0FBF1F0B0FBF1F201FB1204012342
:1063E000224600213F20FAF71BFC27A2002148206B
:1063F000FAF73DFC2348007928B124A20B2105209F
:10640000FAF735FC04E025A20B210520FAF72FFC52
:106410002648406828B126A216210520FAF727FC55
:1064200004E027A216210520FAF721FC28A2212149
:106430000520FAF71CFC1D48052321214268232072
:10644000FAF7EEFB24A22C210520FAF710FC2448D1
:106450000078FFF741FF044622462C212320FAF75B
:1064600006FC20A237210520FAF701FC05231F486E
:10647000372102682320FAF7D3FB10BD74696D65DC
:106480003A00000028430020730000005359533A9B
:1064900020454E41424C4520000000005359533ADC
:1064A0002044495341424C4500000000AC0000200C
:1064B00051523A20434F4E4E45435445442020000C
:1064C00051523A204E4F20434F4E4E202020200064
:1064D00052583A2020000000444154413A00000044
:1064E0001E010020434E543A2000000020010020ED
:1064F00070B50546FFF712FF10B16FF0050404E018
:10650000002415B1284601F0F3F9204670BD0000C3
:1065100010B5FFF703FF10B16FF0050409E006485E
:10652000006820B9012004490860002401E04FF010
:10653000FF34204610BD00006C00002070B5FFF74E
:10654000EDFE10B16FF005041FE01148006801284E
:1065500019D100BF801F0021002804DB0A07130E99
:106560000C4A135406E00A07150E0B4A00F00F03FD
:106570001B1FD55400BF00BF02200549086001F071
:1065800033FA002401E04FF0FF34204670BD0000D4
:106590006C00002000E400E018ED00E02DE9FF476A
:1065A00080468946144600200390FFF7B7FE002876
:1065B0004ED1B8F1000F4BD0802618258246471ED9
:1065C00044B3206808B1D4F800A0A06900B1A5695F
:1065D0002DB1382D03D8207900F0010018B100202A
:1065E00004B0BDE8F087606908B160698608A068FA
:1065F00040B1E0685C2805D3206918B1606908B132
:10660000012708E0A06830B9E06820B9206910B916
:10661000002700E00027012F0CD12169A0684B461C
:106620003246CDE9005102905146404601F058FEF5
:1066300003900DE067B903A8B2B24B465146CDE9CD
:106640000050404601F01AFE012801D000200390BE
:106650000398C5E74948407800B97047002047498A
:106660004870084600784649097901EB4101454ADE
:1066700002F8210000204249097901EB410102EBB7
:10668000810148723D4800783F4908703B480078D6
:10669000312802D032282CD115E0394800683B4916
:1066A000096808443649097901EB4101354A02EB92
:1066B0008101486000203249097901EB410102EB78
:1066C0008101087227E02E480068314909680844B2
:1066D0002B49097901EB41012A4A02EB810148600B
:1066E00001202749097901EB410102EB8101087280
:1066F00011E000202249097901EB4101214A02EB16
:1067000081014860FF201E49097901EB410102EB3C
:106710008101087200BF00BF1E480068401C1D496F
:1067200008601748007900EB4000164911F8200076
:10673000194908701748007888721148007900EBF1
:106740004000104901EB80004068134948600C4844
:10675000007900EB40000B4901EB8000007A0E4904
:10676000087207480079401C0549087108460079FD
:10677000142801D30020087100BF6EE7AC00002090
:1067800014010020344300201E0100200C010020D1
:106790001001002020010020244400202DE9F041B8
:1067A00005460E461648076816480068001D00F0AA
:1067B00017FF681C38B936B112480168091D124824
:1067C00000F064FF1AE07C190E4800684460BC4287
:1067D00007D20C480168091D0C48006800F03CFF16
:1067E0000CE008480168091D0948006800F034FF02
:1067F00008480068844201D206480460BDE8F08180
:10680000300000201C000020A009002024000020EF
:10681000200000204C00002010B5044600F042FF8C
:1068200024480068401C234908602348006840B998
:10683000214804600846006801280DD100F0FCF9E9
:106840000AE01E48006838B91B480068C06AE16A5F
:10685000884201D81848046019480068401C18494B
:1068600008600846006860641649E06A0968884262
:1068700002D91449E06A0860E16A01EB8101124A19
:1068800002EB8100211D00F001FF00F035FF0B48F5
:10689000006868B108480068C06AE16A884207D2A7
:1068A0004FF0805009490860BFF34F8FBFF36F8FDF
:1068B00010BD00002C0000201C000020380000202B
:1068C0004800002034000020F004002004ED00E027
:1068D00008B500F0E7FE12480068E8B9114800F07A
:1068E000ABFE114800F0A8FE0E48104908600E48A3
:1068F0000F49086000200F4B0F4A102100900A201A
:1069000001F0B4F9064908600846006820B10BA1FF
:106910000348006800F0B0FF00F0EEFE08BD000084
:1069200060000020B4090020C809002058000020A1
:106930005C000020DC0900202C0A0020546D7251FC
:106940000000000010B516E000F0ACFE0C48C06876
:10695000C468201D00F044FE0A480068401E094932
:10696000086009480068401E0749086000F0C4FE3E
:10697000204600F05FF8044800680028E4D110BD0C
:106980008C0900202C0000202800002070B504464F
:106990000D46206C70B1216CE0680144E160D4E9DF
:1069A0000210884201D32168E1602846226CE16828
:1069B000F9F789FC70BD2DE9F04104460F461546F4
:1069C0004FF00008A66B206C48B9206800282CD135
:1069D000A06801F09BFD80460020A06025E07DB905
:1069E0003946226C6068F9F76EFC216C60680844D7
:1069F0006060D4E90101884217D32068606014E028
:106A00003946226CE068F9F75EFC216CE068411AB7
:106A1000E1602168E068884203D2216CA068411AD5
:106A2000E160022D01D106B1761E701CA0634046C4
:106A3000BDE8F08110B5044694F8590030B9206BD8
:106A400000F078FE204600F075FE1AE094F8590038
:106A5000012803D1204600F06DFE12E094F85900A1
:106A6000022801D1012000E0002050B900BF5020D1
:106A700080F31188BFF34F8FBFF36F8F00BF00BF4C
:106A8000FEE710BD0146084A126812680AB90122E1
:106A900000E000220A600A6822B9034A1268D2683C
:106AA000106800E0002070475800002030B54FF417
:106AB0002053174800F007042CB1C01D20F0070038
:106AC000134C041B1B1B0246124C22600024114D68
:106AD0006C60D018083820F007000F4C20600024AC
:106AE0000D4D2D686C600C4D2D682C601146441ABC
:106AF0004C60094C24680C60084D4C682C60084DB3
:106B00004C682C604FF00044064D2C6030BD0000F6
:106B100084110020700000207800002080000020F8
:106B20007C0000208C00002000BFFFF70BFF064810
:106B300000680128F9D94FF0805004490860BFF37C
:106B40004F8FBFF36F8FF0E7F004002004ED00E0FB
:106B50002DE9F04106460D4617469846069C0DB9AC
:106B6000246000E02760E66325640121204601F0EF
:106B7000EDF884F84C80BDE8F0812DE9F05F8246A5
:106B80000E4690469B460A9F0C9C4FEA8801A52220
:106B9000206BF9F70FFCA8F10100216B01EB8009D4
:106BA00029F0070909F0070008B9012000E00020DA
:106BB00050B900BF502080F31188BFF34F8FBFF34F
:106BC0006F8F00BF00BFFEE786B1002507E0715D53
:106BD00004F134004155705D00B902E06D1C102DC8
:106BE000F5D300BF00214320015502E0002084F8C6
:106BF0003400382F00D33727E762E7640020206590
:106C0000201D00F026FD04F1180000F022FD246193
:106C1000C7F13800A06164620020606584F8580004
:106C20005A465146484600F071FB20600B9808B167
:106C30000B980460BDE8F09F10B5002407E004EB5A
:106C400084010F4A02EB810000F0F6FC641C382C32
:106C5000F5D30C4800F0F0FC0B4800F0EDFC0B48BD
:106C600000F0EAFC0A4800F0E7FC0A4800F0E4FC07
:106C700004480949086004480849086010BD00003C
:106C8000F004002050090020640900207809002049
:106C90008C090020A00900202000002024000020F2
:106CA00010B50146164800E0006803688B42FBD32C
:106CB0000246436813448B4204D143684C68234422
:106CC000436001460A464B6813440468A34211D14D
:106CD0000C4C03682468A34208D04B6804686468BD
:106CE00023444B6003681B680B6005E0054B1B6881
:106CF0000B6001E003680B60884200D0016010BDAA
:106D000070000020780000202DE9F04104460D4677
:106D100016461F464FF0000865602461B5420CD846
:106D2000F01BA169884202D34FF0010811E0211D38
:106D30000948006800F090FC0BE0BE4204D2BD425E
:106D400002D34FF0010804E0211D0448006800F060
:106D500083FC4046BDE8F0815C0000205800002024
:106D600070B5054600F09EFCA86B08B9012400E050
:106D7000002400F0C1FC204670BD70B5054600F04F
:106D800091FCA86BE96B884201D1012400E000244A
:106D900000F0B2FC204670BDF8B505460F461A4813
:106DA0000068C068C468201D00F01AFC94F8280030
:106DB00000F00400E8B1A06941192B463A4620468C
:106DC000FFF7A2FFD8B1002003462A4601460090F3
:106DD000204601F0F7FC064656B900BF502080F36C
:106DE0001188BFF34F8FBFF36F8F00BF00BFFEE767
:106DF00005E094F8280020F0010084F828002046DF
:106E0000216A8847F8BD000058000020F0B587B01F
:106E1000A0E00398002811DA04AE56B900BF502054
:106E200080F31188BFF34F8FBFF36F8F00BF00BF98
:106E3000FEE7D6E90020B168904700BF039800281C
:106E4000E6DB059C606908B9012000E0002010B96C
:106E5000201D00F0C5FB02A800F0DEF805460398EF
:106E60000A2875D2DFE800F00905073941630608F2
:106E70003A4200BF00BF00BF00BF94F8280040F0B6
:106E8000010084F828000498A269811803462A4664
:106E90002046FFF739FFF8B12046216A884794F869
:106EA000280000F00400B8B1002000900498A16907
:106EB000421800231946204601F084FC074657B9C2
:106EC00000BF502080F31188BFF34F8FBFF36F8F47
:106ED00000BF00BFFEE700BF3BE000BF94F8280002
:106EE00020F0010084F8280033E000BF94F8280067
:106EF00040F0010084F828000498A061A06908B15E
:106F0000012000E0002050B900BF502080F311881C
:106F1000BFF34F8FBFF36F8F00BF00BFFEE7A069C5
:106F200041192B462A462046FFF7EEFE11E094F861
:106F3000280000F0020018B9204600F0FBFB05E035
:106F400094F8280020F0010084F8280001E0FFE711
:106F500000BF00BF002203A90448006801F094F8B4
:106F600000287FF456AF07B0F0BD0000600000209D
:106F7000F8B505460C4600F093FD684600F04CF865
:106F80000646009820BB44B9B54206D801F05CFB28
:106F900031462846FFF700FF1CE03CB10E48006870
:106FA000006808B9012000E000200446A91B224621
:106FB0000A48006800F076FC01F046FB50B94FF03B
:106FC000805007490860BFF34F8FBFF36F8F01E018
:106FD00001F03AFBF8BD00005C00002060000020DA
:106FE00004ED00E00A490968096809B9012100E0D7
:106FF000002121B14FF0FF31064A116006E004493B
:107000000968C968C868034A416811607047000090
:10701000200000204C00002070B5044601F0CEF99D
:10702000054607480068854204D200F00BF80120AD
:10703000206001E00020206001480560284670BD06
:10704000680000202DE9F84334E025480068C06856
:10705000056823480068C068C468201D00F0C0FAB5
:107060002046216A884794F8280000F0040008B3FD
:10707000A0694619AE4207D966602461211D1848EF
:10708000006800F0E9FA15E0002003462A460146B0
:107090000090204601F096FB074657B900BF5020EC
:1070A00080F31188BFF34F8FBFF36F8F00BF00BF16
:1070B000FEE700BF0A480068006808B9012000E048
:1070C00000200028C1D00648D0F80080054800689C
:1070D000034908600348C0F80080BDE8F883000059
:1070E000580000205C0000200E480068401C08B9D1
:1070F000012000E0002050B900BF502080F311882B
:10710000BFF34F8FBFF36F8F00BF00BFFEE700BF1D
:10711000502080F31188BFF34F8FBFF36F8F00BFF4
:1071200000BFFEE79000002008B500BF6846FFF7EB
:10713000A9FC044620460099FFF71AFFFFF766FEF8
:10714000F4E770B5044600F0ADFA94F9455010E04C
:10715000606A08B9012000E0002038B904F1240079
:1071600001F026FA18B100F0FDFB00E003E0681E14
:1071700045B2002DECDC00BFFF2084F8450000F094
:10718000BBFA00F08FFA94F9445010E0206908B976
:10719000012000E0002048B904F1100001F008FAD5
:1071A00008B100F0DFFB681E45B200E001E0002DF1
:1071B000ECDC00BFFF2084F8440000F09DFA70BDB5
:1071C0002DE9F04104464FF0000800F069FC494801
:1071D000006808B9FFF76AFC4748006820400028AB
:1071E00070D1D4B1083404F00700B0B104F0070046
:1071F000C0F10800044404F0070008B9012000E0D1
:10720000002050B900BF502080F31188BFF34F8F8A
:10721000BFF36F8F00BF00BFFEE7002C52D037488E
:10722000006884424ED8364E3046056801E02E464E
:107230002D686868A04202D228680028F7D12D483E
:10724000006885423ED0306800F108082868306048
:107250006868001B102819D92F1907F0070008B912
:10726000012000E0002050B900BF502080F31188B9
:10727000BFF34F8FBFF36F8F00BF00BFFEE768689B
:10728000001B78606C603846FFF70AFD1B49686890
:107290000968081A19490860084600681949096808
:1072A000884203D215480068164908601249686888
:1072B0000968084368600020286013480068401C83
:1072C0001149086001F0C0F908F0070008B9012071
:1072D00000E0002050B900BF502080F31188BFF3B8
:1072E0004F8FBFF36F8F00BF00BFFEE74046BDE882
:1072F000F0810000780000208C0000207C0000203D
:10730000700000208000002084000020001F4FF04B
:1073100080730360001F21F001030360001F034B13
:10732000036014380260203870470000E9700008DC
:1073300010B5002422E01348005D01281CD164B977
:107340004FF4C87201210020F9F7C4FC4FF4C37256
:1073500000210846F9F7BEFC0BE04FF4C87201218A
:107360000846F9F7B7FC4FF4C37200210120F9F782
:10737000B1FC002103480155601CC4B2022CDAD3D1
:1073800010BD000019010020002036E000EB400194
:107390001C4A02EB8101497A69BB00EB400102EB18
:1073A0008101097AFF2926D01749096800EB4002BC
:1073B000144B03EB82025268891A1CD400EB400183
:1073C0001A4602EB8101097A19B901210E4A51715D
:1073D0000AE000EB40010B4A02EB8101097A012926
:1073E00002D1012208498A71012100EB4002054BBC
:1073F00003EB82025172411CC8B2034909798142F0
:10740000C4DC7047344300201401002010B5FDF7A0
:10741000F9FAFDF7E7FAFDF7FDFBFDF781FBFDF754
:10742000ADFCFDF737FAFDF72DFBF9F797F9F9F702
:10743000E9FE10BDFFF7EAFF00BF35480068401CB9
:1074400033490860FDF77AFDF9F7A8F9F9F73AF939
:107450002F48C07928B9C8202E49088601202C4918
:10746000C8712B4800680A21B0FBF1F201FB120041
:1074700008B9F9F7DBFF264800683221B0FBF1F2CA
:1074800001FB120008B9FDF721FA214800684FF40A
:107490007A71B0FBF1F201FB120008B9FDF714FBA1
:1074A0001C4841698069814208D01A48416981615C
:1074B000FA23482205210120F9F716FD1548416AF3
:1074C000806A814208D01348416A8162FA23B82257
:1074D00005210120F9F708FD0E48007900F00100B0
:1074E00018B101200A49087102E00020084908711A
:1074F000094890F8440018B101200549487102E09C
:107500000020034948710A20FEF7F2FF95E70000CA
:1075100028430020B4390020A042002010B5F9F71C
:10752000BDFB6420FEF7E4FFF9F7A0FAF9F782FC4F
:10753000F9F798FFC820FEF7DBFF5F22012100204A
:10754000F9F7C8FB5F2201210846F9F7C3FBF9F7F9
:1075500089FF10BDFFF7E2FF00BF1B480068401C19
:107560001949086019480068401C18490860F9F773
:1075700007FCF9F71DFD1648007930B1FFF704FF4D
:10758000FEF7F0FEFFF7D4FE03E000210846F9F70E
:1075900053FD0D4800680521B0FBF1F201FB12001C
:1075A00018B9FFF757F8F9F7CFFF074800683221FD
:1075B000B0FBF1F201FB120008B9FEF7EFFE02206A
:1075C000FEF796FFC9E70000240100201401002007
:1075D0002843002010B500BF0220FEF789FFFBE71B
:1075E00001460A69D1E901309860D1E90103586088
:1075F0005068884201D18868506000200861106896
:10760000401E106010687047034B0360034B0B6013
:107610008023136070470000CC0A0020280B002054
:10762000034B0360034B0B604FF480731360704790
:10763000280D0020840D002000F1080141604FF06A
:10764000FF31816000F10801C1600161002101602A
:10765000704700210161704710B502460B685C1C41
:107660000CB9106907E002F1080000E040684468C6
:1076700024689C42FAD944684C604C68A1608860D8
:1076800041600A611468641C146010BD42684A605D
:1076900093688B60936859609160086103685B1C14
:1076A0000360704700BF502080F31188BFF34F8FF5
:1076B000BFF36F8F00BF0E480068401C0C49086084
:1076C00008460068012812D10A480068C0B208B90B
:1076D000012000E0002050B900BF502080F3118845
:1076E000BFF34F8FBFF36F8F00BF00BFFEE7704740
:1076F0009000002004ED00E00D48006850B900BF84
:10770000502080F31188BFF34F8FBFF36F8F00BFFE
:1077100000BFFEE706480068401E054908600846AD
:10772000006820B9002080F3118800BF00BF7047B7
:107730009000002070B506463546002E44D0083D26
:107740002C46224960680968084008B1012000E021
:10775000002050B900BF502080F31188BFF34F8F35
:10776000BFF36F8F00BF00BFFEE7206808B901209C
:1077700000E0002050B900BF502080F31188BFF313
:107780004F8FBFF36F8F00BF00BFFEE70F496068E8
:1077900009680840C0B12068B0B90C496068096840
:1077A0008843606000F07CF9094960680968084412
:1077B000074908602046FFF773FA06480068401C36
:1077C0000449086000F040FF70BD00008C000020FC
:1077D0007C0000208800002000204FF0E02108619C
:1077E0008861064800684FF47A71B0FBF1F0401EE2
:1077F0004FF0E02148610720086170471800002021
:1078000070B5F8F729FD0446102C16D304F1E020DA
:1078100090F8F05315480078854201DB012000E024
:10782000002050B900BF502080F31188BFF34F8F64
:10783000BFF36F8F00BF00BFFEE70D48006800F484
:10784000E0600C490968884201D8012000E000206E
:1078500050B900BF502080F31188BFF34F8FBFF3A2
:107860006F8F00BF00BFFEE770BD000094000020D6
:107870000CED00E098000020024600200BE0084BD1
:1078800053F8303033B9064B43F8301003EBC003E4
:107890005A6002E0401C0828F1D300BF7047000086
:1078A000B00400202DE9F04105460E4617462C464F
:1078B000FFF7F8FE94F94400401C10B9002084F84A
:1078C000440094F94500401C10B9002084F845009C
:1078D000FFF712FFA06B28B93A46314604F12400A5
:1078E00000F062F82046FFF72CFCBDE8F0810000B4
:1078F00070B504460025D4B11248006808B90120CB
:1079000000E0002050B900BF502080F31188BFF381
:107910004F8FBFF36F8F00BF00BFFEE700F0C0F8CE
:1079200000212046FEF73AFF00F08EFE05463DB9E5
:107930004FF0805004490860BFF34F8FBFF36F8F43
:1079400070BD00005400002004ED00E00349096808
:10795000016003490968416070470000440000204D
:1079600030000020012001490860704740000020DD
:1079700070B504460D4654B900BF502080F31188FD
:10798000BFF34F8FBFF36F8F00BF00BFFEE7054807
:10799000016818312046FFF75FFE01212846FEF7F7
:1079A000FDFE70BD1C00002070B505460E46144655
:1079B00055B900BF502080F31188BFF34F8FBFF33C
:1079C0006F8F00BF00BFFEE70648016818312846E8
:1079D000FFF75CFE0CB14FF0FF3621463046FEF754
:1079E000DDFE70BD1C00002010B586B000200590A3
:1079F000049003AA04A905A8FFF706FE0022DDE90A
:107A000004101346CDE9002102901EA11F48039ADD
:107A100000F066FC1E4908600846006808B10124B1
:107A200000E00024012C02D100F090FE0446012C5D
:107A300015D100BF502080F31188BFF34F8FBFF3E3
:107A40006F8F00BF4FF0FF301249086001201249CC
:107A5000086000201149086000F072F810E0601C16
:107A600008B1012000E0002050B900BF502080F391
:107A70001188BFF34F8FBFF36F8F00BF00BFFEE7CA
:107A800006B010BD49444C4500000000296B0008B9
:107A9000500000204C000020380000203000002062
:107AA00002480068401C01490860704754000020EB
:107AB0001E48006818B101201D49086034E000200C
:107AC0001B4908601B4801680CE051B900BF5020F9
:107AD00080F31188BFF34F8FBFF36F8F00BF00BFDC
:107AE000FEE7491E01EB8100134A52F8200008B955
:107AF000012000E000200028E7D101EB81020E4BBD
:107B000003EB820042685268426000F10802436859
:107B1000934202D14268526842604268D268074B81
:107B20001A600448016000BF704700005400002044
:107B30004000002034000020F00400201C00002041
:107B40001CB53849084600780190FF200A4610709D
:107B50000846007800909DF8000000F0F0009DF8C5
:107B60000020904201D1012000E0002050B900BF68
:107B7000502080F31188BFF34F8FBFF36F8F00BF8A
:107B800000BFFEE79DF8000000F05000264A10708C
:107B90000720264A106009E024480068401E234A56
:107BA00010609DF800004006000E00909DF8000057
:107BB00000F080008028EFD01C480068C0F107006A
:107BC000042801D1012000E0002050B900BF50205E
:107BD00080F31188BFF34F8FBFF36F8F00BF00BFDB
:107BE000FEE7124800680002104A10601046008844
:107BF00000F4E06010600B4A019810700C480068B7
:107C000040F470000A4908600846006840F070407F
:107C10000860FFF7E1FD002006490860F8F7E6FA82
:107C200000201CBD00E400E094000020980000202B
:107C300020ED00E09000002010B500BF502080F340
:107C40001188BFF34F8FBFF36F8F00BF00F0BCFBF5
:107C500018B14FF080500449086000BF002080F345
:107C6000118800BF10BD000004ED00E02DE9F843CD
:107C700080460E4617461D46DDF82090B8F1000FED
:107C800001D0012000E0002050B900BF502080F357
:107C90001188BFF34F8FBFF36F8F00BF00BFFEE7A8
:107CA0000DB1012000E0002050B900BF502080F34A
:107CB0001188BFF34F8FBFF36F8F00BF00BFFEE788
:107CC00007B10EB1012000E0002050B900BF5020E4
:107CD00080F31188BFF34F8FBFF36F8F00BF00BFDA
:107CE000FEE707B90EB9012000E0002050B900BF3F
:107CF000502080F31188BFF34F8FBFF36F8F00BF09
:107D000000BFFEE7502000900098502801D10120CC
:107D100000E0002050B900BF502080F31188BFF36D
:107D20004F8FBFF36F8F00BF00BFFEE700BF2C4631
:107D30004CB1012084F846004B463A463146404655
:107D40000094FEF705FF2046BDE8F88370B50546B0
:107D50000E462C4654B900BF502080F31188BFF363
:107D60004F8FBFF36F8F00BF00BFFEE7FFF79AFC96
:107D7000D4E90F12206801FB0200A0600020A0637C
:107D800020686060E06B401E226C216800FB0211DD
:107D9000E160FF2084F8440084F845009EB9206922
:107DA00008B9012000E00020A8B904F1100000F09B
:107DB000FFFB80B14FF0805009490860BFF34F8F3F
:107DC000BFF36F8F07E004F11000FFF735FC04F1FB
:107DD0002400FFF731FCFFF78FFC012070BD00008D
:107DE00004ED00E02DE9FF4383B0064688461D46BA
:107DF0004FF00009344654B900BF502080F3118879
:107E0000BFF34F8FBFF36F8F00BF00BFFEE7B8F126
:107E1000000F01D1206C08B9012000E0002050B90A
:107E200000BF502080F31188BFF34F8FBFF36F8FD7
:107E300000BF00BFFEE7022D02D1E06B012801D197
:107E4000012000E0002050B900BF502080F31188CD
:107E5000BFF34F8FBFF36F8F00BF00BFFEE700F08F
:107E60009DFA08B9059808B9012000E0002050B932
:107E700000BF502080F31188BFF34F8FBFF36F8F87
:107E800000BF00BFFEE700BFFFF70CFCA06BE16B7B
:107E9000884201D3022D28D12A4641462046FEF7CA
:107EA0008AFD0746606A08B9012000E0002068B931
:107EB00004F1240000F07CFB88B14FF0805032497F
:107EC0000860BFF34F8FBFF36F8F08E03FB14FF0F3
:107ED00080502D490860BFF34F8FBFF36F8FFFF7BE
:107EE0000BFC012007B0BDE8F083059818B9FFF737
:107EF00003FC0020F6E7B9F1000F04D101A8FFF759
:107F000025FD4FF00109FFF7F7FBFFF7C9FDFFF76C
:107F1000C9FB94F94400401C10B9002084F84400C7
:107F200094F94500401C10B9002084F84500FFF783
:107F3000E3FB05A901A800F05BF9F0B92046FEF7C4
:107F40001CFFA0B104F110000599FFF711FD2046B8
:107F5000FFF7F7F800F078FB002895D14FF080503C
:107F600009490860BFF34F8FBFF36F8F8CE720463E
:107F7000FFF7E7F800F068FB86E72046FFF7E1F837
:107F800000F062FB0020ADE704ED00E02DE9F84FC2
:107F900007468A4690461E463C4654B900BF5020CC
:107FA00080F31188BFF34F8FBFF36F8F00BF00BF07
:107FB000FEE7BAF1000F01D1206C08B9012000E002
:107FC000002050B900BF502080F31188BFF34F8FBD
:107FD000BFF36F8F00BF00BFFEE7022E02D1E06B40
:107FE000012801D1012000E0002050B900BF50203D
:107FF00080F31188BFF34F8FBFF36F8F00BF00BFB7
:10800000FEE7FFF7FDFB00BF5021EFF3118081F386
:108010001188BFF34F8FBFF36F8F00BF0546A06B72
:10802000E16B884201D3022E25D194F945B0A06BB3
:108030000090324651462046FEF7BDFC0BF1010090
:1080400088B9606A08B9012000E0002050B904F145
:10805000240000F0ADFA28B1B8F1000F02D00120E1
:10806000C8F8000004E00BF1010040B284F84500BC
:108070004FF0010901E04FF0000900BF85F31188BE
:1080800000BF4846BDE8F88F2DE9F74183B00546AB
:108090000E464FF000082C4654B900BF502080F324
:1080A0001188BFF34F8FBFF36F8F00BF00BFFEE794
:1080B0000EB9206C08B9012000E0002050B900BFC3
:1080C000502080F31188BFF34F8FBFF36F8F00BF35
:1080D00000BFFEE700F062F908B9059808B9012071
:1080E00000E0002050B900BF502080F31188BFF39A
:1080F0004F8FBFF36F8F00BF00BFFEE700BFFFF7DA
:10810000D1FAA76BF7B131462046FEF73FFC781E47
:10811000A063206908B9012000E0002060B904F1E3
:10812000100000F045FA38B14FF080502F49086038
:10813000BFF34F8FBFF36F8FFFF7DEFA012006B05A
:10814000BDE8F081059818B9FFF7D6FA0020F6E7E8
:10815000B8F1000F04D101A8FFF7F8FB4FF00108B8
:10816000FFF7CAFAFFF79CFCFFF79CFA94F944006A
:10817000401C10B9002084F8440094F94500401CCC
:1081800010B9002084F84500FFF7B6FA05A901A848
:1081900000F02EF8F0B92046FEF7E2FDA0B104F1A0
:1081A00024000599FFF7E4FB2046FEF7CAFF00F024
:1081B0004BFA0028A3D14FF080500C490860BFF360
:1081C0004F8FBFF36F8F9AE72046FEF7BAFF00F09C
:1081D0003BFA94E72046FEF7B4FF00F035FA20465C
:1081E000FEF7BEFD00288AD00020A8E704ED00E0DD
:1081F00070B505460C4655B900BF502080F3118874
:10820000BFF34F8FBFF36F8F00BF00BFFEE754B9BE
:1082100000BF502080F31188BFF34F8FBFF36F8FE3
:1082200000BF00BFFEE7FFF73DFA1248026868682A
:10823000131A2068401C08B9002617E00E49286868
:108240000968884204D06868904201D801260DE090
:108250002068984207D92068C01A20602846FFF796
:1082600075FB002602E0002020600126FFF744FA9B
:10827000304670BD30000020440000202DE9FF4F43
:1082800085B0804689461746DDE912ABB800FEF797
:1082900097FF064656B15C20FEF792FF04460CB1EC
:1082A000266304E03046FFF745FA00E000248CB175
:1082B000002084F85900CDE900ABCDE902403A46F0
:1082C00049464046089BFEF758FC2046FEF7A4FAB4
:1082D000012501E04FF0FF35284609B0BDE8F08FD9
:1082E0002DE9F04F85B00746884691469A46DDE96C
:1082F0000EB6109C0EB1012000E0002050B900BF66
:10830000502080F31188BFF34F8FBFF36F8F00BFF2
:1083100000BFFEE70CB1012000E0002050B900BF13
:10832000502080F31188BFF34F8FBFF36F8F00BFD2
:1083300000BFFEE75C20039003985C2801D1012078
:1083400000E0002050B900BF502080F31188BFF337
:108350004F8FBFF36F8F00BF00BFFEE700BFB4B108
:10836000AEB125462C462E63022085F85900002028
:1083700004A953464A46CDE900B1CDE90250414631
:108380003846FEF7FAFB2846FEF746FA01E00020E1
:108390000490049805B0BDE8F08F00000549096815
:1083A00009B9012005E00449096809B9022000E083
:1083B0000020704738000020540000200149086860
:1083C00070470000300000202DE9F0414FF0000818
:1083D0004348006800287BD142480068451C41485A
:1083E000056015BB40480068006808B9012000E03E
:1083F000002050B900BF502080F31188BFF34F8F89
:10840000BFF36F8F00BF00BFFEE7374807683748EC
:108410000068354908603548076035480068401CE9
:1084200033490860FEF7DEFD00BF32480068854230
:108430003BD300BF2C480068006808B9012000E069
:10844000002020B14FF0FF302A4908602CE0264878
:108450000068C068C4686668B54202D225480660F4
:1084600022E0201DFFF7BCF8A06A18B104F1180043
:10847000FFF7B6F82049E06A0968884202D91E4928
:10848000E06A0860E16A01EB81011C4A02EB8100AD
:10849000211DFFF7FBF81A49E06A0968C96A88429A
:1084A000C8D34FF00108C5E700BF15480068C06A8F
:1084B00000EB8000114951F82000012801D94FF04C
:1084C00001081048006808B14FF0010805E0FFE717
:1084D0000D480068401C0C4908604046BDE8F0812A
:1084E0005400002030000020200000202400002044
:1084F000440000204C00002034000020F004002044
:108500001C000020400000203C00002070B5054603
:108510002C460026002D43D022480068844201D119
:10852000012000E0002050B900BF502080F31188E6
:10853000BFF34F8FBFF36F8F00BF00BFFEE7206D0B
:1085400050B900BF502080F31188BFF34F8FBFF3A5
:108550006F8F00BF00BFFEE7206D401E2065E16CFD
:10856000E06A88421CD0206DD0B9201DFFF738F892
:10857000E06CE062E06AC0F13800A0610A49E06A9C
:108580000968884202D90849E06A0860E16A01EB9B
:108590008101064A02EB8100211DFFF777F80126D1
:1085A000304670BD1C00002034000020F004002084
:1085B00070B50646F068C46854B900BF502080F317
:1085C0001188BFF34F8FBFF36F8F00BF00BFFEE76F
:1085D00004F11800FFF704F815480068A0B9201D41
:1085E000FEF7FEFF1349E06A0968884202D9114983
:1085F000E06A0860E16A01EB81010F4A02EB810049
:10860000211DFFF743F804E004F118010B48FFF7C0
:108610003DF80B49E06A0968C96A884204D9012516
:1086200001200849086000E00025284670BD0000D0
:108630005400002034000020F004002078090020BD
:108640001C0000204000002070B5002400263648A1
:10865000006850B900BF502080F31188BFF34F8FDE
:10866000BFF36F8F00BF00BFFEE7FFF71BF82E4878
:108670000068401E2C4908600846006800284ED15A
:108680002A48006800284AD023E02948C068C46806
:1086900004F11800FEF7A4FF201DFEF7A1FF2549F5
:1086A000E06A0968884202D92249E06A0860E16A02
:1086B00001EB8101204A02EB8100211DFEF7E6FF5C
:1086C0001E49E06A0968C96A884202D301201C4930
:1086D00008601748006808B9012000E00020002861
:1086E000D3D00CB1FEF77EFC1648056865B100BF1B
:1086F000FFF76AFE10B10120114908606D1E002DC0
:10870000F6D100200F4908600D48006838B10126F5
:1087100030070D490860BFF34F8FBFF36F8FFEF72F
:10872000EBFF304670BD0000540000202C000020FC
:108730007809002034000020F00400201C000020F4
:10874000400000203C00002004ED00E010B586B0A1
:108750000024FEF7BDF816480068D0B1002005904F
:10876000049003AA04A905A8FEF75AFF0222DDE936
:1087700004100023CDE9002102900EA10F48039AB6
:10878000FFF7AEFD0E4908600846006800B10124FD
:1087900000BF54B900BF502080F31188BFF34F8F42
:1087A000BFF36F8F00BF00BFFEE7204606B010BDCD
:1087B00060000020546D7220537663002971000818
:1087C000640000202DE9FF4704460D4616461F466B
:1087D000DDF830804FF0000954B900BF502080F31D
:1087E0001188BFF34F8FBFF36F8F00BF00BFFEE74D
:1087F0001448006810B3009501960294062D15DA0E
:10880000FFF7CCFD022808D10023424669460D48F7
:108810000068FFF7E7FA814610E000231A46694630
:1088200008480068FFF7DEFA814607E000233A4671
:10883000694604480068FFF7A9FB8146484604B032
:10884000BDE8F0876000002090EA010F48BF81F08A
:10885000004100F19682421A3CBF801A89184FEA03
:10886000D0524FF07F4C1CEA410FA2EBD15318BFFE
:108870009CEA026F00F03B804FF0004C4CEA002075
:108880004CEA012121FA03FC10EB0C0C1ED202F180
:10889000FF325FEA1C2040EBC25038BF70471CF02B
:1088A0007F0F4FEA400C18BFBCF17F4F38BF7047B5
:1088B000C3F12003994008BF20F00100BCF17F4FB5
:1088C00038BF7047A0F1C04000F01DBA4FEA3C002D
:1088D000000A40EBC25028BF1CF0FF0F4FEA400CCB
:1088E000E6D018BFBCF17F4F38BF7047EAE79CEA7B
:1088F000026F05D010EA5C0F08BF00F0004070471F
:1089000010B500F0BAF900BF64FBBE3E401058BF7E
:10891000C0F14040491058BFC1F140418142EFF3DE
:10892000008070474FF47F0C1CEAD0121EBF1CEA77
:10893000D11392EA0C0F93EA0C0F00F0858090EAB5
:10894000010F48BF42F4807240F4000C41F4000073
:108950002CF07F4120F07F4000B58142A2EB030262
:108960000FF2081CACEB504EC0F100009EF800E086
:108970004FEA4E0E00FB0EFC38BF49004FEA2C1C9C
:1089800002F5FA020CFB0EF34FEACE1E4FEA112C51
:108990004FEAC1210EEB635E42EB22420EFB0CFC60
:1089A0004FEA1C5300FB03114FEA112C4FEA01312F
:1089B0000EFB0CFC4FEADC4C00FB0C11C14228BF43
:1089C00009184CEB03335DF804EB10EB410143EB6A
:1089D000C250B2F57C0F38BF704729D512F0F00FA6
:1089E0001CBF00F1C04000F000407047008182834E
:1089F0008485868788898B8C8D8E8F9192939596AE
:108A000097999A9C9D9FA0A2A3A5A7A8AAACAEB037
:108A1000B2B3B5B7B9BCBEC0C2C5C7C9CCCED1D43C
:108A2000D7D9DCDFE2E6E9ECF0F3F7FAFE0000006C
:108A30004FEA400C0CF1807CBCF17E4F28BF7047A0
:108A4000B0F1C04000F05FB990EA010F0CEAD11319
:108A500048BF42F48072624538BF634507D213F4C1
:108A60007F0F16D080EA010000F00040704710B57B
:108A700000F003F9097EFC3E00F005B880EA010031
:108A800000F00040704780EA010000F0004000F074
:108A90003AB912F47F0F04BF0248704780EA010020
:108AA00000F031B90000C07FC10DD1F19E0206DB9C
:108AB0004FEA002343F0004323FA02F070470042DC
:108AC00007D54FEA4001B1F1FE4F02D24FF000004E
:108AD000704710B500F0D1F849922480002070470B
:108AE0006FEA200070470000B0FA80F310FA03F23A
:108AF000C3F19D030AD0D90501EB1220530638BFFC
:108B0000704700F1010008BF20F00100704700002D
:108B100050EA010C00F113801CF5000F58BFBCF5A2
:108B2000000F01D48842704707D710F5000F58BFD7
:108B300011F5000F15D488427047894270471CF523
:108B4000000F04D5BCF5000FF7D5814270474FF0F8
:108B5000807C1CEB400F38BF1CEB410F01D28142DF
:108B6000704710B500F089F8922449004FF000508A
:108B70004FF08051FFF7CABE4FF47F0C1CEAD012B1
:108B80001EBF1CEAD11392EA0C0F93EA0C0F00F0FF
:108B9000478090EA010F48BF42F480724FF0004CCA
:108BA0004CEA00204CEA012102EB0302A0FB011376
:108BB000A2F50002002918BF43F001035B0028BFA3
:108BC0004FEA330342EB22425FEA132C4CEBC250D4
:108BD0002EBFBCEB436FB2F57C0F70474FEA036CBE
:108BE000BCF1004F08BF20F00100B2F57C0F38BF88
:108BF00070470BD582F0FF0212F5803FC8BF704767
:108C000000F1C040D8BF00F00040704700F5000CF4
:108C10005FEA4C0C48BF7047B0F1C04000F073B839
:108C200090EA010F0CEAD11348BF42F4807262450A
:108C300038BF634504D280EA010000F0004070476D
:108C400010B500F01AF800BF8900013E00F007B827
:108C500000F009B85FEA410C5FEA1C6C08D080EABA
:108C6000010000F050B85FEA400C5FEA1C6CF6D1DE
:108C70004FF00040A0F5800070470EF1020E2EF07C
:108C8000030E5EF8044B244204D44FEA4102B2F1D1
:108C90007F4F11D84FEA4003B3F17F4F0CD80ED16C
:108CA0004FEAD07CB2F17F4F0CEB4C0C0CF1020C74
:108CB00008BF4CEBD17C04E04FF0080C01E04FEA18
:108CC000D17C0CEB4C0324FA03F404F00704B4F158
:108CD000040C06D20EEB840CBDE810404CF0010CE5
:108CE0006047DFE80CF0070802024FF00040A0F5F3
:108CF000800010BD0846420018BFD2F1807288BFC4
:108D000000F0004010BDFF2141EAD050C00570477F
:108D100051EA000C00F113801CF5000F58BFBCF5A0
:108D2000000F01D48142704707D711F5000F58BFDB
:108D300010F5000F15D481427047894270471CF529
:108D4000000F04D5BCF5000FF7D5884270474FF0EF
:108D5000807C1CEB410F38BF1CEB400F01D28842D6
:108D6000704780EA010081EA000180EA0100FFF714
:108D7000F8BE000090EA010F48BF81F000413FF5C6
:108D80006AAD421A04D882F00042A0EB02001144FE
:108D90004FEAD0524FF07F4C1CEA410FA2EBD15367
:108DA00018BF9CEA026F4AD04FF0004C4CEA0020FA
:108DB0004CEA012121FA03FCB0EB0C0C0FD412F0A9
:108DC000FE0F36D05FEA4C001DD5001240EBC250BA
:108DD00038BF70471CF03F0F18BF70470BE0A2F17F
:108DE00001025FEA1C2040EBC25038BF70471CF004
:108DF0007F0F18BF7047C3F12003994014BF401E76
:108E000020F00100704780084FEA122308BF704726
:108E1000B0FA80FCA2EB0C02CCF1280C60FA0CF04A
:108E200093EA122F04BF00EBC25070474FEAC370A1
:108E30007047130A5FEADC1008BF7047F6E79CEA48
:108E4000026F04D010EA5C0F08BF0020704710B515
:108E5000FFF713FF40DFF63E81F00040704700004F
:108E60005892000800000000000000000000000010
:108E700000000000000800001800000000000000D2
:108E80000000000040920008000000000000000008
:108E900000000000000000000008000018000000B2
:108EA00000000000000000004C92000800000000DC
:108EB00000000000000000000000000000080000AA
:108EC000180000000000000000000000020304057C
:108ED000060708090A0B0C0D0E0F10100102020301
:108EE0000405060708090A0B0C0D0E0F10100102ED
:108EF000000000000000000001020304060708094A
:108F000000000000010203040B0A0E010000000033
:108F10000000000000002F00000000070007000014
:108F2000147F147F1400242A7F2A1200626408131D
:108F30002300364955225000000503000000001CA4
:108F4000224100000041221C000014083E081400C9
:108F500008083E0808000000A06000000808080893
:108F600008000060600000002010080402003E516C
:108F700049453E0000427F400000426151494600A1
:108F80002141454B31001814127F100027454545FB
:108F900039003C4A4949300001710905030036494E
:108FA00049493600064949291E00003636000000AE
:108FB0000056360000000814224100001414141456
:108FC0001400004122140800020151090600324930
:108FD00059513E007C1211127C007F4949493600EC
:108FE0003E41414122007F4141221C007F494949C5
:108FF00041007F09090901003E4149497A007F0883
:1090000008087F0000417F4100002040413F0100EF
:109010007F08142241007F40404040007F020C0244
:109020007F007F0408107F003E4141413E007F09E0
:10903000090906003E4151215E007F0919294600B9
:1090400046494949310001017F0101003F4040404C
:109050003F001F2040201F003F4038403F00631466
:109060000814630007087008070061514945430070
:10907000007F41410000552A552A55000041417F9B
:109080000000040201020400404040404000000192
:10909000020400002054545478007F4844443800AF
:1090A000384444442000384444487F0038545454E1
:1090B0001800087E0901020018A4A4A47C007F08FF
:1090C0000404780000447D4000004080847D00005E
:1090D0007F102844000000417F4000007C041804F9
:1090E00078007C0804047800384444443800FC24A8
:1090F0002424180018242418FC007C080404080008
:10910000485454542000043F444020003C40402038
:109110007C001C2040201C003C4030403C00442887
:10912000102844001CA0A0A07C004464544C4414AB
:1091300014141414140001040702050908040300A0
:10914000010000000008014010000101000801407A
:10915000200001010008014000010101000C014054
:1091600080000101000C014004000101000C0140DD
:1091700010000101000C014020000101000C014021
:1091800000010101000C014000100101000C014030
:1091900000200101000C014000400001000C0140D2
:1091A000008000010010014000400100001001405B
:1091B0000080010000100140002000010506FFFFB3
:1091C000FFFF000084010020000000008401002057
:1091D000040000000000000000000000000000008B
:1091E00000000000CC01002000000000CC010020A5
:1091F00004000000CC01002008000000CC01002089
:109200000C0000001402002000000000000000001C
:109210000000000000000000000000001402002018
:109220000C00000000010100310000006492000801
:10923000320000006C9200083300000074920008B5
:10924000757365725461736B5F310000757365727D
:109250005461736B5F32000064656661756C7454B1
:1092600061736B0041494D5F3100000041494D5F22
:109270003200000041494D5F330000009C9200081D
:10928000000000202C01000028010008C8920008FE
:109290002C010020644900008401000801103210F4
:1092A00042010375127A1AAA01012A52645A01086E
:1092B0000110135C021B20A4041AEC04012423AC4B
:0892C0000DC37805D2FF000088
:04000005080000ED02
:00000001FF
