:020000040800F2
:10000000484A002021020008814400080D3F0008F2
:100010007D4400087D050008A1550008000000008F
:10002000000000000000000000000000890100083E
:10003000A10E000800000000CD010008AD4B000833
:100040003B0200083B0200083B0200083B0200089C
:100050003B0200083B0200083B0200083B0200088C
:100060003B0200083B0200083B0200083B0200087C
:100070003B0200083B0200088105000891050008CA
:10008000A1050008B10500083B0200083B0200087A
:100090003B0200083B0200083B0200083B0200084C
:1000A0003B020008494C00083B0200083B020008E4
:1000B0003B0200083B0200083B0200083B0200082C
:1000C0003B0200083B0200083B0200083B0200081C
:1000D0003B02000831550008415500083B0200086A
:1000E0003B0200083B0200083B02000800F002F857
:1000F00000F03AF80AA090E8000C82448344AAF188
:100100000107DA4501D100F02FF8AFF2090EBAE885
:100110000F0013F0010F18BFFB1A43F0010318473B
:100120004093000060930000103A24BF78C878C163
:10013000FAD8520724BF30C830C144BF04680C60ED
:10014000704700000023002400250026103A28BF35
:1001500078C1FBD8520728BF30C148BF0B60704739
:100160001FB51FBD10B510BD00F058F91146FFF7BF
:10017000F7FF06F02CFB00F076F903B4FFF7F2FF6F
:1001800003BC00F07DF90000224B19680868B0E854
:10019000F00F80F30988BFF36F8F4FF0000080F3FA
:1001A00011884EF00D0E70470000000006480068F0
:1001B000006880F3088862B661B6BFF34F8FBFF363
:1001C0006F8F00DF00BF00BF08ED00E0EFF3098094
:1001D000BFF36F8F0F4B1A6820E9F00F106008B55E
:1001E0004FF0500080F31188BFF34F8FBFF36F8F34
:1001F00007F018FD4FF0000080F31188BDE80840BB
:1002000019680868B0E8F00F80F30988BFF36F8FB2
:10021000704700BF1C000020EFF30580704700000E
:100220000948804709480047FEE7FEE7FEE7FEE78A
:10023000FEE7FEE7FEE7FEE7FEE7FEE704480549C6
:10024000054A064B70470000474C0008ED000008C7
:1002500048440020484A00204846002048460020E4
:10026000B2F120030AD5C2F1200320FA02F001FA0C
:1002700003F321FA02F140EA0300704721FA03F088
:100280004FF000017047032A40F2308010F0030C59
:1002900000F0158011F8013BBCF1020F624498BFD9
:1002A00011F801CB00F8013B38BF11F8013BA2F176
:1002B000040298BF00F801CB38BF00F8013B11F0F1
:1002C000030300F02580083AC0F0088051F8043B91
:1002D000083A51F804CBA0E80810F5E7121D5CBFFE
:1002E00051F8043B40F8043BAFF30080D20724BF31
:1002F00011F8013B11F801CB48BF11F8012B24BFC5
:1003000000F8013B00F801CB48BF00F8012B704713
:1003100010B5203AC0F00B80B1E81850203AA0E8A0
:100320001850B1E81850A0E81850BFF4F5AF5FEAD4
:10033000027C24BFB1E81850A0E8185044BF18C987
:1003400018C0BDE810405FEA827C24BF51F8043B2E
:1003500040F8043B08BF7047D20728BF31F8023B82
:1003600048BF11F8012B28BF20F8023B48BF00F816
:10037000012B704702F0FF0343EA032242EA0242E4
:1003800000F02CB84FF0000200B513469446964694
:10039000203922BFA0E80C50A0E80C50B1F1200198
:1003A000BFF4F7AF090728BFA0E80C5048BF0CC046
:1003B0005DF804EB890028BF40F8042B08BF7047A4
:1003C00048BF20F8022B11F0804F18BF00F8012B16
:1003D00070477047704770474FF000020429C0F023
:1003E000128010F0030C3FF4CFAFCCF1040CBCF141
:1003F000020F18BF00F8012BA8BF20F8022BA1EBB9
:100400000C01FFF7C1BF5FEAC17C24BF00F8012BDC
:1004100000F8012B48BF00F8012B7047754600F02B
:100420002BF8AE4605006946534620F00700854686
:1004300018B020B5FFF702FFBDE820404FF00006DE
:100440004FF000074FF000084FF0000B21F00701BC
:10045000AC46ACE8C009ACE8C009ACE8C009ACE8FF
:10046000C0098D46704710B50446AFF300802046A2
:10047000BDE81040FFF781BE00487047E44300200C
:1004800001491820ABBEFEE726000200704770B598
:10049000044600252068806800F0010018B3206839
:1004A000806820F001002168886001F09FFF054608
:1004B00013E001F09BFF401B02280ED920688068E2
:1004C00000F0010048B1A06A40F01000A062E06AAC
:1004D00040F00100E062012070BD2068806800F0FB
:1004E00001000028E5D10020F6E7000038B50446F9
:1004F0000025002000902068806800F0010078BB93
:100500002068806840F00100216888601948006810
:100510001949B0FBF1F0009002E00098401E0090F5
:1005200000980028F9D101F061FF054619E001F0BB
:100530005DFF401B022814D92068806800F001008C
:1005400078B9A06A40F01000A062E06A40F00100B3
:10055000E06200BF002084F8240000BF012038BD05
:1005600005E02068806800F001000028DFD000204E
:10057000F5E700001800002040420F0000BFFEE732
:1005800010B5024801F072FB10BD0000D802002037
:1005900010B5024801F06AFB10BD00009402002073
:1005A00010B5024801F062FB10BD00001C030020E2
:1005B00010B5024801F05AFB10BD00006003002096
:1005C00030B590F840500124AC40C56B6C600468B5
:1005D00063604468102C04D10468A2600468E16080
:1005E00003E00468A1600468E26030BD014609B917
:1005F000002070471148807D08B90020F9E70F48B6
:10060000407808700D48801C0268C1F801204268DB
:10061000C1F805200089A1F8090009480A680260AC
:100620004A6842600A8902818A7A82720020044AFA
:10063000D072024A90750120DBE700005C40002088
:10064000E43800202DE9F04104460D4616460C48DA
:100650000021C160016181825DB10A2E01D90A20A9
:1006600000E0304607463A46294605480C30FFF779
:100670000AFE2146002004F0FDF9BDE8F0810000EB
:100680005C40002010B52148808C50B9204800788B
:1006900030B10021082004F0F5F800201C49087052
:1006A00010BD1A48808C4FF6FF7188420AD1184855
:1006B000007830B91749082004F0E4F80120144903
:1006C0000870EDE71248007858B903F03CFF124972
:1006D00008601049082004F0D5F801200C49087082
:1006E000DEE703F030FF04460B480068201A074994
:1006F000898C884208D30021082004F0C3F8002028
:10070000024988840249087000BFC9E714390020F3
:10071000A00000200000C8429C00002010B503F09B
:1007200077FF0021012000F0E5F80121002000F012
:10073000E1F800F095F80020054988840549087023
:10074000054908600021082004F09CF810BD000055
:1007500014390020A00000209C00002070B503F098
:10076000F2FE0646002474E0204600F0AFF805468D
:10077000002D57D0012004EB4401374A02F8210034
:1007800004EB4400354911F82000F0B9012004EBD6
:100790004401324A02F8210004EB4400114601EB07
:1007A00080004660002004EB440102EB81010872E6
:1007B00004EB4400284901EB80004068401C04EB36
:1007C0004401254A02EB8101486004EB44002349BF
:1007D00001EB8000007A20BB04EB44000A4602EBE8
:1007E00080004168304604F0EAFEB0F57A7F2ED3EF
:1007F000012004EB4401194A02EB8101087204EB69
:100800004401154A02EB8101487004EB4400114693
:1008100001EB80008068401C04EB440102EB810185
:10082000886014E0002004EB44010B4A02F8210028
:1008300004EB440102EB8101487004EB4401074AD8
:1008400002F8210004EB440102EB81010872601CF4
:10085000C4B2032C88D370BD14390020F0380020B6
:1008600010B503F070FE0446002027E0002100EBE5
:100870004002144B03F8221000EB40011A4602EB31
:1008800081014C60002100EB400203EB82021172F7
:1008900000EB40020C4B03F8221000EB400203EB8C
:1008A0008202517000EB400203EB8202516000EBC8
:1008B000400203EB82029160411CC8B20328D5D3E9
:1008C00010BD0000F03800201439002010B5044697
:1008D000204600F005F808B9012010BD0020FCE713
:1008E00010B504460249085D03F056FE10BD000035
:1008F0002891000870B504460D460DB9012000E0AE
:10090000002006460249085D314603F05FFE70BDD7
:100910002B91000800200CE0002106E00022064B8D
:1009200003EBC0135A544A1CD1B28029F6D3411CA0
:10093000C8B20828F0D370473C39002010B50446EF
:1009400024B90021A62004F048FE03E00021A720DE
:1009500004F043FE10BD000010B500218D2004F00E
:100960003CFE0021142004F038FE0021AF2004F0EA
:1009700034FE01200149087010BD0000A1000020D4
:1009800010B5044644B90021C82004F026FE002119
:10099000A12004F022FE07E00021C02004F01DFE8B
:1009A0000021A02004F019FE10BD0000F0B50B4698
:1009B000D90803F007050126AE40F4B24AB10A4E49
:1009C00006EBC116365C2643074F07EBC1173E54B2
:1009D00008E0054E06EBC116365CA643024F07EB56
:1009E000C1173E54F0BD00003C39002010B503F0A3
:1009F000B7FE0021AE2004F0F0FD0021084604F00F
:100A0000ECFD0021102004F0E8FD0021402004F05E
:100A1000E4FD0021812004F0E0FD0021CF2004F05E
:100A2000DCFD0021A12004F0D8FD0021C82004F045
:100A3000D4FD0021A62004F0D0FD0021A82004F060
:100A4000CCFD00213F2004F0C8FD0021D32004F09C
:100A5000C4FD0021084604F0C0FD0021D52004F0AB
:100A6000BCFD0021802004F0B8FD0021D92004F055
:100A7000B4FD0021F12004F0B0FD0021DA2004F0E3
:100A8000ACFD0021122004F0A8FD0021DB2004F0C1
:100A9000A4FD0021302004F0A0FD0021202004F05E
:100AA0009CFD0021022004F098FD00218D2004F01F
:100AB00094FD0021142004F090FDFFF72BFF00218E
:100AC000AF2004F08AFDFFF747FF0020FFF736FF55
:100AD0000020FFF755FF10BD38B5002419E004F1E0
:100AE000B001C8B2002104F078FD0021084604F0EE
:100AF00074FD0021102004F070FD80200090064855
:100B000000EBC41340227821002003F06DFE601C2E
:100B1000C4B2082CE3D338BD3C3900202DE9F04F96
:100B20000746884615469946202D01DB7E2D00DDBF
:100B30002025A5F1200000F0FF0A00242AE00AEB9E
:100B40004A00164901EB400010F804B000261DE0F1
:100B50000BF0010040B108EB0602D1B23A19D0B255
:100B60004A46FFF723FF0DE0B9F1000F01D1012341
:100B700000E000231A4608EB0603D9B23B19D8B2AD
:100B8000FFF714FF4FEA6B0B701CC6B2082EDFD3C1
:100B9000601CC4B2062CD2D3BDE8F08F2D910008A2
:100BA0002DE9FF4F85B016461F46059D00213046B2
:100BB00008F0B4F809D201232D2228460699FFF740
:100BC000ADFFA81DC5B286F00046304608F05AF8C1
:100BD000044639460A2004F0F5FC8246504608F0E7
:100BE00089F80290204608F085F83146009008F018
:100BF000C6F90190029908F0C5F84FF07C510390B6
:100C000007F0DCFE049008F03DF88046D04502D3A2
:100C1000641C4FF00008A3464FF0010906E00A20CB
:100C2000BBFBF0FB09F1010000F0FF09BBF10A0F6B
:100C3000F5D24B4622462846069900F01DF809EBEE
:100C4000490005EB4000C5B297B101232E2228468A
:100C50000699FFF763FFA81DC5B23B4642462846EA
:100C6000069900F009F807EB470005EB4000C5B214
:100C7000284609B0BDE8F08F2DE9F04706468846C2
:100C800017461D4600241AE0281B401EC1B20A2048
:100C900004F098FCB7FBF0F00A21B0FBF1F201FB85
:100CA000120909F13001CAB204EB440106EB41011B
:100CB000C8B201234146FFF731FF601CC4B2AC4209
:100CC000E2DBBDE8F0872DE9F0410546884616468F
:100CD0002F46344608E02278012341463846FFF784
:100CE0001DFFB81DC7B2641C20780028F3D1BDE8F1
:100CF000F081000001480068704700003C3D002082
:100D000038B500201B49487400F04EF819490874A2
:100D10000846007C20B908468069401C886138BDBF
:100D2000684600F049F800B9F9E7124900984860B0
:100D30000846806800990C1A0E49C868002107F01F
:100D40006DFF0AD0204607F0BDFF05460948C1687F
:100D5000284607F0A1FE07490860012005494874AC
:100D600008464069401C486103F0EDFB0149C86139
:100D700000BFD4E73C3D002010B5002007490860C3
:100D80004860074888600748C860002008744874B5
:100D900048618861C86104F041FC10BD3C3D002001
:100DA000CF55840040E3D74310B504F029FC08B9BF
:100DB000012010BD0020FCE72DE9F041054600268A
:100DC00015B90020BDE8F081FFF7EEFF08B900205B
:100DD000F8E703F0AFFB0746002412E0012004F01F
:100DE0001DFC012003F018FC7600002004F016FC26
:100DF000012003F011FC04F003FC00B1761C601C20
:100E0000C4B2182CEAD300240DE0012004F006FC43
:100E1000012003F001FC002004F000FC012003F09D
:100E2000FBFB601CC4B2002CEFD0384603F088FBFB
:100E300086F4000028600120C4E7000070B5044675
:100E40000D46022C00D370BD0349085D294603F00E
:100E500075FD00BFF7E70000559300082DE9F0414C
:100E600004460D461646022C01D3BDE8F08115B9A3
:100E70004FF47A7001E04FF4FA6007460749085DC5
:100E8000394603F05BFD304605F0BFFC0349085DC1
:100E900040F2DC5103F052FD00BFE6E75593000835
:100EA000704772B600BFFEE70021074AD1610749CB
:100EB000096941F00401054A11611146096941F0CF
:100EC0004001116170470000F00300200020024043
:100ED0000021074AD1610749096941F00201054A29
:100EE000116111464861096941F040011161704783
:100EF000F0030020002002400022054BDA61054A81
:100F0000126942F00102034B1A6101807047000030
:100F1000F00300200020024000201E49C96801F0B3
:100F2000100139B11C49C96941F002011A4AD16165
:100F300040F010001749C96801F0040139B11649A1
:100F4000C96941F00101144AD16140F0040011491E
:100F5000C96901F0010169B10F49C96941F0040192
:100F60000D4AD16100BF0B49C96921F00101094A4D
:100F7000D16100BF00BF40F20111884206D105498E
:100F8000C96921F00101034AD16101E00149C8604A
:100F900000BF704700200240F003002070B50446F7
:100FA00001F024FA054609E0601C38B124B101F0D3
:100FB0001DFA401BA04201D9032070BD1248C06831
:100FC00000F001000028EFD10F48C06800F02000B9
:100FD00020B100BF20200C49C86000BF0A48C0688B
:100FE00000F0100048B90848C06900F0010020B9BD
:100FF0000548C06800F0040018B1FFF78DFF01201C
:10100000DBE70020D9E700000020024010B558219E
:101010000C48FFF7B7F909200A4908700A20C8727E
:101020000B2088750C2081F82100132081F82C00FA
:10103000142081F83700152081F84200162081F82D
:101040004D0010BD0C4100203EB503F055FD684633
:10105000FFF7CCFA00B93EBD9DF80000132803D37A
:101060009DF80000162800D9F5E79DF800000F381C
:10107000C4B204EB440000EBC40037490844DDF877
:10108000011040F8011FDDF805104160BDF809109E
:1010900001813149D1F82D0004F084FA2F49886488
:1010A0002D49D1F8310004F07DFA2C49C8642A4852
:1010B00090F8350081F84400274890F8361027480A
:1010C00041652549886B04F06DFA244988652249F9
:1010D000C86B04F067FA2149C8651F4890F84010B2
:1010E0001E4801661C4890F841101C4841661A4988
:1010F000D1F8430004F056FA184988661649D1F829
:10110000470004F04FFA1549C866134890F84B1091
:1011100012480167104890F84C10104841670E497A
:10112000D1F84E0004F03EFA0C4988670A49D1F81C
:10113000520004F037FA0949C867074890F856107A
:101140000648C0F88010044890F857100348C0F8CB
:10115000841000BF7FE700000C41002064410020A4
:1011600010B5324840683249C1F801002F48816803
:101170002F48C0F805102D48017B2D4841722B489F
:10118000017C2B488172294841692948C160274860
:101190008169274801612548017F25480175234859
:1011A00090F82010224841752048416A2048C0F834
:1011B00017101E48816A1E48C0F81B101B4890F883
:1011C0002C101B48C177194890F83010184880F847
:1011D00020101648416B1648C0F822101348816B46
:1011E0001348C0F82610114890F83C10104880F8B9
:1011F0002A100E4890F840100D4880F82B1000245B
:1012000010E004EB440202EBC402094B1A44511CE7
:1012100004EB440202EBC402985C0A22FFF712FAC4
:10122000601CC4B2042CECD310BD0000644100204B
:101230000C41002010B5FFF707FFFFF791FF10BD2D
:10124000F8B5044600260020009000BF94F8240062
:10125000012801D10220F8BD012084F8240000BF3C
:101260002046FFF714F906462046FFF73FF90646E9
:10127000002E69D1A06A20F4885040F00200A062DC
:10128000022001F0BBF934490968B1FBF0F04000DD
:10129000009002E00098401E009000980028F9D1CC
:1012A0002068806840F008002168886001F09EF89E
:1012B000054616E001F09AF8401B0A2811D920686B
:1012C000806800F0080060B1A06A20F0020040F0E1
:1012D0001000A06200BF002084F8240000BF01209D
:1012E000B9E72068806800F008000028E2D1206893
:1012F000806840F004002168886001F077F80546B6
:1013000016E001F073F8401B0A2811D920688068A4
:1013100000F0040060B1A06A20F0020040F010006C
:10132000A06200BF002084F8240000BF012092E7E3
:101330002068806800F004000028E2D1A06A20F054
:10134000020040F00100A06200BF002084F82400E9
:1013500000BF30467FE700001800002038B5024685
:1013600000230020009000BF92F82400012801D142
:10137000022038BD012082F8240000BF48680728F9
:1013800012D21068406B0C79641E04EB84051F2494
:10139000AC40A0430D796D1E05EB85050C68AC4093
:1013A00020431468606327E048680D2812D2106853
:1013B000006B0C79E41F04EB84051F24AC40A043B0
:1013C0000D79ED1F05EB85050C68AC4020431468D2
:1013D000206311E01068C06A0C790D3C04EB8405B1
:1013E0001F24AC40A0430D790D3D05EB85050C682D
:1013F000AC4020431468E06208680A2812D31068E1
:10140000C0680C780A3C04EB44050724AC40A043B8
:101410000D780A3D05EB45058C68AC402043146807
:10142000E0600FE0106800690C7804EB44050724C5
:10143000AC40A0430D7805EB45058C68AC402043DB
:10144000146820610868102802D00868112827D184
:10145000174C1068A0421ED11068806800F400008C
:10146000F0B91068806840F400001468A060086853
:10147000102815D10F4800680F4CB0FBF4F000EBBA
:1014800080004000009002E00098401E009000980C
:101490000028F9D104E0906A40F020009062012316
:1014A00000BF002082F8240000BF184661E700005A
:1014B000002401401800002040420F000146086847
:1014C000C06C70472DE9F041044600270025002636
:1014D000A84614B90120BDE8F081A06810B1207DB4
:1014E00000B100BFA06A30B90020E06284F8240097
:1014F000204600F089F82046FEF7C9FF0746A06A9B
:1015000000F01000002873D1002F71D1A06A20F4E0
:10151000885040F00200A062E16960680843217BC6
:1015200040EA41000643A068B0F5807F02D0A06881
:10153000012802D14FF4807000E000200543207D97
:10154000012811D1207B38B9A069401E4FF40061F9
:1015500041EA4030054307E0A06A40F02000A06265
:10156000E06A40F00100E0622068406820F46940D1
:10157000284321684860206880682149084030433A
:1015800021688860A068B0F5807F02D0A06801283B
:1015900002D14FF4807000E00020B0F5807F03D1CD
:1015A000208A401E4FEA00582068C06A20F470006C
:1015B00040EA08002168C862206880681149084034
:1015C000B04208D10020E062A06A20F0020040F0A2
:1015D0000100A06211E0A06A20F0020040F01000BB
:1015E000A062E06A40F00100E062012705E0FFE749
:1015F000A06A40F01000A062012738466BE70000A7
:10160000FDF7E1FFFE0E1FFF10B586B00446002077
:10161000029003900490059014492068884222D1DA
:1016200000BF1348806940F4007011498861084682
:10163000806900F40070019000BF00BF00BF084641
:10164000806940F0040088610846806900F0040069
:10165000019000BF00BF012002900320039002A967
:10166000044800F025FD06B010BD00000024014034
:101670000010024000080140F8B504460D4600265F
:1016800000200090002700F0B1FE06462068806828
:1016900000F4807050B1A06A40F02000A06200BF4A
:1016A000002084F8240000BF0120F8BD20684068B5
:1016B00000F4807020BB2068C06A00F47000F8B9A4
:1016C00017E0681CA8B125B100F090FE801BA8426D
:1016D0000FD92068006800F0020050B9A06A40F0FD
:1016E0000400A06200BF002084F8240000BF032093
:1016F000DBE72068006800F002000028E1D053E03A
:10170000022000F07BFF38490968B1FBF0F0216846
:101710000969364A114091B92168C968921111408E
:1017200069B921680969324A114031B92168C9682B
:101730009211114009B9142117E0292115E02168FF
:1017400009692B4A114021B92168C96892111140D9
:1017500041B121680969274A114029B92168C9683E
:10176000114009B9542100E0FC2100FB01F718E009
:10177000681C98B125B100F039FE801BA8420DD934
:101780000098B8420AD2A06A40F00400A06200BFEC
:10179000002084F8240000BF032086E70098401C46
:1017A00000900098B842E3D36FF0120021680860FF
:1017B000A06A40F40070A0622068806800F4602095
:1017C000B0F5602F0DD1207B58B9A06A20F480704D
:1017D000A062A06A00F4805018B9A06A40F001002D
:1017E000A062002061E70000180000202449922434
:1017F000922449124992240070B50446002500BF86
:1018000094F82400012801D1022070BD012084F841
:10181000240000BF2046FEF769FE0546002D77D163
:10182000A06A40F20121884340F48070A0623C49E4
:101830002068884208D13B48006800F4702008B94D
:10184000012002E0002000E0012078B1A06A20F42D
:101850008010A0622068406800F4806000B3A06A35
:1018600020F4005040F48050A06219E0A06A40F4D7
:101870008010A0622B49091F2068884203D02849A4
:101880002068884204D12748006800F4806000E0A6
:10189000002028B1A06A20F4005040F48050A062DB
:1018A000A06A00F4805020B1E06A20F00600E062F7
:1018B00001E00020E06200BF002084F8240000BFA7
:1018C000C01E216808602068806800F46020B0F5C0
:1018D000602F16D112492068884208D1114800684B
:1018E00000F4702008B9012002E0002000E001208F
:1018F00038B12068806840F4A000216888600CE05E
:1019000006E02068806840F480102168886004E068
:1019100000BF002084F8240000BF284675E70000BF
:10192000002801400424014070B50446002500BF92
:1019300094F82400012801D1022070BD012084F810
:10194000240000BF2046FEF7A2FD05462DB9A06A7F
:1019500020F4885040F00100A06200BF002084F80D
:10196000240000BF2846E8E770B504460CB9012002
:1019700070BD94F8200010B9204600F0AFF8206840
:10198000006840F001002168086000F02FFD054666
:101990000DE000F02BFD401B0A2808D9606A40F4D6
:1019A00000306062052084F820000120E0E7206814
:1019B000406800F001000028EBD02068006820F0AB
:1019C00002002168086000F011FD05460DE000F0FE
:1019D0000DFD401B0A2808D9606A40F4003060629F
:1019E000052084F820000120C2E72068406800F04C
:1019F00002000028EBD1207E012806D12068006873
:101A000040F080002168086005E02068006820F050
:101A1000800021680860607E012806D12068006887
:101A200040F040002168086005E02068006820F070
:101A3000400021680860A07E012806D12068006867
:101A400040F020002168086005E02068006820F070
:101A5000200021680860E07E012806D12068006827
:101A600020F010002168086005E02068006840F060
:101A7000100021680860207F012806D120680068D6
:101A800040F008002168086005E02068006820F048
:101A9000080021680860607F012806D1206800687E
:101AA00040F004002168086005E02068006820F02C
:101AB000040021680860D4E9020108432169084351
:101AC000616908436168491E08432168C8610020B4
:101AD0006062012084F82000002049E710B586B03C
:101AE0000446002002900390049005901A49206853
:101AF00088422ED100BF1948C06940F000701749D4
:101B0000C8610846C06900F00070019000BF00BFC6
:101B100000BF0846806940F004008861084680697B
:101B200000F00400019000BF00BFC8140290002024
:101B30000390049002A90A4800F0BAFA4FF48050CA
:101B40000290022003900320059002A9044800F0AF
:101B5000AFFA06B010BD0000006400400010024063
:101B6000000801400146002291F82100022808D017
:101B70000420886300BF002081F8200000BF0120FE
:101B800070470868006820F00E000B68186008684D
:101B9000006820F001000B68186091F840300120C7
:101BA0009840CB6B5860012081F8210000BF0020D5
:101BB00081F8200000BF1046E2E7000070B504463F
:101BC000002594F82100022803D00420A0630125F9
:101BD00048E02068006820F00E0021680860206856
:101BE000006820F00100216808601F4920688842D1
:101BF00001D1012026E01C4914312068884201D11E
:101C000010201FE0184928312068884201D1801532
:101C100018E015493C312068884201D1801411E058
:101C2000114950312068884202D14FF4803009E0D8
:101C30000D4964312068884202D14FF4801001E0E0
:101C40004FF08070084908394860012084F821006D
:101C500000BF002084F8200000BF606B10B1204658
:101C6000616B8847284670BD0800024070B5044685
:101C7000E06B05682068066894F8401004208840EE
:101C80002840002846D006F00400002842D02068F2
:101C9000006800F0200028B92068006820F00400E7
:101CA0002168086057492068884201D1042027E054
:101CB000544914312068884201D1402020E0514924
:101CC00028312068884201D1001519E04D493C3186
:101CD0002068884202D14FF4804011E049495031D8
:101CE0002068884202D14FF4802009E045496431E0
:101CF0002068884202D14FF4800001E04FF08060FC
:101D0000404908394860E06A00287AD02046E16AF4
:101D1000884776E094F84010022088402840A0B31D
:101D200006F0020088B32068006800F0200040B987
:101D30002068006820F00A0021680860012084F80B
:101D4000210030492068884201D1022028E02D4935
:101D500014312068884201D1202021E0294928310E
:101D60002068884201D140151AE026493C3120689C
:101D7000884202D14FF4005012E0224950312068CD
:101D8000884203D14FF400300AE017E01D49643166
:101D90002068884202D14FF4001001E04FF000703B
:101DA00018490839486000BF002084F8200000BFAF
:101DB000A06A30B32046A16A884722E094F8401018
:101DC000082088402840E0B106F00800C8B120682B
:101DD000006820F00E002168086094F8401001208F
:101DE0008840E16B48600120A06384F8210000BFB7
:101DF000002084F8200000BF206B10B12046216B2A
:101E0000884770BD080002400146002209B9012040
:101E10007047164B0868C01A1423B0FBF3F080001B
:101E2000086412480838C863022081F82100086855
:101E3000026843F6F0708243D1E901031843CB688E
:101E400018430B6918434B6918438B691843CB69D6
:101E5000184302430868026000208863012081F86B
:101E60002100002081F8200000BFD1E708000240D7
:101E70002DE9F04104460D4616461F464FF0000876
:101E800000BF94F82000012802D10220BDE8F081B3
:101E9000012084F8200000BF94F8210001282CD1F3
:101EA000022084F821000020A0632068006820F050
:101EB0000100216808603B46324629462046FEF76D
:101EC0007FFBE06A30B12068006840F00E002168B6
:101ED00008600BE02068006820F0040021680860BA
:101EE0002068006840F00A002168086020680068E7
:101EF00040F001002168086006E000BF002084F87F
:101F0000200000BF4FF002084046BFE72DE9F04136
:101F100004460E460127002500BF2648007E012802
:101F200002D10220BDE8F08101202249087600BFDD
:101F30002068022813D14CF25030FFF72FF890BBE5
:101F40000120FEF7B1FF4CF25030FFF727F80746AB
:101F50001948006920F004001749086123E04CF299
:101F60005030FFF71BF8F0B94FF0FF303060A56834
:101F700012E02846FEF7ACFF4CF25030FFF70EF8A7
:101F800007460D48006920F002000B4908610FB1B7
:101F9000356007E005F58065D4E9021001EB80208B
:101FA000A842E6D800BF00BF00200249087600BF63
:101FB0003846B7E7F00300200020024003480069DC
:101FC00040F0800001490861002070470020024075
:101FD0002DE9FE4F05468B461746984601260024FC
:101FE0000020029000BF2448007E012802D1022078
:101FF000BDE8FE8F01202049087600BF4CF250302A
:10200000FEF7CCFF064686BB012D02D101200290CF
:1020100006E0022D02D10220029001E0042002908D
:1020200000241EE02201B946C24648465146FEF74A
:1020300017F980B20190022000FB04B000900199D2
:10204000FEF75AFF4CF25030FEF7A8FF06460B4849
:10205000006920F001000949086106B104E0601C34
:10206000C4B202988442DDDB00BF00BF00200249F9
:10207000087600BF3046BBE7F00300200020024096
:1020800000200849096901F0800151B10649054A5B
:102090005160064951601146096901F0800101B1A2
:1020A000012070470020024023016745AB89EFCD36
:1020B0002DE9F8470346002294466EE14FF00108EF
:1020C00008FA02F4D1F8008008EA0400A0427DD1A9
:1020D000DFF8DCA2D1F80480A8EB0A09D0453AD099
:1020E00014DCB8F1030F50D009DCB8F1000F31D087
:1020F000B8F1010F1CD0B8F1020F49D120E0B8F1BE
:10210000110F18D0B8F1120F42D11EE0B9F5881F97
:1021100025D006DCB9F5803F20D0B9F5801F37D136
:102120001AE0B9F5001F18D0B9F5041F30D117E037
:10213000D1F80CC02DE0D1F80C8008F1040C28E097
:10214000D1F80C8008F1080C23E0D1F80C8008F1DC
:102150000C0C1EE000BF00BF00BF00BF00BF00BFEF
:10216000D1F80880B8F1000F02D14FF0040C0BE059
:10217000D1F80880B8F1010F03D14FF0080C1C61B1
:1021800002E04FF0080C5C6103E04FF0000C00E04F
:1021900000BF00BFFF2801D8984601E003F1040802
:1021A0004646FF2802D84FEA820803E0A2F1080859
:1021B0004FEA88084746D6F800804FF00F0909FA21
:1021C00007F928EA09080CFA07F900E088E048EA6C
:1021D0000908C6F80080D1F8048008F08058B8F1EA
:1021E000805F7DD100BFDFF8CC81D8F8188048F03F
:1021F0000108DFF8C091C9F81880C846D8F81880DF
:1022000008F00108CDF8008000BF00BF4FEAB938E0
:102210004FEA920958F829504FEA82784FEA187924
:102220004FF00F0808FA09F825EA0805DFF8888159
:10223000434502D14FF0000816E0DFF880814345A6
:1022400002D14FF001080FE0DFF87481434502D15D
:102250004FF0020808E0DFF86C81434502D14FF0EF
:10226000030801E04FF004084FEA82794FEA197938
:1022700008FA09F848EA0505DFF84C814FEA9209A7
:1022800048F82950D1F8048008F48018B8F5801F68
:102290000AD1DFF83881D8F8008048EA0008DFF872
:1022A0002C91C9F8008009E0DFF82081D8F800807F
:1022B00028EA0008DFF81491C9F80080D1F80480FA
:1022C00008F40018B8F5001F10D1DFF8008108F1FC
:1022D0000408D8F8008048EA0008DFF8F09000E031
:1022E0005AE009F10409C9F800800DE0DFF8DC804C
:1022F00008F10408D8F8008028EA0008DFF8CC903C
:1023000009F10409C9F80080D1F8048008F4003804
:10231000B8F5003F0ED1DFF8B480A8F10408D8F872
:10232000008048EA0008DFF8A490A9F10409C9F880
:1023300000800DE0DFF89480A8F10408D8F8008050
:1023400028EA0008DFF88490A9F10409C9F80080A0
:10235000D1F8048008F48038B8F5803F0ED1DFF85A
:102360006C80A8F10808D8F8008048EA0008DFF877
:102370005C90A9F10809C9F800800DE0DFF84C80F5
:10238000A8F10808D8F8008028EA0008DFF83C9097
:10239000A9F10809C9F80080521CD1F8008028FA78
:1023A00002F8B8F1000F7FF489AEBDE8F8870000AD
:1023B000000011100010024000080140000C014014
:1023C00000100140001401400800014008040140D1
:1023D000024693680B400BB1012000E000207047DB
:1023E0000AB1016101E00B04036170470148006814
:1023F000704700000C00002003480068034909787A
:1024000008440149086070470C00002014000020B7
:1024100010B50848006840F0100006490860032025
:1024200000F0D8F80F2000F007F800F055F8002071
:1024300010BD000000200240F0B587B00446002621
:102440000027002500BF1F48806940F400601D4937
:1024500088610846806900F40060009000BF00BFFA
:1024600001A902A800F0A6FA00F0DCFA0646164818
:10247000B6FBF0F0471E15481549086040F2E731F9
:102480001348C1604760002101618160816100F0F3
:1024900087FD054695B90E4800F0F4FD05466DB977
:1024A000192000F049F8102C07D2002221461920EB
:1024B00000F052F80748046000E00125284607B004
:1024C000F0BD00000010024040420F00002C01400F
:1024D000A40300201000002008B500BF1448806944
:1024E00040F00100124988610846806900F001004F
:1024F000009000BF00BF00BF0846C06940F0805098
:10250000C8610846C06900F08050009000BF00BF5D
:1025100000220F21901E00F01FF800BF05494868F7
:1025200020F0E06040F00070486000BF08BD00008F
:10253000001002400000014001460846002809DB67
:1025400000F01F0301229A4043099B0003F1E0239E
:10255000C3F8002100BF70472DE9F05F80460D46AB
:102560001646002703F0A4F8074639462A463346A4
:1025700001F00700C0F1070ABAF1040F02D94FF0C9
:10258000040A01E0C0F1070AD14600F1040ABAF1D9
:10259000070F02D24FF0000A01E0A0F1030AD4466F
:1025A0004FF0010A0AFA09FAAAF1010A0AEA020A34
:1025B0000AFA0CFA4FF0010B0BFA0CFBABF1010B12
:1025C0000BEA030B4AEA0B042146404603F078F875
:1025D000BDE8F09F00BF00F00702064B19684FF6F8
:1025E000FF031940044B0B4343EA0221014B1960DE
:1025F00000BF70470CED00E00000FA052DE9F04740
:1026000006464FF00008002500270024A146012EB1
:1026100031D0022E56D0102E5FD132484468006867
:1026200000F0807008B33048C4F38341475C04F481
:10263000803078B12B484068C0F340402B4911F8F6
:10264000008004F4803040B12948B0FBF8F000FB72
:1026500007F502E0274807FB00F52248406800F430
:102660008000B0F5800F01D1A94603E06800032186
:10267000B0FBF1F932E01B48046A04F44070B0F595
:10268000807F05D104F0020010B14FF4004918E03A
:1026900004F44070B0F5007F07D11248406A00F0A2
:1026A000020010B149F640490BE004F44070B0F567
:1026B000407F06D10B48006800F4003008B14FF2AB
:1026C00024490BE000F0AEF906494968C1F38131B5
:1026D000491C4900B0FBF1F900E000BF00BF4846CB
:1026E000BDE8F08700100240FE9000080E9100083F
:1026F00000127A0000093D00F8B5044600260025C6
:10270000207800F0010000286BD000274348C06902
:1027100000F0805070B900BF4048C06940F0805060
:102720003E49C8610846C06900F08050009000BF73
:1027300000BF01273A48006800F48070B0B93848FB
:10274000006840F4807036490860FFF74FFE064687
:1027500006E0FFF74BFE801B642801D90320F8BD7B
:102760002F48006800F480700028F2D02B48006ADF
:1027700000F440752DB3A08800F44070A84220D02A
:102780002648006A20F44075012026490860002090
:1027900008602248056205F0010090B1FFF726FEAF
:1027A000064608E0FFF722FE801B41F2883188428E
:1027B00001D90320D3E71948006A00F0020000287D
:1027C000F0D01648006A20F440706168084313494D
:1027D0000862012F04D10846C06920F08050C8610A
:1027E00000BF207800F00200022807D10B484068A3
:1027F00020F44040A168084308494860207800F070
:102800001000102807D10548406820F48000E168D6
:102810000843024948600020A1E700000010024080
:10282000007000404004424270B504460D460CB9A9
:10283000012070BD5A48006800F00700A8420ED27F
:102840005748006820F007002843554908600846AB
:10285000006800F00700A84201D00120E9E72078D5
:1028600000F0020002281DD1207800F004000428A6
:1028700005D14C48406840F4E0604A4948602078FF
:1028800000F00800082805D14648406840F4605030
:10289000444948604348406820F0F000A16808437C
:1028A00040494860207800F0010078B36068012852
:1028B00006D13C48006800F4003090B90120B8E728
:1028C0006068022806D13748006800F0007040B9FF
:1028D0000120AEE73348006800F0020008B901208B
:1028E000A7E73048406820F00300616808432D499D
:1028F0004860FFF77BFD064609E0FFF777FD801B88
:1029000041F28831884202D9032092E707E0254846
:10291000406800F00C006168B0EB810FEDD12048F9
:10292000006800F00700A8420ED91D48006820F09A
:10293000070028431A4908600846006800F00700AD
:10294000A84201D0012074E7207800F00400042898
:1029500007D11448406820F4E060E1680843114959
:102960004860207800F00800082808D10D48406829
:1029700020F46050216940EAC1000A49486000F033
:1029800061F808494968C1F30311074A515CC8401E
:102990000649086006480068FFF74EFD002048E73A
:1029A0000020024000100240109100081800002092
:1029B000100000200F2202600D4A526802F003024C
:1029C00042600B4A526802F0F0028260084A526884
:1029D00002F4E062C260064A526802F46052D20811
:1029E0000261044A126802F007020A6070470000A0
:1029F00000100240002002400148006870470000BB
:102A00001800002000B5FFF7F7FF04494968C1F33B
:102A10000221034A515CC84000BD00000010024082
:102A20002091000800B5FFF7E7FF04494968C1F3AA
:102A3000C221034A515CC84000BD000000100240A2
:102A40002091000870B500210022002400230020FE
:102A5000134D696801F00C05F5B1042D02D0082D65
:102A600019D101E00F4819E00F4DC1F38346AB5D6A
:102A700001F4803555B10A4D6D68C5F340450B4EE4
:102A8000725D084D5D43B5FBF2F402E0084D03FBB7
:102A900005F4204602E000BF024800BF00BF70BD41
:102AA0000010024000127A00EC900008FC90000830
:102AB00000093D00F8B504460CB90120F8BD2078A6
:102AC00000F00100002878D0F848406800F00C00C1
:102AD00004280CD0F548406800F00C00082811D1FB
:102AE000F248406800F48030B0F5803F0AD1EF48EA
:102AF000006800F4003000285FD0606800285CD1D6
:102B00000120DBE700BF6068B0F5803F06D1E748F1
:102B1000006840F48030E549086028E0606858B9F2
:102B2000E248006820F48030E04908600846006808
:102B300020F4802008601AE06068B0F5A02F0BD167
:102B4000DA48006840F48020D849086008460068E8
:102B500040F4803008600AE0D448006820F48030F7
:102B6000D24908600846006820F48020086000BF51
:102B7000606888B1FFF73AFC054606E0FFF736FCCF
:102B8000401B642801D9032098E7C848006800F476
:102B900000300028F2D010E0FFF728FC054606E0E0
:102BA000FFF724FC401B642801D9032086E7BF48B7
:102BB000006800F400300028F2D1207800F0020014
:102BC000022857D1B948406800F00C0050B1B7480E
:102BD000406800F00C00082818D1B448406800F4A0
:102BE000803098B9B148006800F0020020B1206937
:102BF000012801D0012061E7AC48006820F0F8000E
:102C0000616940EAC100A949086033E02069E8B180
:102C10000120A7490860FFF7E9FB054606E0FFF73A
:102C2000E5FB401B022801D9032047E79F480068C5
:102C300000F002000028F2D09C48006820F0F80064
:102C4000616940EAC1009949086013E00020984991
:102C50000860FFF7CBFB054606E0FFF7C7FB401B0C
:102C6000022801D9032029E79048006800F00200FB
:102C70000028F2D1207800F0080008282DD1A069A2
:102C8000B8B101208B490860FFF7B0FB054606E0AC
:102C9000FFF7ACFB401B022801D903200EE7834855
:102CA000406A00F002000028F2D0012001F0EAFBA7
:102CB00013E000207F490860FFF798FB054606E017
:102CC000FFF794FB401B022801D90320F6E6774862
:102CD000406A00F002000028F2D1207800F00400E1
:102CE000042873D100277148C06900F0805070B982
:102CF00000BF6E48C06940F080506C49C86108460A
:102D0000C06900F08050009000BF00BF01276A48F2
:102D1000006800F48070B0B96748006840F48070C3
:102D200065490860FFF762FB054606E0FFF75EFBBA
:102D3000401B642801D90320C0E65F48006800F406
:102D400080700028F2D000BFE068012806D1574803
:102D5000006A40F001005549086227E0E06858B970
:102D60005248006A20F00100504908620846006A93
:102D700020F00400086219E0E06805280BD14B48F8
:102D8000006A40F00400494908620846006A40F0C1
:102D9000010008620AE04548006A20F0010043494A
:102DA00008620846006A20F00400086200BFE0687C
:102DB000A0B1FFF71BFB054609E0FFF717FB401B1F
:102DC00041F28831884202D9032077E622E0374871
:102DD000006A00F002000028EFD012E0FFF706FBC7
:102DE000054608E0FFF702FB401B41F288318842AC
:102DF00001D9032062E62D48006A00F00200002895
:102E0000F0D1012F05D12948C06920F08050274911
:102E1000C86100BFE069C8B32448406800F00C00F6
:102E2000082860D0E069022848D1002020490866BF
:102E3000FFF7DCFA054606E0FFF7D8FA401B022848
:102E400001D903203AE61948006800F00070002814
:102E5000F2D1206AB0F5803F07D11448406820F4D1
:102E60000030A168084311494860D4E908010843CB
:102E70000E49496821F4741108430C494860012047
:102E80000B490866FFF7B2FA054607E03DE0FFF799
:102E9000ADFA401B022801D903200FE60348006861
:102EA00000F000700028F2D02FE000000010024077
:102EB0000000424280044242007000400020144959
:102EC0000866FFF793FA054606E0FFF78FFA401B06
:102ED000022801D90320F1E50E48006800F00070D7
:102EE0000028F2D111E0E069012800D1E6E50948A7
:102EF000466806F48031206A814204D106F47011DC
:102F0000606A814201D00120D8E50020D6E50000AA
:102F100000004242001002407047704730B5024640
:102F20000B4600BF92F83C00012801D1022030BDC1
:102F3000012082F83C0000BF022082F83D001068AA
:102F400044681068816824F07004186804431068AD
:102F50004460104D1068A8420BD01068B0F1804F4B
:102F600007D00D4D1068A84203D00C4D1068A84240
:102F700005D121F08001586801431068816001206B
:102F800082F83D0000BF002082F83C0000BF00BF77
:102F9000CDE70000002C0140000400400008004084
:102FA00010B504460CB9012010BD94F83D0028B9B5
:102FB000002084F83C00204600F026F8022084F827
:102FC0003D00211D206801F047FE012084F84600E5
:102FD00000BF84F83E0001213F20015540200155EB
:102FE0004120015500BF00BF012084F8420043206A
:102FF0000155442001554520015500BF012084F8AA
:103000003D000020D0E7000008B50168B1F1804F15
:103010000DD100BF1849C96941F00101164AD161BB
:103020001146C96901F00101009100BF23E0134A74
:10303000016891420DD100BF0F49C96941F00201F9
:103040000D4AD1611146C96901F00201009100BF2A
:1030500011E00B4A016891420DD100BF0649C969D0
:1030600041F00401044AD1611146C96901F004012B
:10307000009100BF00BF08BD0010024000040040E6
:1030800000080040014691F83D00012801D00120D0
:103090007047022081F83D000868C06840F00100D8
:1030A0000B68D860124B086898420BD00868B0F1E2
:1030B000804F07D00F4B0868984203D00E4B08682A
:1030C00098420CD10868806800F00702062A0CD0EC
:1030D0000868006840F001000B68186005E00868A7
:1030E000006840F001000B6818600020D0E7000085
:1030F000002C014000040040000800402DE9F04190
:1031000004460D46002700BF94F83C00012802D178
:103110000220BDE8F081012084F83C0000BF0220BD
:1031200084F83D002068866826F0770626F47F46FE
:10313000206886602868502833D00CDC202850D0C6
:1031400004DC00284BD0102851D149E0302849D068
:1031500040284CD139E060282DD0702807D0B0F538
:10316000805F03D0B0F5005F41D10DE041E0D5E9CB
:1031700002136A68206801F0C2FD2068866846F084
:1031800077062068866034E0D5E902136A68206813
:1031900001F0B5FD2068806840F4804021688860B7
:1031A00027E0EA686968206801F07AFE502120680B
:1031B00001F0B0FD1DE0EA686968206801F083FE57
:1031C0006021206801F0A6FD13E0EA6869682068C4
:1031D00001F066FE4021206801F09CFD09E000BF7F
:1031E00000BF00BF2968206801F094FD01E00127BD
:1031F00000BF00BF012084F83D0000BF002084F81C
:103200003C0000BF384684E7704770B5044620682C
:10321000C5682068066906F00200022819D105F089
:103220000200022815D1401F216808610120207783
:103230002068806900F0030018B12046FFF7E4FF22
:1032400005E0204600F03AF9204600F0EEF90020B3
:10325000207706F00400042819D105F004000428A2
:1032600015D1C04321680861022020772068806959
:1032700000F4407018B12046FFF7C6FF05E0204675
:1032800000F01CF9204600F0D0F90020207706F06D
:103290000800082819D105F00800082815D1C043F6
:1032A00021680861042020772068C06900F00300CD
:1032B00018B12046FFF7A8FF05E0204600F0FEF811
:1032C000204600F0B2F90020207706F01000102808
:1032D00019D105F01000102815D1C04321680861EC
:1032E000082020772068C06900F4407018B120469B
:1032F000FFF78AFF05E0204600F0E0F8204600F0E6
:1033000094F90020207706F0010048B105F0010093
:1033100030B16FF0010021680861204600F0F0F93B
:1033200006F08000802809D105F08000802805D1B2
:10333000C043216808612046FFF7EEFD06F040001B
:10334000402809D105F04000402805D1C04321683C
:103350000861204600F0E0F906F02000202809D19D
:1033600005F02000202805D1C043216808612046CF
:10337000FFF7D3FD70BD000010B586B004460020F5
:1033800002900390049005902068B0F1804F38D1EE
:1033900000BF4448806940F0040042498861084603
:1033A000806900F00400019000BF00BF00BF084624
:1033B000806940F0080088610846806900F00800D4
:1033C000019000BF00BF4FF4004002900220039024
:1033D000059002A93448FEF76BFE082002900220F7
:1033E0000390059002A93148FEF762FE00BF304904
:1033F000486820F4407040F0E06040F4807048601D
:103400004DE02C49206888422DD100BF25488069B5
:1034100040F00400234988610846806900F00400F8
:10342000019000BF00BF00BF0846806940F008005F
:1034300088610846806900F00800019000BF00BF65
:10344000C020029002200390059002A91648FEF7C2
:103450002FFE0320029002200390059002A913483A
:10346000FEF726FE1BE014492068884217D100BFF2
:103470000C48806940F008000A4988610846806964
:1034800000F00800019000BF00BF4FF410700290E0
:1034900002200390059002A90448FEF709FE06B039
:1034A00010BD00000010024000080140000C014067
:1034B00000000140000400400008004070472DE972
:1034C000F04104460D461646002700BF94F83C0024
:1034D000012802D10220BDE8F081012084F83C00DF
:1034E00000BF36B1042E1BD0082E31D00C2E5ED179
:1034F00045E02946206801F017FC2068806940F00B
:103500000800216888612068806920F00400216833
:10351000886120688069296908432168886148E0DA
:103520002946206801F030FC2068806940F4006082
:10353000216888612068806920F480602168886142
:1035400020688069296940EA01202168886130E0AB
:103550002946206801F04CFC2068C06940F0080052
:103560002168C8612068C06920F004002168C86132
:103570002068C069296908432168C86119E02946A3
:10358000206801F069FC2068C06940F4006021688F
:10359000C8612068C06920F480602168C861206823
:1035A000C069296940EA01202168C86101E001275A
:1035B00000BF00BF00BF002084F83C0000BF3846B9
:1035C00089E710B504460CB9012010BD94F83D0000
:1035D00028B9002084F83C00204600F025F802209D
:1035E00084F83D00211D206801F036FB012084F89D
:1035F000460000BF84F83E0001213F2001554020D5
:1036000001554120015500BF00BF012084F8420050
:1036100043200155442001554520015500BF01209C
:1036200084F83D000020D0E77047704770B504462D
:103630000D4615B994F83E000BE0042D02D13F2051
:10364000005D06E0082D02D14020005D01E0412030
:10365000005D012801D0012070BD1DB9022084F851
:103660003E000EE0042D03D102213F20015508E069
:10367000082D03D102214020015502E00221412002
:10368000015501222946206801F028FB19492068CC
:10369000884201D1012000E0002028B12068406C60
:1036A00040F40040216848641249206888420BD0E9
:1036B0002068B0F1804F07D00F492068884203D0BE
:1036C0000E49206888420CD12068806800F0070607
:1036D000062E0CD02068006840F0010021680860C8
:1036E00005E02068006840F00100216808600020C3
:1036F000B2E70000002C0140000400400008004038
:1037000010B5044603492068884201D1FEF774FED3
:1037100010BD0000002C01407047704738B50446CA
:10372000204602F0C9F8054605B938BD00BF0020A3
:10373000009020680068009020684068009000BFFA
:1037400000BF00BF00200090206800680090206843
:103750004068009000BF00BF00BF002000902068BC
:103760000068009020684068009000BF00BF20689B
:1037700002F0D4F848B1802205F10D01204600F096
:10378000BDFA0020A5F88E0005E0012205F1D40164
:10379000204600F0C9FA287910B9284602F06CF9E1
:1037A00000BFC2E72DE9F84F04462068056820688D
:1037B000C668206847694FF00009CA4605F00F093E
:1037C000B9F1000F0AD105F0200038B106F0200051
:1037D00020B1204601F0B5FCBDE8F88FB9F1000F2B
:1037E0007BD007F0010018B906F49070002874D05F
:1037F00005F0010030B106F4807018B1606C40F043
:103800000100606405F0040030B107F0010018B158
:10381000606C40F00200606405F0020030B107F017
:10382000010018B1606C40F00400606405F008000D
:1038300048B106F0200010B907F0010018B1606C23
:1038400040F008006064606C002845D005F020005E
:1038500028B106F0200010B1204601F072FC20686B
:103860004069C0F3801A606C00F0080010B9BAF12A
:10387000000F2CD0204601F00BFC2068406900F0BE
:10388000400000B300BF00BF2168143151E8001FA1
:1038900021F040002168143141E80002002AF3D1F0
:1038A00000BFE06B50B17748E16B4863E06BFEF717
:1038B00085F988B1E06B416B88470DE02046FFF742
:1038C0002DFF09E009E02046FFF728FF04E020462D
:1038D000FFF724FF002060647EE7206B012877D18A
:1038E00005F01000002873D006F010000028FAD070
:1038F00000BF0020009020680068009020684068A9
:10390000009000BF00BF2068406900F04000002820
:103910005FD0E06B006840681FFA80F8B8F1000FD4
:1039200055D0A08D404552DDA4F82E80E06B806913
:10393000202843D000BF00BF21680C3151E8001F90
:1039400021F4807021680C3141E80002002AF3D193
:1039500000BF00BF00BF2168143151E8001F21F0F3
:1039600001002168143141E80002002AF3D100BFB0
:1039700000BF00BF2168143151E8001F21F0400052
:103980002168143141E80002002AF3D100BF202051
:1039900084F842000020206300BF00BF21680C3182
:1039A00051E8001F21F0100021680C3141E80002AD
:1039B000002AF3D100BFE06BFEF7D4F80220606369
:1039C000A08DE28D801A81B22046FFF7A6FE03E7A4
:1039D00042E0A08DE18D401A1FFA80F8E08DD0B34F
:1039E000B8F1000F37D000BF00BF21680C3151E89B
:1039F000001F21F4907021680C3141E80002002A78
:103A0000F3D100BF00BF00BF2168143151E8001F8F
:103A100021F001002168143141E80002002AF3D1AD
:103A200000BF202084F842000020206300BF00BFB8
:103A300021680C3151E8001F21F0100021680C3181
:103A400041E80002002AF3D100BF02206063414632
:103A50002046FFF762FEBFE605F0800030B106F0B9
:103A6000800018B1204601F0EDFCB5E605F04000FD
:103A700030B106F0400018B1204601F03FFBABE644
:103A800000BFA9E6EF4E000810B504460CB90120AE
:103A900010BDA06900B100E000BF94F8410028B952
:103AA000002084F84000204600F02AF8242084F802
:103AB00041002068C06820F400502168C86020469A
:103AC00001F0BEFB2068006920F490402168086185
:103AD0002068406920F02A00216848612068C06899
:103AE00040F400502168C86000206064202084F801
:103AF000410084F842000020606300BFC8E7000076
:103B000010B586B004460020029003900490059002
:103B10007149206888426CD100BF7048806940F4C8
:103B200080406E4988610846806900F480400190B9
:103B300000BF00BF00BF0846806940F004008861F4
:103B40000846806900F00400019000BF00BF4815DE
:103B50000290022003900320059002A96048FEF71E
:103B6000A7FA4FF48060029000200390049002A90D
:103B70005B48FEF79DFA5B485B490860002048609F
:103B80000021594881608021C160002101614161AB
:103B9000202181610021C161FEF736F908B1FDF7EE
:103BA00080F900BF5048E063446200BF4D481438BC
:103BB0004E4908601020486000214C4881608021F7
:103BC000C1600021016141618161C161FEF71CF9A1
:103BD00008B1FDF766F900BF4448A063446200BF26
:103BE000002205212520FEF7B7FC2520FEF7A4FCC6
:103BF0006FE03F49206888426BD100BF3748C069F9
:103C000040F400303549C8610846C06900F400300E
:103C1000019000BF00BF00BF0846806940F004006B
:103C200088610846806900F00400019000BF00BF71
:103C300004200290022003900320059002A9284846
:103C4000FEF736FA0820029000200390049002A9A3
:103C50002348FEF72DFA2348143026490860002037
:103C600048600021234881608021C16000210161FA
:103C70004161202181610021C161FEF7C5F808B1D1
:103C8000FDF70FF900BF1B48E063446200BF154811
:103C900028301949086010204860002116488160CA
:103CA0008021C1600021016141618161C161FEF734
:103CB000ABF808B1FDF7F5F800BF0F48A063446208
:103CC00000BF002205212620FEF746FC2620FEF735
:103CD00033FC06B010BD0000003801400010024067
:103CE000000801405800024094020020D802002041
:103CF000004400401C0300206003002070B504460F
:103D00000D46164694F8420020280BD105B10EB995
:103D1000012070BD0020206332462946204601F074
:103D20000DFBF6E70220F4E770B504460D46164693
:103D300094F8420020280BD105B10EB9012070BDC6
:103D40000020206332462946204601F05BFBF6E75F
:103D50000220F4E770B50546284601F0ADFD0446A3
:103D600074B1286801F0DAFD50B994F8D4102046F7
:103D700001F0A2FE012204F1D4012846FFF7D4FF8E
:103D800070BD70472DE9F84F04460E461746994618
:103D90004FF0000A94F84100202850D106B117B91D
:103DA0000120BDE8F88F00206064212084F84100E4
:103DB000FEF71CFB8246A784E784A068B0F5805F0D
:103DC00004D1206910B90025B04602E035464FF015
:103DD00000081EE05346002280212046CDF80090C6
:103DE00001F060FB20B1202084F841000320D8E7D7
:103DF00045B9B8F80000C0F308002168486008F130
:103E0000020803E02878216848606D1CE08C401EA1
:103E1000E084E08C0028DDD153460022402120467A
:103E2000CDF8009001F03EFB20B1202084F8410045
:103E30000320B6E7202084F841000020B1E70220EB
:103E4000AFE70000F7B50446154694F84100202876
:103E500036D1019800B10DB90120FEBD0198206254
:103E6000A584E58400206064212084F84100154881
:103E7000A16B88621448A16BC8621448A16B0863E7
:103E80000020A16B486301AE23681A1D31682B46E0
:103E9000A06BFDF7EDFF6FF040002168086000BFE8
:103EA00000BF2168143151E8001F41F080002168F3
:103EB000143141E80002002AF3D100BF0020CCE712
:103EC0000220CAE72B50000883500008034F000867
:103ED00010B5034693F84100202813D101B10AB967
:103EE000012010BD19629A84DA84002058642120D0
:103EF00083F841001868C06840F080001C68E060EA
:103F00000020EEE70220ECE77047704700BFFEE7B5
:103F10000EB50020009001900290124812490860EE
:103F2000002111488160017301754FF46021C16166
:103F300000200D49486001210B480161FDF7C2FADC
:103F400008B1FCF7AEFF0020009001200190002096
:103F5000029069460448FDF701FA08B1FCF7A1FF99
:103F60000EBD000000240140D400002010B50B4815
:103F70000B49086010204860002109488160C16039
:103F800001614161017641768176C17601774177A1
:103F9000FDF7EAFC08B1FCF784FF10BD00640040A7
:103FA0000401002008B500BF1648406940F0010038
:103FB000144948610846406900F00100009000BFC4
:103FC00000BF002205210E20FEF7C6FA0E20FEF7E4
:103FD000B3FA002205210F20FEF7BEFA0F20FEF7EC
:103FE000ABFA002205211020FEF7B6FA1020FEF7EA
:103FF000A3FA002205211120FEF7AEFA1120FEF7E8
:104000009BFA08BD0010024010B50B4A00210B4876
:1040100002F050FC0A4908600A4A00210A4802F0EE
:1040200049FC0A4908600A4A00210A4802F042FC99
:104030000949086010BD000080900008297500083B
:1040400000000020A4900008A176000804000020D1
:10405000C8900008497700080800002000B585B026
:104060000020019002900390049000BF52488069A4
:1040700040F01000504988610846806900F0100047
:10408000009000BF00BF00BF0846806940F02000DC
:1040900088610846806900F02000009000BF00BFE2
:1040A00000BF0846806940F00400886108468069C6
:1040B00000F00400009000BF00BF00BF0846806908
:1040C00040F0080088610846806900F00800009010
:1040D00000BF00BF00224FF440413848FEF780F98E
:1040E00000224FF498713648FEF77AF9002243F225
:1040F000B4513448FEF774F94FF400500190002099
:1041000002900120039001A92C48FDF7D1FF4FF444
:10411000404001900120029002200390049001A9E8
:104120002648FDF7C5FF4FF49870019001200290DA
:1041300003900220049001A92148FDF7B9FF43F242
:10414000A41001900120029003900220049001A984
:104150001C48FDF7ADFF4FF48060019001200290F4
:10416000002003900220049001A91648FDF7A0FF4B
:104170004FF40060019000200290039001A91148C3
:10418000FDF796FF4FF4404001900020029001207F
:10419000039001A90B48FDF78BFF1020019011201F
:1041A0000290012003900220049001A90548FDF728
:1041B0007FFF05B000BD000000100240001001406C
:1041C00000080140000C014000B58DB000200990AE
:1041D0000A900B900C90079008901C216846FCF701
:1041E000D1F84FF080402449086047204860002102
:1041F0002148816044F61F61C16000210161816135
:10420000FEF7CEFE08B1FCF74CFE4FF4805009904B
:1042100009A91948FEF772FF08B1FCF742FE1648DB
:10422000FFF7CFF908B1FCF73CFE0020079008909B
:1042300007A91148FEF772FE08B1FCF732FE6020B4
:1042400000904FF47A7001900020029004900022B8
:1042500069460948FFF733F908B1FCF722FE04224A
:1042600069460548FFF72BF908B1FCF71AFE02482A
:10427000FFF782F80DB000BD2C01002000B58DB015
:10428000002009900A900B900C90079008901C2138
:104290006846FCF777F82D482D49086047204860AC
:1042A00000212B48816040F2E731C16000210161AB
:1042B0008161FEF775FE08B1FCF7F3FD4FF4805005
:1042C000099009A92248FEF719FF08B1FCF7E9FD9A
:1042D0001F48FFF776F908B1FCF7E3FD00200790CF
:1042E000089007A91A48FEF719FE08B1FCF7D9FD96
:1042F000602000904FF4FA7001900020029004902A
:10430000002269461248FFF7DAF808B1FCF7C9FD48
:10431000042269460E48FFF7D2F808B1FCF7C1FD48
:10432000082269460A48FFF7CAF808B1FCF7B9FD48
:104330000C2269460648FFF7C2F808B1FCF7B1FD48
:104340000348FFF719F80DB000BD0000000400405D
:104350007401002000B58DB0002009900A900B90E8
:104360000C90079008901C216846FCF70BF8254834
:10437000254908604720486000212348816040F2B9
:10438000E731C160002101618161FEF709FE08B1DA
:10439000FCF787FD4FF48050099009A91A48FEF7F1
:1043A000ADFE08B1FCF77DFD1748FFF70AF908B12B
:1043B000FCF777FD00200790089007A91248FEF748
:1043C000ADFD08B1FCF76DFD602000904FF4FA7070
:1043D0000190002002900490002269460A48FFF7ED
:1043E0006EF808B1FCF75DFD0C2269460648FFF740
:1043F00066F808B1FCF755FD0348FEF7BDFF0DB0A8
:1044000000BD000000080040BC01002010B50B48B2
:104410000B4908604FF4E130486000210848816092
:10442000C16001610C21416100218161C161FFF71F
:104430002BFB08B1FCF735FD10BD00000038014032
:104440000402002010B50B480B4908604FF4E1301E
:104450004860002108488160C16001610C21416110
:1044600000218161C161FFF70FFB08B1FCF719FD65
:1044700010BD0000004400404C02002000BFFEE7D9
:1044800000BFFEE708B508490968C9084FF47A7209
:10449000B1FBF2F14143009100BF00BF00994A1EF9
:1044A00000920029F9D108BD180000200EB50020A7
:1044B0000090019002900948FCF7C2FE0020009095
:1044C000012001900520029069460448FCF746FF50
:1044D00000200349088048600EBD0000D400002081
:1044E000B000002070B50F48FDF786F90A210D488D
:1044F000FDF7C2F888B90B48FCF7E0FF0A490880CD
:10450000088804F0F7FB0546084904F03BFC044624
:10451000074904F037FC044948600248FDF704FAF3
:1045200070BD0000D4000020B00000206740533A66
:104530000000404000BFEFF31081084672B670479C
:1045400000B962B6704710B5FDF750FF10BD00000E
:1045500010B500241AE0204601F0C6F800B913E0B7
:104560000C4800EBC400807901280CD1094B03EB07
:10457000C403DA79074B03EBC4039988054B53F85E
:104580003400FDF72DFF00BF601CC4B20F2CE2D336
:1045900010BD00005893000870B50446204601F095
:1045A000A3F808B9002070BD074A02EBC402918845
:1045B000054A52F83400FDF70BFF0546012D00D1E6
:1045C000F1E70020EFE700005893000870B50446BB
:1045D0000D46204601F088F800B970BD0B4800EB8D
:1045E000C4008079012800D0F7E70DB1012300E075
:1045F00000231A46054B03EBC4039988034B53F879
:104600003400FDF7EDFE00BFE7E700005893000817
:1046100010B5FFF79DFF10BD70B5044600F00CF813
:1046200005460448806800FB04F1284601F06CF858
:1046300070BD0000A4400020034840680349C860E2
:104640000846C06870470000001000E0A440002049
:104650001148006840F080700F49086000200F4941
:1046600048600846006840F0010008600C48006897
:104670000C4908600A4800684FF47A71B0FBF1F009
:1046800008494860064800680749B0FBF1F0054951
:1046900088600020C8607047FCED00E0001000E07A
:1046A00018000020A440002040420F0010B50D4823
:1046B00000F0C4FF04460C48844209D1582209493D
:1046C000091D0A48FBF724FE01200949087008E08B
:1046D00058210648FBF756FE00200549087000F0F7
:1046E0000FF810BD00FC000834125AA5B440002099
:1046F000B80000200148007870470000B800002092
:1047000000B585B013480068401C124908600020BD
:1047100001901148039001200490FDF7B1FC694617
:1047200001A8FDF7F3FB18B1FDF748FC05B000BD8B
:104730000A49094800F0A7FF10B1FDF73FFCF5E773
:10474000582204490448001D00F07BFFFDF736FCA9
:1047500000BFEBE7B440002000FC000834125AA56B
:1047600010B500240CE0204600F0F0FF00B905E091
:10477000054901EB440000F0DDFF00BF601CC4B23E
:10478000032CF0D310BD0000D09300082DE9F041B8
:104790000446884615461E46204600F0D7FF08B955
:1047A000BDE8F0810F4800EB4407384601F013F8EC
:1047B0004146384600F0EBFF384601F038F829460C
:1047C000384600F0E4FF384601F031F8314638460B
:1047D00000F0DDFF384601F02AF8384601F014F801
:1047E00000BFDDE7D09300082DE9F0470546894674
:1047F00016461F46DDF820A0284600F0A7FF08B99E
:10480000BDE8F087124800EB4508404600F0E3FFA2
:104810004946404600F0BBFF404601F008F83146EB
:10482000404600F0B4FF404601F001F8002408E0E3
:10483000395D404600F0ABFF404600F0F8FF601CD9
:1048400084B25445F4DB404600F0DEFF00BFD7E7FA
:10485000D093000810B500240EE0094850F8340049
:1048600040B1074A02EBC4025168054A52F83400CD
:10487000FEF7DCFE601CC4B20C2CEED310BD0000B1
:10488000D89300082DE9F04704460E460C2C03D2BD
:10489000284850F8340008B9BDE8F08700213046B8
:1048A00004F03CFA00D200262349304604F036FBDF
:1048B00000D2214E1F4850F834000068C76A781CA7
:1048C00004F018FA81461C49304604F0E5F88246A7
:1048D000494604F057FA804604F0D4F905461548D5
:1048E00000EBC400406828B9124850F83400006852
:1048F00045631CE00F4800EBC4004068042805D164
:104900000C4850F834000068856310E0094800EB5B
:10491000C4004068082805D1064850F834000068F3
:10492000C56304E0034850F834000068056400BF24
:10493000B2E70000D89300080000C84210B50A464C
:104940000C2803D21C4C54F8304004B910BD1A4C4A
:1049500054F830402468E46A631C1146994200D33D
:104960001946154C04EBC00464682CB9124C54F879
:104970003040246861631CE00F4C04EBC0046468A1
:10498000042C05D10C4C54F830402468A16310E08D
:10499000094C04EBC0046468082C05D1064C54F89B
:1049A00030402468E16304E0034C54F8304024684C
:1049B000216400BFCAE70000D893000870B5002545
:1049C00041E0284800EB0524274850F825002060E6
:1049D0002648405D207125730020A4F8D000A4F87B
:1049E000D200A4F88E00C4F8F800C4F8FC00C4F8A3
:1049F000F400204601F040F80020C5EBC50101EBB2
:104A000005111B4A5054C5EBC50101EB05111144BA
:104A10004870C5EBC50101EB05111144887521688B
:104A2000086800F07BFF30B1802204F10D0120689E
:104A3000FFF764F905E0012204F1D4012068FFF7D3
:104A400073F9681CC5B2032DBBD3002406E00549E9
:104A500001EB042001F042F8601CC4B2032CF6D331
:104A600070BD00005C3D0020A400002038940008C8
:104A70005C4000202DE9F04106460F46032E01D38D
:104A8000BDE8F0811A4800EB0624C6EBC60000EB37
:104A9000061018494518207900B1F1E7552084F82F
:104AA000D500AA21D6200155D7200755002008E0BF
:104AB00005F10C010B5CC11C04F1D5025354411CDF
:104AC000C8B20A28F4D30021E22001552978E32056
:104AD00001552878401C2870FF21E4200155102240
:104AE00004F1D501204601F01DF800BFC8E7000021
:104AF0005C3D00205C400020F8B5FDF777FC0646E1
:104B000000254DE0284800EB05242168086800F0E6
:104B100005FFD8B12068C06B00684068C0F1800014
:104B200087B20EE0B4F88E2004F10D00815C2046BF
:104B300000F0C2FF94F88E00401C00F07F00A4F843
:104B40008E00B4F88E00B842ECD100BF207978B95D
:104B500094F8E50060B1D4F8F400301A322807D98F
:104B6000D4F8FC00401CC4F8FC00204600F084FF90
:104B70000EE0207938B1A06850B1207B9DF800107C
:104B8000A268904704E09DF80010204600F0F6FE71
:104B90006946204600F077FF0028EAD0681CC5B2BD
:104BA000032DAFD3F8BD00005C3D002010B54FF0E1
:104BB000E020006903F0ACFC012801D003F0F6F816
:104BC00010BD00B593B0282109A8FBF7DBFB142129
:104BD00004A8FBF7D7FB00200090019002900390FF
:104BE0000120099000040A9000200B9001200D90F4
:104BF00002201090C10311914FF4E011129109A805
:104C0000FDF758FF08B1FCF74CF90F200490022083
:104C10000590002006904FF48060079000200890D7
:104C2000022104A8FDF700FE08B1FCF73AF90220C2
:104C30000090800302906846FDF75EFD08B1FCF726
:104C400030F913B000BD704710B50248FEF7DDFA29
:104C500010BD0000A403002010B502681C4B984250
:104C600008D0B0F1804F05D01A4B984202D01A4BB1
:104C7000984203D122F070024B681A43144B9842B9
:104C800008D0B0F1804F05D0124B984202D0124BA1
:104C9000984203D122F44072CB681A4322F0800379
:104CA0004C6943EA040202608B68C3620B6883624A
:104CB000074B984201D10B690363012343610369E8
:104CC00003F001031BB1036923F00103036110BD6D
:104CD000002C0140000400400008004030B501F005
:104CE0001F05012404FA05F3046A9C430462046A64
:104CF00001F01F0502FA05F52C43046230BD30B502
:104D00000C46816821F47F4142EA0325254329436B
:104D1000816030BD0A46816821F0700142F00703CE
:104D2000194381607047000030B5026A056A25F0BA
:104D3000010505624368846924F0700424F00304CB
:104D40000D682C4322F002028D682A430D4DA842C3
:104D500006D100BF22F00802CD682A4322F00402E7
:104D6000084DA84207D123F4807323F400734D69E2
:104D70002B438D692B43436084614D684563026218
:104D800030BD0000002C014030B5026A056A25F0F4
:104D9000100505624368846924F4E04424F44074F7
:104DA0000D6844EA052422F020028D6842EA0512CB
:104DB0000E4DA84207D100BF22F08002CD6842EA22
:104DC000051222F04002094DA84209D123F4806364
:104DD00023F400634D6943EA85038D6943EA850343
:104DE000436084614D688563026230BD002C0140E0
:104DF00030B5026A056A25F4807505624368C469A6
:104E000024F0700424F003040D682C4322F4007293
:104E10008D6842EA05220F4DA84207D100BF22F457
:104E20000062CD6842EA052222F48062094DA84260
:104E300009D123F4805323F400534D6943EA051349
:104E40008D6943EA05134360C4614D68C56302621E
:104E500030BD0000002C014030B5036A056A25F41E
:104E6000805505624468C26922F4E04222F440722F
:104E70000D6842EA052223F400538D6843EA0533A6
:104E8000064DA84204D124F480444D6944EA8514B7
:104E90004460C2614D680564036230BD002C01406E
:104EA00030B50B461446026A056A25F00105056215
:104EB000816921F0F00141EA041122F00A021A434B
:104EC0008161026230BD30B50B461446026A056A44
:104ED00025F010050562816921F4704141EA043131
:104EE00022F0A00242EA03128161026230BD70B575
:104EF00005466C6A0020E085E0842046FEF70EFC43
:104F000070BD70B506460025746A20684069C0F31C
:104F1000C01594F84100212805D125B10020E08476
:104F2000204600F0FBF820684069C0F3801594F833
:104F30004200222805D125B10020E085204600F05E
:104F4000A7F8606C40F0100060642046FEF7E6FBB6
:104F500070BD70B505466C6A2868006800F02000D6
:104F6000002842D1E08500BF00BF21680C3151E824
:104F7000001F21F4807021680C3141E80002002AF2
:104F8000F3D100BF00BF00BF2168143151E8001FFA
:104F900021F001002168143141E80002002AF3D118
:104FA00000BF00BF00BF2168143151E8001F21F08D
:104FB00040002168143141E80002002AF3D100BF0B
:104FC000202084F84200206B01280ED100BF00BFD2
:104FD00021680C3151E8001F21F0100021680C31CC
:104FE00041E80002002AF3D100BF00206063206B7B
:104FF000012804D1A18D2046FEF78FFB02E0204658
:10500000FEF7A8FE70BD70B505466C6A01206063AE
:10501000206B012805D1A08D41082046FEF77DFBBD
:1050200002E02046FEF7ADFE70BD70B505466C6A25
:105030002868006800F02000F8B90020E08400BF74
:1050400000BF2168143151E8001F21F08000216861
:10505000143141E80002002AF3D100BF00BF00BFB5
:1050600021680C3151E8001F41F0400021680C31EB
:1050700041E80002002AF3D102E02046FEF744FF97
:1050800070BD70B50446656A2846FEF73EFF70BDE8
:1050900000BF00BF02680C3252E8002F22F490716A
:1050A00002680C3242E80013002BF3D100BF00BFAE
:1050B00000BF0268143252E8002F22F0010102689A
:1050C000143242E80013002BF3D100BF016B012919
:1050D0000ED100BF00BF02680C3252E8002F22F050
:1050E000100102680C3242E80013002BF3D100BF1C
:1050F000202180F8421000210163704710B504465A
:105100002068C06820F040002168C860202084F832
:1051100041002046FEF7F8FE002010BD00BF00BF92
:1051200002680C3252E8002F22F0C00102680C32F3
:1051300042E80013002BF3D100BF202180F841107A
:105140007047F8B5044694F84200222875D1A0684B
:10515000B0F5805F0CD1206950B90025A66A20689F
:105160004068C0F308003080A06A801CA06215E08F
:10517000A56A0026A068B0F5805F03D0A06828B9B2
:10518000206918B920684068287004E020684068E9
:1051900000F07F002870A06A401CA062E08D401ED5
:1051A00080B2E085002846D12068C06820F0200049
:1051B0002168C8602068C06820F480702168C860D9
:1051C0002068406920F0010021684861202084F8AF
:1051D000420000206063206B012826D1002020635C
:1051E00000BF00BF21680C3151E8001F21F0100002
:1051F00021680C3141E80002002AF3D100BF206889
:10520000006800F0100010280AD100BF00200090B4
:1052100020680068009020684068009000BF00BFD0
:10522000A18D2046FEF779FA02E02046FEF792FDB6
:105230000020F8BD01E00020FBE70220F9E70000B4
:1052400070B504462168096921F44051E2681143B0
:10525000226811612269A1681143626941EA02056D
:105260002168C96841F20C62914329432268D160E8
:105270002168496921F44071A26911432268516192
:105280002D4A2168914202D1FDF7CCFB01E0FDF7E8
:10529000B9FB00EBC00101EB001162689200B1FBA9
:1052A000F2F100EBC00202EB001263689B00B2FB5C
:1052B000F3F26423B2FBF3F202EBC20303EB02123C
:1052C000A1EB8201322202EB01116422B1FBF2F167
:1052D00001F0F00100EBC00202EB001263689B00DA
:1052E000B2FBF3F26423B2FBF3F201EB021200EB28
:1052F000C00101EB001163689B00B1FBF3F100EB0F
:10530000C00303EB00136668B600B3FBF6F3642634
:10531000B3FBF6F303EBC30606EB0313A1EB830128
:10532000322303EB01116423B1FBF3F101F00F0110
:1053300011442268916070BD0038014077B581B09A
:10534000044615460298A062A585002060642220CC
:1053500084F842002848E16B88622848E16BC86203
:105360002748E16B08630020E16B486302AE3268B6
:105370002368191D2B46E06BFCF77AFD00BF002067
:10538000009020680068009020684068009000BF8E
:1053900000BF206970B100BF00BF21680C3151E827
:1053A000001F41F4807021680C3141E80002002A9E
:1053B000F3D100BF00BF00BF2168143151E8001FC6
:1053C00041F001002168143141E80002002AF3D1C4
:1053D00000BF00BF00BF2168143151E8001F41F039
:1053E00040002168143141E80002002AF3D100BFD7
:1053F000002004B070BD0000534F000807500008A3
:10540000034F000810B5034699629A85DA8500209B
:105410005864222083F84200186928B11868C068CF
:1054200040F480701C68E0601868406940F001003A
:105430001C6860611868C06840F020001C68E0606B
:10544000002010BD014691F84100212828D188682C
:10545000B0F5805F0BD1086948B90A6A1088C0F3BB
:1054600008000B685860086A801C086205E00B6A37
:10547000581C086218780B685860C88C401E80B2AF
:10548000C88458B90868C06820F080000B68D860EC
:105490000868C06840F040000B68D8600020704782
:1054A0000220FCE72DE9F84304460D4617469846CE
:1054B000089E31E0701C70B3FCF798FFA0EB080069
:1054C000B04200D816B90320BDE8F8832068C06850
:1054D00000F00400F8B1802D1ED0402D1CD02068B3
:1054E0000068C0F3C000B0B100BF00200090206889
:1054F0000068009020684068009000BF00BF204610
:10550000FFF7C6FD0820606400BF002084F840005B
:1055100000BF0120D8E7FFE7206800682840A842C4
:1055200001D1012000E00020B842C3D00020CBE729
:1055300010B50248FEF736F910BD00000402002045
:1055400010B50248FEF72EF910BD00004C020020F5
:1055500010B50E48007800B910BD0D48007810B99C
:105560000C48007820B100200949087009490870EA
:1055700000F0E8FE0849087B00F0BEFC18B10648C0
:10558000007B0649486000BFE6E70000C00000203D
:10559000BD000020BF000020F8410020B4400020E2
:1055A00000BFFEE70146080601F47F4240EA022000
:1055B00001F47F0240EA122040EA1160704702467F
:1055C000501A704710B50246012000E050430B1EF0
:1055D000A1F10104E1B2F9D110BD70B504460D4648
:1055E000012D06D12346402278210020FFF7CEF876
:1055F00005E02346002278211046FFF7C7F870BD6A
:1056000010B54FF400610448FCF7E2FE0446012C9B
:1056100000D110BD0020FCE7000C014010B504468D
:105620000CB1012000E0002002464FF480610248E6
:10563000FCF7D6FE10BD0000000C014001460868D2
:1056400070472DE9F04780460D461646002416E0C7
:10565000601CB04204D2295D285C41EA002901E0C7
:1056600015F8049008EB04014A4600230120FCF7DA
:10567000AFFC074617B13846BDE8F087A41CB4421A
:10568000E6D30020F8E738B505460C46E0B28DF8C1
:105690000000200A8DF80100200C8DF80200200E79
:1056A0008DF80300042269462846FFF7CAFF38BD7B
:1056B00002480068C0F30220704700000CED00E0D3
:1056C00010B5002804DB0A07130E054A135406E040
:1056D0000A07140E034A00F00F031B1FD45410BD19
:1056E00000E400E018ED00E001460F2901D300209E
:1056F0007047044850F8310008B90020F8E701204D
:10570000F6E700005893000800BF034A5268121AD7
:105710008A42FAD370470000001000E008B5032069
:10572000009000BF9DF80000411EC9B20091002802
:10573000F8D108BD10B5044620780121FEF746FFD8
:1057400060780121FEF742FF10BD000010B504464D
:10575000204600F015F808B9002010BD074810F8E1
:105760001400FF2805D0054800EB44004078FF28CE
:1057700001D10020F1E70120EFE70000D0930008FD
:105780000146032901D3002070470120FCE770B5D2
:1057900004460D4600261BE005F0800020B120786D
:1057A0000121FEF713FF03E020780021FEF70EFF32
:1057B000FFF7B4FF60780121FEF708FFFFF7AEFFA7
:1057C00060780021FEF702FF6806050E701CC6B265
:1057D000082EE1D370BD10B5044620780121FEF7F4
:1057E000F5FE60780121FEF7F1FEFFF797FF2078C4
:1057F0000021FEF7EBFEFFF791FF60780021FEF736
:10580000E5FEFFF78BFF10BD10B5044620780021A0
:10581000FEF7DCFE60780121FEF7D8FEFFF77EFF81
:1058200020780121FEF7D2FEFFF778FF10BD10B5FA
:10583000044620780121FEF7C9FEFFF76FFF60786C
:105840000121FEF7C3FEFFF769FF60780021FEF734
:10585000BDFEFFF763FF10BD484000220CE000F0E2
:10586000800323B1072383EA4003DBB201E0430650
:105870001B0E1846531CDAB2082AF0D370470000FA
:1058800010B5017BC1EBC10303EB0111094BCA1831
:1058900090F8E6105170002106E000F1E7035C5C2F
:1058A000931C5C544B1CD9B20A29F6D30121917583
:1058B00010BD00005C400020024600210BE00848BB
:1058C00000EB01200068904203D1054800EB012065
:1058D0007047481CC1B20329F1D30020F8E700004B
:1058E0005C3D002001460A4A0868904201D13120FF
:1058F0007047084A0868904201D13220F8E7064A0A
:105900000868904201D13320F2E75820F0E7000008
:10591000003801400044004000480040014608486B
:10592000814201D1002070470648814201D1002008
:10593000F9E70548814201D10020F4E70020F2E7B1
:10594000003801400044004000480040014608483B
:10595000814201D1002070470648814201D10020D8
:10596000F9E70548814201D10020F4E70020F2E781
:1059700000380140004400400048004070B5044633
:105980000D46FCF733FDC4F8F40094F8E500072851
:105990006CD2DFE800F00410303D54585C00552D07
:1059A00008D129460020FFF757FF84F8F2000120B4
:1059B00084F8E5005EE0AA2D09D1E534607B294634
:1059C000FFF74AFF6073022004F8E50912E0D4F8FB
:1059D000FC00401CC4F8FC00204600F04DF8552D9A
:1059E00008D129460020FFF737FF84F8F200012094
:1059F00084F8E5003EE0E5346570607B2946FFF7FA
:105A00002BFF607300202073032004F8E50931E0C8
:105A100014F8F11F2078401C04F8F10904F1E700A4
:105A20004554F13460782946FFF716FF607014F88A
:105A3000F1090A2802D3042084F8E5001AE00520C1
:105A400084F8E50016E0062084F8E50012E0FF2D5A
:105A500003D12046FFF714FF04E0D4F8FC00401CFB
:105A6000C4F8FC00204600F007F803E0204600F0F0
:105A700003F800BF00BF70BD002100F8E51F0173EF
:105A80004173E53870470246B2F8D000B2F8D23020
:105A9000984202D14FF0FF307047B2F8D23002F195
:105AA0009000C05C087092F8D200401C00F03F00EB
:105AB000A2F8D2000020EFE710B590F8D0305B1CC0
:105AC00003F03F02B0F8D230934206D0B0F8D04095
:105AD00000F190031955A0F8D02010BD10B588B082
:105AE00004461C2208A101A8FAF712FC2068FFF75F
:105AF000F9FE8DF809004FF47A73192201A9206884
:105B0000FEF740F908B010BD555341525478204972
:105B10004E4954205355434345535346554C4C59D5
:105B20000A00000070B504460D461646206800F0D5
:105B300014F800B970BD21680868FFF707FF28B1A5
:105B4000324629462068FEF77DF904E032462946B0
:105B50002068FEF7BDF900BFECE770B50446FCF71E
:105B600045FC054606E0FCF741FC401B322801D904
:105B7000002070BD94F841002028F4D10120F8E7FE
:105B800070B506460D460021284603F0C7F800D23E
:105B90000025194890F8D40100EB400116486C30FC
:105BA00000EB81042670002060700021A170E1707C
:105BB00065601148D0F8E001A0600F4890F8D4016A
:105BC000401C0D4981F8D401084690F8D4011E28E4
:105BD00002D3002081F8D401074890F8D5011E288F
:105BE00006D2054890F8D501401C034981F8D5013B
:105BF00001200249087070BDF8410020BE0000205D
:105C0000134991F8DE11052903D30021104A82F8C7
:105C1000DE110F4991F8DE211C3101EB02100D4914
:105C200042684A6382688A630278CA6305220A640A
:105C3000074991F8DE11491C054A82F8DE11114628
:105C400091F8DE11052902D3002182F8DE11704798
:105C5000F8410020644100202DE9F0411F48C07A3E
:105C600008B9BDE8F0811D48807A00B1F9E71B480A
:105C7000067B1EB1304600F08FF858B91748407ABD
:105C800038B11649487A00F087F810B11348467ABF
:105C900000E00126304600F07FF8044604B9E0E752
:105CA000D4E9010100F030F900B9DAE70C49606885
:105CB00003F068F8804602F0E5FF054605B9D0E735
:105CC000FEF741FC0746E168781AA84204D3207821
:105CD0000022A16800F0C8FA00BFC2E7F841002026
:105CE00000007A4470B50546284600F055F8044691
:105CF00004B970BD0020207060700021A170E170B7
:105D00006060A060E0600848007BA84202D10120EA
:105D10000549087300F016FB00F08CF901200349D7
:105D2000087000BFE5E70000F8410020BD0000203A
:105D300000210AE0074800EB0110007818B9054877
:105D400000EB01107047481CC1B20529F2D30020B6
:105D5000F8E700001442002070B50E48067B30467C
:105D600000F0CAF800B9012601240EE03019C5B2CE
:105D700001E0681FC5B2052DFBD8284600F00CF8DD
:105D800008B1284670BD601CC4B2052CEED90120B4
:105D9000F8E70000F841002070B50546284600F0FD
:105DA000ABF808B9002070BD00240BE0074800EBF9
:105DB00004100078A84203D1044800EB0410F2E775
:105DC000601CC4B2052CF1D30020ECE71442002083
:105DD00010B5FFF7BDFB10BD034991F8500008B99D
:105DE00091F84400704700006441002010B5084954
:105DF000087BFFF7D1FF04463CB90120FFF7CCFF39
:105E0000044614B1012002490873204610BD000069
:105E1000F84100202DE9F047FFF7E8FF054615B9E6
:105E20000020BDE8F087D5E9010100F06DF808B960
:105E30000020F6E71349686802F0A4FF814602F0EB
:105E400021FF04460CB90020EBE70F48C07A30B9B7
:105E500004F2E7304FF47A71B0FBF1F0E1E7FEF7BE
:105E600072FB0646E968771AA74201D30020D8E7FB
:105E7000A4EB070808F2E7304FF47A71B0FBF1F0B9
:105E8000CFE7000000007A44F841002010B501205F
:105E9000FFF782FF044614B9FFF74AFF044604B92E
:105EA000074C01202070002060700021A170E1707B
:105EB000044860600448A060FEF745FBE06010BD48
:105EC00014420020000070420000C84210B5024693
:105ED000032A01D3002010BD02EB4200054C04EB65
:105EE000800043680868984202D00B600120F2E706
:105EF0000020F0E714390020014619B1052901D826
:105F0000012070470020FCE770B505460C460021D3
:105F1000284602F003FF04D90A49284602F0FEFF92
:105F200001D2002070BD0021204602F0F7FE04D906
:105F30000549204602F0F2FF01D20020F2E70120DD
:105F4000F0E7000000C0A84700007A4410B50848F8
:105F50004468FEF7CFFB40B13CB1052C05D8E0B258
:105F6000FFF71AFF08B1E0B210BD0120FCE7000006
:105F7000B440002070B50025FEF7E5FA0646FEF7AE
:105F8000B9FB08B9002070BD50212848FAF7FAF98A
:105F9000002446E0264800EB0410007800B93EE0FB
:105FA000234901EB04110878FFF7A6FF00B936E09A
:105FB0001F4A02EB041291681D4A02EB041250685A
:105FC000FFF7A2FF00B92AE0194800EB041001789E
:105FD000164800EB041001700021144800EB041077
:105FE0004170124800EB04108170104800EB04105F
:105FF000C1700F4800EB041041680C4800EB04101E
:1060000041600B4800EB04108168084800EB041065
:106010008160064800EB0410C660012500BF601CCB
:10602000C4B2052CB6D32846ADE7000014420020C8
:10603000BC40002010B50649087BFFF75DFF30B17A
:106040000348007B0349486001200349087010BDE4
:10605000F8410020B4400020BF0000202DE9F041AD
:106060000546884616460124374604E00A20B7FB59
:10607000F0F7601CC4B20A2FF8D2234632464146DC
:106080002846FAF7F9FD04EB440005EB4000C0B2E6
:10609000BDE8F0812DE9F0473B4890F860603B484F
:1060A00090F8DF01B04201D1BDE8F087374880F8B1
:1060B000DF61FEF748FA364908600120334981F86C
:1060C000E801FFF789FE04462F4890F85470D0F895
:1060D0004880D0F84C90856D3CB12C4890F8DC019C
:1060E00000F0FD00294981F8DC01092C47D2DFE8E6
:1060F00004F046050B0F19202A3135004A46414667
:10610000384600F081F83BE03846FFF7EBFD37E01A
:106110001E48C07A28B91D49087B01221D4900F09C
:10612000A3F82DE01948C07A10B9012000F0CEF88C
:1061300026E001201549C872FFF758FE00F02EF83E
:10614000FFF778FF1CE000201049C87201201249B7
:10615000087015E0384600F02FF811E000212846BD
:1061600002F0DCFE0AD20B49284602F0D7FD05D228
:106170000648C0F8D85101200749087000E000BF68
:1061800000BF00BF90E7000064410020F8410020FC
:10619000C400002000007A44BF00002010B5FFF7C3
:1061A00025FE04462CB1FEF7CEF9E060012001493E
:1061B000087010BDBD00002010B504462046FFF752
:1061C000EBFD00B910BD03480473FFF733FF00BFB8
:1061D000F8E70000F841002010B540F2122201213A
:1061E0000020FAF73BFE10BD10B54FF4FA72002103
:1061F0000846FAF733FE10BD10B540F2DC5100201E
:10620000FAF71CFE10BD00002DE9F04107460D46CF
:1062100016463846FFF770FE08B9BDE8F0813146F2
:106220002846FFF771FE00B9F7E73846FFF7B4FDDF
:10623000044614B9FFF77CFD044604B9EDE7277066
:10624000002060700021A170E1706560A660FEF71B
:106250007AF9E06000F076F801200249087000BF8A
:10626000DBE70000BD00002070B504460D46164671
:106270001448807A00B170BD0021284602F04EFD1E
:1062800000D8F8E7104806700E480473FEF75BF973
:106290000C4948610846406888614868294602F010
:1062A0008DFB08490861084690F8DC0100F0FD000C
:1062B00081F8DC01FFF798FF01200249887200BFD6
:1062C000D9E70000F8410020BC0000202DE9F04192
:1062D00006461948807A08B9BDE8F081FFF77CFFCF
:1062E0001548077B02469169506802F053FE054647
:1062F000C6B129463846FFF743FC0F48D0F8E40101
:10630000401C0D49C1F8E4010C48007850B93846EA
:10631000FFF742FD04462CB1FEF715F9E0600120BD
:106320000749087000200449887208610349087011
:10633000FFF762FF00BFCFE7F8410020BC0000205C
:10634000BD00002000202EE0184901EB00110A7862
:10635000174901EB00110A700022154901EB0011E9
:106360004A70134901EB00118A70114901EB0011C9
:10637000CA700E4901EB00114A680D4901EB00118A
:106380004A600A4901EB00118A68094901EB0011D2
:106390008A60064901EB0011CA68054901EB00114A
:1063A000CA60411CC8B20528CED3704714420020F1
:1063B000BC40002010B53B48C07A68B9394890F815
:1063C000DC0100F0FE00374981F8DC01002081F893
:1063D000DD013549888410BD324AD2F8D8115068A1
:1063E00002F09CFC08D22F4890F8DC0140F001003C
:1063F0002C4981F8DC0107E02A4890F8DC0100F024
:10640000FE00284981F8DC0100F050F8254890F89A
:10641000E80140B9234890F8DC0140F0040021492C
:1064200081F8DC0107E01F4890F8DC0100F0FB0078
:106430001C4981F8DC011B4890F8DC0100F00100E8
:1064400040B10120174981F8DD014FF6FF70164970
:10645000888424E0134890F8DC0100F0FB00C0B110
:106460000120104981F8DD010F48808C4FF6FF7143
:10647000884202D100200C4988840A480068FA2129
:10648000B0FBF1F201FB120048B964200649888490
:1064900005E00020034981F8DD010349888400BF3D
:1064A00099E70000F84100201439002010B5FEF7EC
:1064B0004AF8044605480068201A47F230518842DD
:1064C00003D90020024981F8E80110BDC400002072
:1064D000F841002010B51B490020FFF7F7FCC0B1C0
:1064E0001948C07A48B901201749C872FFF77EFCE5
:1064F000FFF754FEFFF79EFD0BE000201249C87223
:106500000120124908701048807A10B10020FFF76E
:10651000DDFE0F490120FFF7D9FC20B1FFF71CFC7D
:106520000446FFF749FE0B490220FFF7CFFC38B1C4
:10653000FFF75CFC0449087B01220749FFF794FE42
:1065400010BD0000C8000020F8410020BF0000205E
:10655000CC000020D0000020000048422DE9F0418E
:10656000FFF758FC0746FFF741FC04460CB1A06852
:1065700000E000200646FAF7CDF934A200210846D3
:10658000FAF7A1FB3348002102682A20FFF766FDD5
:1065900031A20C210020FAF796FB314801230C218F
:1065A00042682A20FAF7FCFA2EA20C215420FAF7AE
:1065B0008AFB2DA218210020FAF785FB2848027BD0
:1065C000012318213020FAF757FB2AA224210020AA
:1065D000FAF779FB03233A4624211E20FAF74CFBF5
:1065E00026A224213020FAF76EFB00233246242114
:1065F0004220FAF7D5FA05461AA224212846FAF7CE
:1066000062FB1FA230210020FAF75DFB1448012332
:106610003021D0F8D8212420FAF7C2FA054611A279
:1066200030212846FAF74FFB0D4991F8DC1109B1EA
:1066300015A100E015A10A4605F10C01C8B23021F0
:10664000FAF741FBFAF748FABDE8F081466C61734E
:1066500068562000B44000205765696768742000C0
:10666000F841002067000000506C616E2049442012
:10667000000000004E657874200000007320540074
:10668000416C61726D200000414C4D004F4B000089
:10669000002002490872487270470000F84100204B
:1066A00012484168124841611048D0F8D81110488A
:1066B00081610E48817A0E48C1610C4890F8DC1166
:1066C0000B4801620948D0F8E411094841620748C3
:1066D000D0F8E011064881620448017B0448C16299
:1066E0000248C17A0248016370470000F841002067
:1066F000644100202DE9F041FAF7FCFA2349486093
:106700000846807A012801D0BDE8F0811F4A9169CE
:10671000106902F03FFC06461C4805691C493046DA
:1067200002F0FCFB05D219490869194902F032FC54
:10673000054616494868294602F0F0FB03D80120B7
:10674000FFF7C4FDE0E7FDF7FEFE04460F48416990
:10675000601A42F21071884215D90C4A916950684A
:1067600002F018FC07464FF07E5102F0D7FA0AD229
:10677000064890F8DC0140F00200044981F8DC0191
:106780000020FFF7A3FD00BFBEE70000F841002096
:1067900000000C4210B5FAF7B3FAFAF7ABFA014968
:1067A000486010BDF841002010B5002403E00A2025
:1067B00000F02BF80A340348C07910B9B4F57A7F99
:1067C000F5D310BDEC410020EFF305807047FBF7D7
:1067D0001FFEFEF7F6F9FDF741FCFDF7E3FBFDF7C1
:1067E0004DFDFDF713FEFDF72DFEFDF7B3FDFDF7A3
:1067F0008FFBFDF7BBFBFDF7E7FC00F015F8FDF79D
:1068000003FC00F027F800BFFEE770B50546FFF770
:10681000DBFF10B16FF0050404E0002415B1284639
:1068200001F020F9204670BD10B5FFF7CDFF10B183
:106830006FF0050409E00648006820B9012004490A
:106840000860002401E04FF0FF34204610BD000036
:106850006C00002070B5FFF7B7FF10B16FF00504B2
:106860001FE011480068012819D100BF801F0021D6
:10687000002804DB0A07130E0C4A135406E00A072B
:10688000150E0B4A00F00F031B1FD55400BF00BFAD
:1068900002200549086001F061F9002401E04FF091
:1068A000FF34204670BD00006C00002000E400E0D2
:1068B00018ED00E02DE9FF47804689461446002088
:1068C0000390FFF781FF00284ED1B8F1000F4BD0A5
:1068D000802618258246471E44B3206808B1D4F8A4
:1068E00000A0A06900B1A5692DB1382D03D8207989
:1068F00000F0010018B1002004B0BDE8F087606925
:1069000008B160698608A06840B1E0685C2805D3DA
:10691000206918B1606908B1012708E0A06830B9A2
:10692000E06820B9206910B9002700E00027012F96
:106930000CD12169A0684B463246CDE90051029046
:106940005146404601F086FD03900DE067B903A86B
:10695000B2B24B465146CDE90050404601F048FDE9
:10696000012801D0002003900398C5E72DE9F041EC
:1069700005460E461648076816480068001D00F0D8
:10698000E9FE681C38B936B112480168091D124881
:1069900000F036FF1AE07C190E4800684460BC42E3
:1069A00007D20C480168091D0C48006800F00EFF72
:1069B0000CE008480168091D0948006800F006FF5E
:1069C00008480068844201D206480460BDE8F081AE
:1069D000300000201C0000200009002024000020BE
:1069E000200000204C00002010B5044600F014FFE9
:1069F00024480068401C234908602348006840B9C7
:106A0000214804600846006801280DD100F0FCF917
:106A10000AE01E48006838B91B480068C06AE16A8D
:106A2000884201D81848046019480068401C184979
:106A300008600846006860641649E06A0968884290
:106A400002D91449E06A0860E16A01EB8101124A47
:106A500002EB8100211D00F0D3FE00F007FF0B4880
:106A6000006868B108480068C06AE16A884207D2D5
:106A70004FF0805009490860BFF34F8FBFF36F8F0D
:106A800010BD00002C0000201C0000203800002059
:106A900048000020340000205004002004ED00E0F5
:106AA00008B500F0B9FE12480068E8B9114800F0D6
:106AB0007DFE114800F07AFE0E48104908600E482D
:106AC0000F49086000200F4B0F4A102100900A2048
:106AD00001F086F9064908600846006820B10BA15C
:106AE0000348006800F082FF00F0C0FE08BD00000F
:106AF0006000002014090020280900205800002010
:106B00005C0000203C0900208C090020546D72516B
:106B10000000000010B516E000F07EFE0C48C068D2
:106B2000C468201D00F016FE0A480068401E09498E
:106B3000086009480068401E0749086000F096FE9A
:106B4000204600F05FF8044800680028E4D110BD3A
:106B5000EC0800202C0000202800002070B504461E
:106B60000D46206C70B1216CE0680144E160D4E90D
:106B70000210884201D32168E1602846226CE16856
:106B8000F9F781FB70BD2DE9F04104460F4615462B
:106B90004FF00008A66B206C48B9206800282CD163
:106BA000A06801F06DFD80460020A06025E07DB961
:106BB0003946226C6068F9F766FB216C606808440E
:106BC0006060D4E90101884217D32068606014E056
:106BD0003946226CE068F9F756FB216CE068411AEF
:106BE000E1602168E068884203D2216CA068411A04
:106BF000E160022D01D106B1761E701CA0634046F3
:106C0000BDE8F08110B5044694F8590030B9206B06
:106C100000F04AFE204600F047FE1AE094F85900C2
:106C2000012803D1204600F03FFE12E094F85900FD
:106C3000022801D1012000E0002050B900BF5020FF
:106C400080F31188BFF34F8FBFF36F8F00BF00BF7A
:106C5000FEE710BD0146084A126812680AB901220F
:106C600000E000220A600A6822B9034A1268D2686A
:106C7000106800E0002070475800002030B54FF445
:106C80002053174800F007042CB1C01D20F0070066
:106C9000134C041B1B1B0246124C22600024114D96
:106CA0006C60D018083820F007000F4C20600024DA
:106CB0000D4D2D686C600C4D2D682C601146441AEA
:106CC0004C60094C24680C60084D4C682C60084DE1
:106CD0004C682C604FF00044064D2C6030BD000025
:106CE000E4100020700000207800002080000020C8
:106CF0007C0000208C00002000BFFFF70BFF06483F
:106D000000680128F9D94FF0805004490860BFF3AA
:106D10004F8FBFF36F8FF0E75004002004ED00E0C9
:106D20002DE9F04106460D4617469846069C0DB9DA
:106D3000246000E02760E66325640121204601F01D
:106D4000BFF884F84C80BDE8F0812DE9F05F824601
:106D50000E4690469B460A9F0C9C4FEA8801A5224E
:106D6000206BF9F707FBA8F10100216B01EB80090B
:106D700029F0070909F0070008B9012000E0002008
:106D800050B900BF502080F31188BFF34F8FBFF37D
:106D90006F8F00BF00BFFEE786B1002507E0715D81
:106DA00004F134004155705D00B902E06D1C102DF6
:106DB000F5D300BF00214320015502E0002084F8F4
:106DC0003400382F00D33727E762E76400202065BE
:106DD000201D00F0F8FC04F1180000F0F4FC246120
:106DE000C7F13800A06164620020606584F8580033
:106DF0005A465146484600F071FB20600B9808B196
:106E00000B980460BDE8F09F10B5002407E004EB88
:106E100084010F4A02EB810000F0C8FC641C382C8E
:106E2000F5D30C4800F0C2FC0B4800F0BFFC0B4847
:106E300000F0BCFC0A4800F0B9FC0A4800F0B6FCBF
:106E400004480949086004480849086010BD00006A
:106E500050040020B0080020C4080020D8080020FA
:106E6000EC08002000090020200000202400002061
:106E700010B50146164800E0006803688B42FBD35A
:106E80000246436813448B4204D143684C68234450
:106E9000436001460A464B6813440468A34211D17B
:106EA0000C4C03682468A34208D04B6804686468EB
:106EB00023444B6003681B680B6005E0054B1B68AF
:106EC0000B6001E003680B60884200D0016010BDD8
:106ED00070000020780000202DE9F04104460D46A6
:106EE00016461F464FF0000865602461B5420CD875
:106EF000F01BA169884202D34FF0010811E0211D67
:106F00000948006800F062FC0BE0BE4204D2BD42BA
:106F100002D34FF0010804E0211D0448006800F08E
:106F200055FC4046BDE8F0815C0000205800002080
:106F300070B5054600F070FCA86B08B9012400E0AC
:106F4000002400F093FC204670BD70B5054600F0AB
:106F500063FCA86BE96B884201D1012400E00024A6
:106F600000F084FC204670BDF8B505460F461A486F
:106F70000068C068C468201D00F0ECFB94F828008D
:106F800000F00400E8B1A06941192B463A462046BA
:106F9000FFF7A2FFD8B1002003462A460146009021
:106FA000204601F0C9FC064656B900BF502080F3C8
:106FB0001188BFF34F8FBFF36F8F00BF00BFFEE795
:106FC00005E094F8280020F0010084F8280020460D
:106FD000216A8847F8BD000058000020F0B587B04E
:106FE000A0E00398002811DA04AE56B900BF502083
:106FF00080F31188BFF34F8FBFF36F8F00BF00BFC7
:10700000FEE7D6E90020B168904700BF039800284A
:10701000E6DB059C606908B9012000E0002010B99A
:10702000201D00F097FB02A800F0DEF8054603984B
:107030000A2875D2DFE800F0090507394163060820
:107040003A4200BF00BF00BF00BF94F8280040F0E4
:10705000010084F828000498A269811803462A4692
:107060002046FFF739FFF8B12046216A884794F897
:10707000280000F00400B8B1002000900498A16935
:10708000421800231946204601F056FC074657B91E
:1070900000BF502080F31188BFF34F8FBFF36F8F75
:1070A00000BF00BFFEE700BF3BE000BF94F8280030
:1070B00020F0010084F8280033E000BF94F8280095
:1070C00040F0010084F828000498A061A06908B18C
:1070D000012000E0002050B900BF502080F311884B
:1070E000BFF34F8FBFF36F8F00BF00BFFEE7A069F4
:1070F00041192B462A462046FFF7EEFE11E094F890
:10710000280000F0020018B9204600F0CDFB05E091
:1071100094F8280020F0010084F8280001E0FFE73F
:1071200000BF00BF002203A90448006801F066F810
:1071300000287FF456AF07B0F0BD000060000020CB
:10714000F8B505460C4600F065FD684600F04CF8C1
:107150000646009820BB44B9B54206D801F02EFB84
:1071600031462846FFF700FF1CE03CB10E4800689E
:10717000006808B9012000E000200446A91B22464F
:107180000A48006800F048FC01F018FB50B94FF0C5
:10719000805007490860BFF34F8FBFF36F8F01E046
:1071A00001F00CFBF8BD00005C0000206000002036
:1071B00004ED00E00A490968096809B9012100E005
:1071C000002121B14FF0FF31064A116006E0044969
:1071D0000968C968C868034A4168116070470000BF
:1071E000200000204C00002070B5044601F0A0F9FA
:1071F000054607480068854204D200F00BF80120DC
:10720000206001E00020206001480560284670BD34
:10721000680000202DE9F84334E025480068C06884
:10722000056823480068C068C468201D00F092FA11
:107230002046216A884794F8280000F0040008B32B
:10724000A0694619AE4207D966602461211D18481D
:10725000006800F0BBFA15E0002003462A4601460C
:107260000090204601F068FB074657B900BF502048
:1072700080F31188BFF34F8FBFF36F8F00BF00BF44
:10728000FEE700BF0A480068006808B9012000E076
:1072900000200028C1D00648D0F8008005480068CA
:1072A000034908600348C0F80080BDE8F883000087
:1072B000580000205C0000200E480068401C08B9FF
:1072C000012000E0002050B900BF502080F3118859
:1072D000BFF34F8FBFF36F8F00BF00BFFEE700BF4C
:1072E000502080F31188BFF34F8FBFF36F8F00BF23
:1072F00000BFFEE79000002008B500BF6846FFF71A
:10730000A9FC044620460099FFF71AFFFFF766FE26
:10731000F4E770B5044600F07FFA94F9455010E0A8
:10732000606A08B9012000E0002038B904F12400A7
:1073300001F0F8F918B100F0CFFB00E003E0681E9F
:1073400045B2002DECDC00BFFF2084F8450000F0C2
:107350008DFA00F061FA94F9445010E0206908B900
:10736000012000E0002048B904F1100001F0DAF932
:1073700008B100F0B1FB681E45B200E001E0002D4D
:10738000ECDC00BFFF2084F8440000F06FFA70BD11
:107390002DE9F04104464FF0000800F03BFC49485D
:1073A000006808B9FFF76AFC4748006820400028D9
:1073B00070D1D4B1083404F00700B0B104F0070074
:1073C000C0F10800044404F0070008B9012000E0FF
:1073D000002050B900BF502080F31188BFF34F8FB9
:1073E000BFF36F8F00BF00BFFEE7002C52D03748BD
:1073F000006884424ED8364E3046056801E02E467D
:107400002D686868A04202D228680028F7D12D486C
:10741000006885423ED0306800F108082868306076
:107420006868001B102819D92F1907F0070008B940
:10743000012000E0002050B900BF502080F31188E7
:10744000BFF34F8FBFF36F8F00BF00BFFEE76868C9
:10745000001B78606C603846FFF70AFD1B496868BE
:107460000968081A19490860084600681949096836
:10747000884203D2154800681649086012496868B6
:107480000968084368600020286013480068401CB1
:107490001149086001F092F908F0070008B90120CD
:1074A00000E0002050B900BF502080F31188BFF3E6
:1074B0004F8FBFF36F8F00BF00BFFEE74046BDE8B0
:1074C000F0810000780000208C0000207C0000206B
:1074D000700000208000002084000020001F4FF07A
:1074E00080730360001F21F001030360001F034B42
:1074F000036014380260203870470000B972000839
:1075000010B5FDF7A5F8FDF783F8FDF7A3F9FDF732
:1075100027F9FDF753FAFCF7C9FFFDF7C7F8F9F7AC
:10752000FDF8F9F773FD10BDFFF7EAFF00BF28482B
:107530000068401C26490860FDF7DEFAF9F70EF9ED
:10754000F9F7A0F82248C07928B9C82021498884D1
:1075500001201F49C8711E4800680A21B0FBF1F2E2
:1075600001FB120008B9F9F765FE194800683221DD
:10757000B0FBF1F201FB120008B9FCF7B3FF1448AD
:1075800000684FF47A71B0FBF1F201FB120018B9F8
:10759000FDF7DEFFFDF7B4F80E48007900F00100BA
:1075A00018B901200A49087102E000200849087151
:1075B000094890F8440018B101200549487102E0DB
:1075C0000020034948710A20FFF71FF9AFE70000C8
:1075D000EC410020143900206441002010B54FF424
:1075E000F6712748F8F7CEFE002026490870264895
:1075F0002349C1F8D8010020C872FF2081F8DF01BB
:10760000012081F8E801FCF79EFF20490860FFF7A0
:10761000CBF8FEF7AFFC08B9FEF738FC0120FEF707
:10762000BBFB08B9FEF732FCFEF790FC1449087367
:10763000087BFEF7B1FB10B9012011490873FEF772
:1076400081FEFEF7F7FC01200E490870F9F794FB64
:10765000FEF7D2FD00200E498884084640680D4997
:1076600008600B4800690C4908600948C0690B496B
:1076700008606420FFF7C9F8F9F7B8F910BD0000F9
:10768000F8410020C00000200000A041C4000020FC
:1076900014390020C8000020CC000020D0000020B9
:1076A000FFF79CFF00BF27480068401C2549086081
:1076B000084600680521B0FBF1F201FB120008B991
:1076C000FFF718F81F4800681921B0FBF1F201FB21
:1076D000120018B9FEF7DCFFFEF7FCFE194800683F
:1076E0003221B0FBF1F201FB120028B9FFF752F88A
:1076F000FEF7D0FCFEF75EFE12480068FA21B0FBF0
:10770000F1F201FB120028B9FEF7A6FAFEF7C8FF56
:10771000FEF724FF0B4800684FF4FA71B0FBF1F25A
:1077200001FB120050B90748D0F8E001401C0549A0
:10773000C1F8E001FEF764FAFEF74AFB0220FFF70A
:1077400064F8B0E7F841002010B500BF0220FFF751
:107750005CF8FBE701460A69D1E901309860D1E99C
:10776000010358605068884201D188685060002049
:1077700008611068401E106010687047034B03607A
:10778000034B0B6080231360704700002C0A00201D
:10779000880A0020034B0360034B0B604FF4807397
:1077A00013607047880C0020E40C002000F10801F1
:1077B00041604FF0FF31816000F10801C16001615B
:1077C00000210160704700210161704710B5024639
:1077D0000B685C1C0CB9106907E002F1080000E0BE
:1077E0004068446824689C42FAD944684C604C68FC
:1077F000A160886041600A611468641C146010BD57
:1078000042684A6093688B60936859609160086130
:1078100003685B1C0360704700BF502080F3118831
:10782000BFF34F8FBFF36F8F00BF0E480068401C3F
:107830000C49086008460068012812D10A4800680F
:10784000C0B208B9012000E0002050B900BF5020AC
:1078500080F31188BFF34F8FBFF36F8F00BF00BF5E
:10786000FEE770479000002004ED00E00D4800683E
:1078700050B900BF502080F31188BFF34F8FBFF382
:107880006F8F00BF00BFFEE706480068401E054935
:1078900008600846006820B9002080F3118800BF06
:1078A00000BF70479000002070B506463546002E98
:1078B00044D0083D2C46224960680968084008B158
:1078C000012000E0002050B900BF502080F3118853
:1078D000BFF34F8FBFF36F8F00BF00BFFEE720687D
:1078E00008B9012000E0002050B900BF502080F30B
:1078F0001188BFF34F8FBFF36F8F00BF00BFFEE74C
:107900000F49606809680840C0B12068B0B90C49E7
:10791000606809688843606000F07CF90949606824
:1079200009680844074908602046FFF7A1FA06489D
:107930000068401C0449086000F040FF70BD000072
:107940008C0000207C0000208800002000204FF0E8
:10795000E02108618861064800684FF47A71B0FB45
:10796000F1F0401E4FF0E0214861072008617047A8
:107970001800002070B5F8F74FFC0446102C16D301
:1079800004F1E02090F8F05315480078854201DBBF
:10799000012000E0002050B900BF502080F3118882
:1079A000BFF34F8FBFF36F8F00BF00BFFEE70D48DF
:1079B000006800F4E0600C490968884201D80120A1
:1079C00000E0002050B900BF502080F31188BFF3C1
:1079D0004F8FBFF36F8F00BF00BFFEE770BD000089
:1079E000940000200CED00E09800002002460020EA
:1079F0000BE0084B53F8303033B9064B43F83010E6
:107A000003EBC0035A6002E0401C0828F1D300BF1A
:107A100070470000100400202DE9F04105460E4695
:107A200017462C46FFF7F8FE94F94400401C10B9A5
:107A3000002084F8440094F94500401C10B900204F
:107A400084F84500FFF712FFA06B28B93A4631468B
:107A500004F1240000F062F82046FFF75AFCBDE86C
:107A6000F081000070B504460025D4B112480068CA
:107A700008B9012000E0002050B900BF502080F379
:107A80001188BFF34F8FBFF36F8F00BF00BFFEE7BA
:107A900000F0C0F800212046FEF768FF00F08EFEDF
:107AA00005463DB94FF0805004490860BFF34F8F41
:107AB000BFF36F8F70BD00005400002004ED00E0A4
:107AC0000349096801600349096841607047000083
:107AD0004400002030000020012001490860704768
:107AE0004000002070B504460D4654B900BF502038
:107AF00080F31188BFF34F8FBFF36F8F00BF00BFBC
:107B0000FEE70548016818312046FFF75FFE0121B6
:107B10002846FEF72BFF70BD1C00002070B50546FF
:107B20000E46144655B900BF502080F31188BFF3AC
:107B30004F8FBFF36F8F00BF00BFFEE7064801689D
:107B400018312846FFF75CFE0CB14FF0FF36214696
:107B50003046FEF70BFF70BD1C00002010B586B04C
:107B600000200590049003AA04A905A8FFF706FECB
:107B70000022DDE904101346CDE9002102901EA188
:107B80001F48039A00F066FC1E490860084600681A
:107B900008B1012400E00024012C02D100F090FE85
:107BA0000446012C15D100BF502080F31188BFF38B
:107BB0004F8FBFF36F8F00BF4FF0FF301249086047
:107BC00001201249086000201149086000F072F895
:107BD00010E0601C08B1012000E0002050B900BF97
:107BE000502080F31188BFF34F8FBFF36F8F00BF1A
:107BF00000BFFEE706B010BD49444C450000000040
:107C0000F96C0008500000204C00002038000020D3
:107C10003000002002480068401C0149086070479D
:107C2000540000201E48006818B101201D4908605A
:107C300034E000201B4908601B4801680CE051B982
:107C400000BF502080F31188BFF34F8FBFF36F8FB9
:107C500000BF00BFFEE7491E01EB8100134A52F846
:107C6000200008B9012000E000200028E7D101EB46
:107C700081020E4B03EB820042685268426000F1C1
:107C800008024368934202D14268526842604268E7
:107C9000D268074B1A600448016000BF70470000BB
:107CA0005400002040000020340000205004002038
:107CB0001C0000201CB53849084600780190FF20C0
:107CC0000A4610700846007800909DF8000000F009
:107CD000F0009DF80020904201D1012000E000203A
:107CE00050B900BF502080F31188BFF34F8FBFF30E
:107CF0006F8F00BF00BFFEE79DF8000000F050004E
:107D0000264A10700720264A106009E024480068BF
:107D1000401E234A10609DF800004006000E0090AF
:107D20009DF8000000F080008028EFD01C4800681B
:107D3000C0F10700042801D1012000E0002050B963
:107D400000BF502080F31188BFF34F8FBFF36F8FB8
:107D500000BF00BFFEE7124800680002104A106032
:107D60001046008800F4E06010600B4A0198107023
:107D70000C48006840F470000A4908600846006832
:107D800040F070400860FFF7E1FD00200649086000
:107D9000F8F70CFA00201CBD00E400E0940000207D
:107DA0009800002020ED00E09000002010B500BFFA
:107DB000502080F31188BFF34F8FBFF36F8F00BF48
:107DC00000F0BCFB18B14FF080500449086000BFC0
:107DD000002080F3118800BF10BD000004ED00E01A
:107DE0002DE9F84380460E4617461D46DDF82090E3
:107DF000B8F1000F01D0012000E0002050B900BF11
:107E0000502080F31188BFF34F8FBFF36F8F00BFF7
:107E100000BFFEE70DB1012000E0002050B900BF17
:107E2000502080F31188BFF34F8FBFF36F8F00BFD7
:107E300000BFFEE707B10EB1012000E0002050B9FD
:107E400000BF502080F31188BFF34F8FBFF36F8FB7
:107E500000BF00BFFEE707B90EB9012000E0002017
:107E600050B900BF502080F31188BFF34F8FBFF38C
:107E70006F8F00BF00BFFEE7502000900098502891
:107E800001D1012000E0002050B900BF502080F354
:107E90001188BFF34F8FBFF36F8F00BF00BFFEE7A6
:107EA00000BF2C464CB1012084F846004B463A46B0
:107EB000314640460094FEF733FF2046BDE8F88384
:107EC00070B505460E462C4654B900BF502080F3CD
:107ED0001188BFF34F8FBFF36F8F00BF00BFFEE766
:107EE000FFF79AFCD4E90F12206801FB0200A060A2
:107EF0000020A06320686060E06B401E226C216857
:107F000000FB0211E160FF2084F8440084F8450082
:107F10009EB9206908B9012000E00020A8B904F149
:107F2000100000F0FFFB80B14FF08050094908605D
:107F3000BFF34F8FBFF36F8F07E004F11000FFF71F
:107F400035FC04F12400FFF731FCFFF78FFC012022
:107F500070BD000004ED00E02DE9FF4383B006464C
:107F600088461D464FF00009344654B900BF5020E2
:107F700080F31188BFF34F8FBFF36F8F00BF00BF37
:107F8000FEE7B8F1000F01D1206C08B9012000E034
:107F9000002050B900BF502080F31188BFF34F8FED
:107FA000BFF36F8F00BF00BFFEE7022D02D1E06B71
:107FB000012801D1012000E0002050B900BF50206D
:107FC00080F31188BFF34F8FBFF36F8F00BF00BFE7
:107FD000FEE700F09DFA08B9059808B9012000E015
:107FE000002050B900BF502080F31188BFF34F8F9D
:107FF000BFF36F8F00BF00BFFEE700BFFFF70CFCB1
:10800000A06BE16B884201D3022D28D12A4641465C
:108010002046FEF7B8FD0746606A08B9012000E077
:10802000002068B904F1240000F07CFB88B14FF017
:10803000805032490860BFF34F8FBFF36F8F08E065
:108040003FB14FF080502D490860BFF34F8FBFF311
:108050006F8FFFF70BFC012007B0BDE8F083059898
:1080600018B9FFF703FC0020F6E7B9F1000F04D1BF
:1080700001A8FFF725FD4FF00109FFF7F7FBFFF718
:10808000C9FDFFF7C9FB94F94400401C10B900205A
:1080900084F8440094F94500401C10B9002084F88D
:1080A0004500FFF7E3FB05A901A800F05BF9F0B973
:1080B0002046FEF74AFFA0B104F110000599FFF732
:1080C00011FD2046FFF725F900F078FB002895D137
:1080D0004FF0805009490860BFF34F8FBFF36F8F97
:1080E0008CE72046FFF715F900F068FB86E720468D
:1080F000FFF70FF900F062FB0020ADE704ED00E0B0
:108100002DE9F84F07468A4690461E463C4654B92C
:1081100000BF502080F31188BFF34F8FBFF36F8FE4
:1081200000BF00BFFEE7BAF1000F01D1206C08B913
:10813000012000E0002050B900BF502080F31188DA
:10814000BFF34F8FBFF36F8F00BF00BFFEE7022E5C
:1081500002D1E06B012801D1012000E0002050B9DC
:1081600000BF502080F31188BFF34F8FBFF36F8F94
:1081700000BF00BFFEE7FFF7FDFB00BF5021EFF39C
:10818000118081F31188BFF34F8FBFF36F8F00BF52
:108190000546A06BE16B884201D3022E25D194F9EC
:1081A00045B0A06B0090324651462046FEF7EBFCEE
:1081B0000BF1010088B9606A08B9012000E00020D5
:1081C00050B904F1240000F0ADFA28B1B8F1000F65
:1081D00002D00120C8F8000004E00BF1010040B219
:1081E00084F845004FF0010901E04FF0000900BF9D
:1081F00085F3118800BF4846BDE8F88F2DE9F741A7
:1082000083B005460E464FF000082C4654B900BF17
:10821000502080F31188BFF34F8FBFF36F8F00BFE3
:1082200000BFFEE70EB9206C08B9012000E0002075
:1082300050B900BF502080F31188BFF34F8FBFF3B8
:108240006F8F00BF00BFFEE700F062F908B9059824
:1082500008B9012000E0002050B900BF502080F391
:108260001188BFF34F8FBFF36F8F00BF00BFFEE7D2
:1082700000BFFFF7D1FAA76BF7B131462046FEF7F2
:108280006DFC781EA063206908B9012000E0002081
:1082900060B904F1100000F045FA38B14FF0805099
:1082A0002F490860BFF34F8FBFF36F8FFFF7DEFAE0
:1082B000012006B0BDE8F081059818B9FFF7D6FA9D
:1082C0000020F6E7B8F1000F04D101A8FFF7F8FB92
:1082D0004FF00108FFF7CAFAFFF79CFCFFF79CFA82
:1082E00094F94400401C10B9002084F8440094F92B
:1082F0004500401C10B9002084F84500FFF7B6FA8D
:1083000005A901A800F02EF8F0B92046FEF710FEEE
:10831000A0B104F124000599FFF7E4FB2046FEF725
:10832000F8FF00F04BFA0028A3D14FF080500C4921
:108330000860BFF34F8FBFF36F8F9AE72046FEF7B9
:10834000E8FF00F03BFA94E72046FEF7E2FF00F07A
:1083500035FA2046FEF7ECFD00288AD00020A8E779
:1083600004ED00E070B505460C4655B900BF50203D
:1083700080F31188BFF34F8FBFF36F8F00BF00BF33
:10838000FEE754B900BF502080F31188BFF34F8F30
:10839000BFF36F8F00BF00BFFEE7FFF73DFA124843
:1083A00002686868131A2068401C08B9002617E0A4
:1083B0000E4928680968884204D06868904201D84C
:1083C00001260DE02068984207D92068C01A206075
:1083D0002846FFF775FB002602E0002020600126FA
:1083E000FFF744FA304670BD300000204400002002
:1083F0002DE9FF4F85B0804689461746DDE912AB6F
:10840000B800FEF7C5FF064656B15C20FEF7C0FF78
:1084100004460CB1266304E03046FFF745FA00E05D
:1084200000248CB1002084F85900CDE900ABCDE9DF
:1084300002403A4649464046089BFEF786FC2046E5
:10844000FEF7D2FA012501E04FF0FF35284609B0CA
:10845000BDE8F08F2DE9F04F85B00746884691467C
:108460009A46DDE90EB6109C0EB1012000E0002016
:1084700050B900BF502080F31188BFF34F8FBFF376
:108480006F8F00BF00BFFEE70CB1012000E00020AD
:1084900050B900BF502080F31188BFF34F8FBFF356
:1084A0006F8F00BF00BFFEE75C20039003985C283D
:1084B00001D1012000E0002050B900BF502080F31E
:1084C0001188BFF34F8FBFF36F8F00BF00BFFEE770
:1084D00000BFB4B1AEB125462C462E63022085F80C
:1084E0005900002004A953464A46CDE900B1CDE920
:1084F000025041463846FEF728FC2846FEF774FA3B
:1085000001E000200490049805B0BDE8F08F000061
:108510000549096809B9012005E00449096809B954
:10852000022000E0002070473800002054000020A6
:108530000149086870470000300000202DE9F04133
:108540004FF000084348006800287BD1424800688B
:10855000451C4148056015BB40480068006808B9E3
:10856000012000E0002050B900BF502080F31188A6
:10857000BFF34F8FBFF36F8F00BF00BFFEE73748D9
:10858000076837480068354908603548076035484E
:108590000068401C33490860FEF70CFE00BF3248FB
:1085A000006885423BD300BF2C480068006808B9CA
:1085B000012000E0002020B14FF0FF302A49086080
:1085C0002CE026480068C068C4686668B54202D2DC
:1085D0002548066022E0201DFFF7BCF8A06A18B10C
:1085E00004F11800FFF7B6F82049E06A09688842EC
:1085F00002D91E49E06A0860E16A01EB81011C4A68
:1086000002EB8100211DFFF7FBF81A49E06A0968B7
:10861000C96A8842C8D34FF00108C5E700BF1548B2
:108620000068C06A00EB8000114951F82000012861
:1086300001D94FF001081048006808B14FF0010857
:1086400005E0FFE70D480068401C0C490860404603
:10865000BDE8F08154000020300000202000002000
:1086600024000020440000204C00002034000020A2
:10867000500400201C000020400000203C0000208E
:1086800070B505462C460026002D43D022480068D0
:10869000844201D1012000E0002050B900BF5020E9
:1086A00080F31188BFF34F8FBFF36F8F00BF00BF00
:1086B000FEE7206D50B900BF502080F31188BFF352
:1086C0004F8FBFF36F8F00BF00BFFEE7206D401ECE
:1086D0002065E16CE06A88421CD0206DD0B9201D75
:1086E000FFF738F8E06CE062E06AC0F13800A061A2
:1086F0000A49E06A0968884202D90849E06A0860C4
:10870000E16A01EB8101064A02EB8100211DFFF7BE
:1087100077F80126304670BD1C0000203400002090
:108720005004002070B50646F068C46854B900BF14
:10873000502080F31188BFF34F8FBFF36F8F00BFBE
:1087400000BFFEE704F11800FFF704F815480068C1
:10875000A0B9201DFEF7FEFF1349E06A09688842B0
:1087600002D91149E06A0860E16A01EB81010F4A10
:1087700002EB8100211DFFF743F804E004F118012A
:108780000B48FFF73DF80B49E06A0968C96A88425F
:1087900004D9012501200849086000E00025284689
:1087A00070BD000054000020340000205004002060
:1087B000D80800201C0000204000002070B50024D4
:1087C00000263648006850B900BF502080F3118859
:1087D000BFF34F8FBFF36F8F00BF00BFFEE7FFF700
:1087E0001BF82E480068401E2C49086008460068A7
:1087F00000284ED12A48006800284AD023E02948A2
:10880000C068C46804F11800FEF7A4FF201DFEF73D
:10881000A1FF2549E06A0968884202D92249E06A35
:108820000860E16A01EB8101204A02EB8100211D11
:10883000FEF7E6FF1E49E06A0968C96A884202D36A
:1088400001201C4908601748006808B9012000E0B1
:1088500000200028D3D00CB1FEF7ACFC1648056808
:1088600065B100BFFFF76AFE10B101201149086031
:108870006D1E002DF6D100200F4908600D480068DC
:1088800038B1012630070D490860BFF34F8FBFF3A1
:108890006F8FFEF7EBFF304670BD000054000020E4
:1088A0002C000020D80800203400002050040020B4
:1088B0001C000020400000203C00002004ED00E0EF
:1088C00010B586B00024FEF7EBF816480068D0B16A
:1088D00000200590049003AA04A905A8FEF75AFFFA
:1088E0000222DDE904100023CDE9002102900EA14F
:1088F0000F48039AFFF7AEFD0E490860084600686E
:1089000000B1012400BF54B900BF502080F311888A
:10891000BFF34F8FBFF36F8F00BF00BFFEE720464E
:1089200006B010BD60000020546D722053766300C5
:10893000F9720008640000202DE9FF4704460D4647
:1089400016461F46DDF830804FF0000954B900BFCD
:10895000502080F31188BFF34F8FBFF36F8F00BF9C
:1089600000BFFEE71448006810B30095019602941A
:10897000062D15DAFFF7CCFD022808D10023424668
:1089800069460D480068FFF7E7FA814610E00023CA
:108990001A46694608480068FFF7DEFA814607E094
:1089A00000233A46694604480068FFF7A9FB814660
:1089B000484604B0BDE8F0876000002090EA010F4F
:1089C00048BF81F0004100F1EC82421A3CBF801A9E
:1089D00089184FEAD0524FF07F4C1CEA410FA2EBAE
:1089E000D15318BF9CEA026F00F03B804FF0004C5F
:1089F0004CEA00204CEA012121FA03FC10EB0C0C9C
:108A00001ED202F1FF325FEA1C2040EBC25038BF99
:108A100070471CF07F0F4FEA400C18BFBCF17F4F2E
:108A200038BF7047C3F12003994008BF20F0010010
:108A3000BCF17F4F38BF7047A0F1C04000F069BA69
:108A40004FEA3C00000A40EBC25028BF1CF0FF0F69
:108A50004FEA400CE6D018BFBCF17F4F38BF7047DB
:108A6000EAE79CEA026F05D010EA5C0F08BF00F04D
:108A70000040704710B500F006FA00BF64FBBE3E30
:108A8000401058BFC0F14040491058BFC1F14041AB
:108A90008142EFF3008070474FF47F0C1CEAD01244
:108AA0001EBF1CEAD11392EA0C0F93EA0C0F00F0E0
:108AB000858090EA010F48BF42F4807240F4000CB8
:108AC00041F400002CF07F4120F07F4000B581424E
:108AD000A2EB03020FF2081CACEB504EC0F10000F9
:108AE0009EF800E04FEA4E0E00FB0EFC38BF490036
:108AF0004FEA2C1C02F5FA020CFB0EF34FEACE1ED5
:108B00004FEA112C4FEAC1210EEB635E42EB224289
:108B10000EFB0CFC4FEA1C5300FB03114FEA112C17
:108B20004FEA01310EFB0CFC4FEADC4C00FB0C1150
:108B3000C14228BF09184CEB03335DF804EB10EB7E
:108B4000410143EBC250B2F57C0F38BF704729D5C5
:108B500012F0F00F1CBF00F1C04000F00040704761
:108B6000008182838485868788898B8C8D8E8F9106
:108B70009293959697999A9C9D9FA0A2A3A5A7A82A
:108B8000AAACAEB0B2B3B5B7B9BCBEC0C2C5C7C956
:108B9000CCCED1D4D7D9DCDFE2E6E9ECF0F3F7FABA
:108BA000FE0000004FEA400C0CF1807CBCF17E4FCF
:108BB00028BF7047B0F1C04000F0ABB990EA010F98
:108BC0000CEAD11348BF42F48072624538BF634556
:108BD00007D213F47F0F16D080EA010000F00040A6
:108BE000704710B500F04FF9097EFC3E00F005B863
:108BF00080EA010000F00040704780EA010000F0C8
:108C0000004000F086B912F47F0F04BF024870479D
:108C100080EA010000F07DB90000C07F50EA010C3D
:108C200000F113801CF5000F58BFBCF5000F01D4F4
:108C30008842704707D710F5000F58BF11F5000F95
:108C400015D488427047894270471CF5000F04D53F
:108C5000BCF5000FF7D5814270474FF0807C1CEBCC
:108C6000400F38BF1CEB410F01D28142704710B555
:108C700000F009F9922449004FF000504FF0805164
:108C8000FFF7FEBEC10DD1F19E0206DB4FEA0023C5
:108C900043F0004323FA02F07047004207D54FEA41
:108CA0004001B1F1FE4F02D24FF00000704710B505
:108CB00000F0E9F849922480002070476FEA200014
:108CC0007047000010F0004148BF4042B0FA80F306
:108CD00010FA03F2C3F19D030BD051EAC35101EB2B
:108CE0001220530638BF704700F1010008BF20F082
:108CF00001007047B0FA80F310FA03F2C3F19D034C
:108D00000AD0D90501EB1220530638BF704700F195
:108D1000010008BF20F001007047000050EA010C7C
:108D200000F113801CF5000F58BFBCF5000F01D4F3
:108D30008842704707D710F5000F58BF11F5000F94
:108D400015D488427047894270471CF5000F04D53E
:108D5000BCF5000FF7D5814270474FF0807C1CEBCB
:108D6000400F38BF1CEB410F01D28142704710B554
:108D700000F089F8922449004FF000504FF08051E4
:108D8000FFF77EBE4FF47F0C1CEAD0121EBF1CEA18
:108D9000D11392EA0C0F93EA0C0F00F0478090EA8F
:108DA000010F48BF42F480724FF0004C4CEA0020A3
:108DB0004CEA012102EB0302A0FB0113A2F5000221
:108DC000002918BF43F001035B0028BF4FEA3303BB
:108DD00042EB22425FEA132C4CEBC2502EBFBCEB9D
:108DE000436FB2F57C0F70474FEA036CBCF1004F44
:108DF00008BF20F00100B2F57C0F38BF70470BD5DB
:108E000082F0FF0212F5803FC8BF704700F1C040FA
:108E1000D8BF00F00040704700F5000C5FEA4C0C32
:108E200048BF7047B0F1C04000F073B890EA010F3E
:108E30000CEAD11348BF42F48072624538BF6345E3
:108E400004D280EA010000F00040704710B500F045
:108E50001AF800BF8900013E00F007B800F009B819
:108E60005FEA410C5FEA1C6C08D080EA010000F068
:108E700050B85FEA400C5FEA1C6CF6D14FF000403E
:108E8000A0F5800070470EF1020E2EF0030E5EF882
:108E9000044B244204D44FEA4102B2F17F4F11D86F
:108EA0004FEA4003B3F17F4F0CD80ED14FEAD07C8C
:108EB000B2F17F4F0CEB4C0C0CF1020C08BF4CEBE9
:108EC000D17C04E04FF0080C01E04FEAD17C0CEBC0
:108ED0004C0324FA03F404F00704B4F1040C06D2A2
:108EE0000EEB840CBDE810404CF0010C6047DFE84D
:108EF0000CF0070802024FF00040A0F5800010BD02
:108F00000846420018BFD2F1807288BF00F00040CE
:108F100010BDFF2141EAD050C005704751EA000C56
:108F200000F113801CF5000F58BFBCF5000F01D4F1
:108F30008142704707D711F5000F58BF10F5000F99
:108F400015D481427047894270471CF5000F04D543
:108F5000BCF5000FF7D5884270474FF0807C1CEBC2
:108F6000410F38BF1CEB400F01D28842704780EAA6
:108F7000010081EA000180EA0100FFF7F8BE80F0FD
:108F8000004090EA010F7FF520AD81F0004100F034
:108F900008B8000090EA010F48BF81F000413FF59A
:108FA00014AD421A04D882F00042A0EB0200114432
:108FB0004FEAD0524FF07F4C1CEA410FA2EBD15345
:108FC00018BF9CEA026F4AD04FF0004C4CEA0020D8
:108FD0004CEA012121FA03FCB0EB0C0C0FD412F087
:108FE000FE0F36D05FEA4C001DD5001240EBC25098
:108FF00038BF70471CF03F0F18BF70470BE0A2F15D
:1090000001025FEA1C2040EBC25038BF70471CF0E1
:109010007F0F18BF7047C3F12003994014BF401E53
:1090200020F00100704780084FEA122308BF704704
:10903000B0FA80FCA2EB0C02CCF1280C60FA0CF028
:1090400093EA122F04BF00EBC25070474FEAC3707F
:109050007047130A5FEADC1008BF7047F6E79CEA26
:10906000026F04D010EA5C0F08BF0020704710B5F3
:10907000FFF709FF40DFF63E81F000407047000037
:1090800054940008000000000000000000000000F0
:1090900000000000000800001800000000000000B0
:1090A000000000003C9400080000000000000000E8
:1090B0000000000000000000000800001800000090
:1090C00000000000000000004894000800000000BC
:1090D0000000000000000000000000000008000088
:1090E000180000000000000000000000020304055A
:1090F000060708090A0B0C0D0E0F101001020203DF
:109100000405060708090A0B0C0D0E0F10100102CA
:109110000000000000000000010203040607080927
:1091200000000000010203040B0A0E010000000011
:109130000000000000002F000000000700070000F2
:10914000147F147F1400242A7F2A120062640813FB
:109150002300364955225000000503000000001C82
:10916000224100000041221C000014083E081400A7
:1091700008083E0808000000A06000000808080871
:1091800008000060600000002010080402003E514A
:1091900049453E0000427F4000004261514946007F
:1091A0002141454B31001814127F100027454545D9
:1091B00039003C4A4949300001710905030036492C
:1091C00049493600064949291E000036360000008C
:1091D0000056360000000814224100001414141434
:1091E000140000412214080002015109060032490E
:1091F00059513E007C1211127C007F4949493600CA
:109200003E41414122007F4141221C007F494949A2
:1092100041007F09090901003E4149497A007F0860
:1092200008087F0000417F4100002040413F0100CD
:109230007F08142241007F40404040007F020C0222
:109240007F007F0408107F003E4141413E007F09BE
:10925000090906003E4151215E007F091929460097
:1092600046494949310001017F0101003F4040402A
:109270003F001F2040201F003F4038403F00631444
:10928000081463000708700807006151494543004E
:10929000007F41410000552A552A55000041417F79
:1092A0000000040201020400404040404000000170
:1092B000020400002054545478007F48444438008D
:1092C000384444442000384444487F0038545454BF
:1092D0001800087E0901020018A4A4A47C007F08DD
:1092E0000404780000447D4000004080847D00003C
:1092F0007F102844000000417F4000007C041804D7
:1093000078007C0804047800384444443800FC2485
:109310002424180018242418FC007C0804040800E5
:10932000485454542000043F444020003C40402016
:109330007C001C2040201C003C4030403C00442865
:10934000102844001CA0A0A07C004464544C441489
:10935000141414141400010000080140100001014D
:109360000008014020000101000801400001010146
:10937000000C014080000101000C014004000101CB
:10938000000C014010000101000C0140200001010F
:10939000000C014000010101000C0140001001011E
:1093A000000C014000200101000C014000400001C0
:1093B000000C01400080000100100140004001004D
:1093C0000010014000800100001001400020000159
:1093D0000506FFFFFFFF00002C0100200000000039
:1093E0002C0100200400000000000000000000002C
:1093F00000000000000000007401002000000000D8
:109400007401002004000000740100200800000026
:10941000740100200C000000BC01002000000000CE
:10942000000000000000000000000000000000003C
:10943000BC0100200C000000000101007573657282
:109440005461736B5F310000757365725461736BA7
:109450005F32000064656661756C745461736B0003
:109460008094000800000020D400000028010008BB
:1094700054950008D40000207449000044010008FD
:1094800000000000000000000000000000000000DC
:10949000100000000100000000127A00000000002F
:1094A00000000000000000000000000000000000BC
:1094B00000000000000000000000000000000000AC
:1094C000000000000000000000000000000000009C
:1094D000000000000000000000000000000000008C
:1094E000000000000000000000000000000000007C
:1094F000000000000000000000000000000000006C
:10950000000000000000000000000000000000005B
:10951000AAAAAAAA000000000000000000000000A3
:1095200000000000040200204C02002000000000A7
:10953000000000000000000000000000000000002B
:10954000000000000000000000000000000000001B
:049550000000000017
:04000005080000ED02
:00000001FF
