:020000040800F2
:1000000070490020210200084D490008D143000832
:10001000494900086D060008CD590008000000009D
:10002000000000000000000000000000890100083E
:10003000F911000800000000CD0100081950000867
:100040003B0200083B0200083B0200083B0200089C
:100050003B0200083B0200083B0200083B0200088C
:100060003B0200083B0200083B0200083B0200087C
:100070003B0200083B0200087106000881060008E8
:1000800091060008A10600083B0200083B02000898
:100090003B0200083B0200083B0200083B0200084C
:1000A0003B020008B55000083B0200083B02000874
:1000B0003B0200083B0200083B0200083B0200082C
:1000C0003B0200083B0200083B0200083B0200081C
:1000D0003B0200089D590008AD590008BD590008B1
:1000E0003B0200083B0200083B02000800F002F857
:1000F00000F03AF80AA090E8000C82448344AAF188
:100100000107DA4501D100F02FF8AFF2090EBAE885
:100110000F0013F0010F18BFFB1A43F0010318473B
:10012000D8910000F8910000103A24BF78C878C137
:10013000FAD8520724BF30C830C144BF04680C60ED
:10014000704700000023002400250026103A28BF35
:1001500078C1FBD8520728BF30C148BF0B60704739
:100160001FB51FBD10B510BD00F0CFF91146FFF748
:10017000F7FF06F0D2FA00F0EDF903B4FFF7F2FF53
:1001800003BC00F0F5F90000224B19680868B0E8DC
:10019000F00F80F30988BFF36F8F4FF0000080F3FA
:1001A00011884EF00D0E70470000000006480068F0
:1001B000006880F3088862B661B6BFF34F8FBFF363
:1001C0006F8F00DF00BF00BF08ED00E0EFF3098094
:1001D000BFF36F8F0F4B1A6820E9F00F106008B55E
:1001E0004FF0500080F31188BFF34F8FBFF36F8F34
:1001F00007F060FC4FF0000080F31188BDE8084074
:1002000019680868B0E8F00F80F30988BFF36F8FB2
:10021000704700BF1C000020EFF30580704700000E
:100220000948804709480047FEE7FEE7FEE7FEE78A
:10023000FEE7FEE7FEE7FEE7FEE7FEE704480549C6
:10024000054A064B70470000B3500008ED00000857
:100250007043002070490020704500207045002048
:1002600053EA020C00F069802DE9F04B4FF00006D4
:10027000002B1FBFB3FA83F503FA05F424FA05F641
:100280005E4012BF1643B2FA82F502FA05F4C5F1D8
:1002900020051EBF22FA05FC44EA0C04203556EA6C
:1002A000044C4FEA144418BF641C4FF000084FF090
:1002B0000009904271EB030C39D3002919BFB1FA40
:1002C00081F701FA07F6B0FA80F700FA07F6C7F1EE
:1002D00020071EBF20FA07FC46EA0C062037B6FBB3
:1002E000F4FCA7EB0507103F07F01F0BCBF120062E
:1002F0000CFA0BFB2CFA06F644BFB3460026202F5F
:10030000A4BF5E464FF0000B5BEA060C08BF4FF03F
:10031000010B19EB0B09ABFB027C48EB0608C01B79
:1003200006FB02CC0BFB03CC71EB0C01C1E70B46C7
:10033000024641464846BDE8F08B13B54FF0000039
:100340004FF00001AFF30080BDE81C407047B2F1F0
:1003500020030AD5C2F1200320FA02F001FA03F3C8
:1003600021FA02F140EA0300704721FA03F04FF04E
:1003700000017047032A40F2308010F0030C00F0B7
:10038000158011F8013BBCF1020F624498BF11F8CF
:1003900001CB00F8013B38BF11F8013BA2F1040288
:1003A00098BF00F801CB38BF00F8013B11F0030300
:1003B00000F02580083AC0F0088051F8043B083A64
:1003C00051F804CBA0E80810F5E7121D5CBF51F806
:1003D000043B40F8043BAFF30080D20724BF11F880
:1003E000013B11F801CB48BF11F8012B24BF00F8E5
:1003F000013B00F801CB48BF00F8012B704710B556
:10040000203AC0F00B80B1E81850203AA0E818500C
:10041000B1E81850A0E81850BFF4F5AF5FEA027CCD
:1004200024BFB1E81850A0E8185044BF18C918C03C
:10043000BDE810405FEA827C24BF51F8043B40F8DD
:10044000043B08BF7047D20728BF31F8023B48BFC2
:1004500011F8012B28BF20F8023B48BF00F8012B00
:10046000704702F0FF0343EA032242EA024200F02F
:100470002CB84FF0000200B513469446964620393A
:1004800022BFA0E80C50A0E80C50B1F12001BFF44D
:10049000F7AF090728BFA0E80C5048BF0CC05DF8B3
:1004A00004EB890028BF40F8042B08BF704748BF01
:1004B00020F8022B11F0804F18BF00F8012B704775
:1004C0007047704770474FF000020429C0F0128057
:1004D00010F0030C3FF4CFAFCCF1040CBCF1020FD1
:1004E00018BF00F8012BA8BF20F8022BA1EB0C01CC
:1004F000FFF7C1BF5FEAC17C24BF00F8012B00F801
:10050000012B48BF00F8012B7047754600F02CF80E
:10051000AE4605006946534620F00700854618B0F0
:1005200020B5FFF78BFEBDE820404FF000064FF0EE
:1005300000074FF000084FF0000B21F00701AC4618
:10054000ACE8C009ACE8C009ACE8C009ACE8C00937
:100550008D46704710B50446AFF300802046BDE8D5
:100560001040FFF70ABE000000487047104300200B
:1005700001491820ABBEFEE726000200704770B5A7
:10058000044600252068806800F0010018B3206848
:10059000806820F001002168886002F049F9054672
:1005A00013E002F045F9401B02280ED9206880684C
:1005B00000F0010048B1A06A40F01000A062E06ABB
:1005C00040F00100E062012070BD2068806800F00A
:1005D00001000028E5D10020F6E7000038B5044608
:1005E0000025002000902068806800F0010078BBA2
:1005F0002068806840F00100216888601948006820
:100600001949B0FBF1F0009002E00098401E009004
:1006100000980028F9D102F00BF9054619E002F024
:1006200007F9401B022814D92068806800F00100F7
:1006300078B9A06A40F01000A062E06A40F00100C2
:10064000E06200BF002084F8240000BF012038BD14
:1006500005E02068806800F001000028DFD000205D
:10066000F5E700001800002040420F0000BFFEE741
:1006700010B5024801F01CFD10BD00001003002061
:1006800010B5024801F014FD10BD0000CC0200209E
:1006900010B5024801F00CFD10BD0000540300200D
:1006A00010B5024801F004FD10BD000098030020C1
:1006B00030B590F840500124AC40C56B6C600468C4
:1006C00063604468102C04D10468A2600468E1608F
:1006D00003E00468A1600468E26030BD014609B926
:1006E000002070471148807D08B90020F9E70F48C5
:1006F000407808700D48801C0268C1F801204268EB
:10070000C1F805200089A1F8090009480A680260BB
:100710004A6842600A8902818A7A82720020044A09
:10072000D072024A90750120DBE700009041002062
:100730001C39002000B500F001F800BD044800217C
:1007400001604160816000200249887570470000A7
:100750001C390020904100202DE9F04104460D464F
:1007600016460C480021C160016181825DB10A2EEC
:1007700001D90A2000E0304607463A462946054896
:100780000C30FFF7F7FD2146002004F06DFBBDE8BB
:10079000F08100009041002010B52148008E50B932
:1007A0002048007830B10021082004F0A1FA002090
:1007B0001C49087010BD1A48008E4FF6FF71884220
:1007C0000AD11848007830B91749082004F090FA87
:1007D000012014490870EDE71248007858B904F078
:1007E0000FF9124908601049082004F081FA01202D
:1007F0000C490870DEE704F003F904460B48006872
:10080000201A0749098E884208D30021082004F0E5
:100810006FFA0020024908860249087000BFC9E744
:100820004C390020A00000200000C8429C0000209D
:1008300010B504F049F90021012000F005F901216B
:10084000002000F001F900F0B5F800200549088605
:1008500005490870054908600021082004F048FA9D
:1008600010BD00004C390020A00000209C0000209A
:1008700070B504F0C5F80646002492E0204600F06A
:10088000CFF80546002D72D00120484901EB041134
:10089000087004EB4400464911F82000B0B901206B
:1008A00004EB4401424A02F8210004EB44001146E3
:1008B00001EB80004660002004EB440102EB810163
:1008C000087204EB440102EB8101487204EB44001E
:1008D000374901EB8000007AD0B904EB44000A46A6
:1008E00002EB80004168304605F07FF832280FD3D4
:1008F000012004EB44012E4A02EB810108722B48CF
:1009000000EB04104068401C284901EB04114860CA
:1009100004EB4400264901EB8000007A28B304EB85
:10092000440001EB8000407AF8B904EB44000A4629
:1009300002EB80004168304605F057F8B0F57A7F49
:100940002DD3012004EB4401194A02EB81014872C6
:10095000164901EB04114870144800EB0410C068FC
:10096000401C124901EB0411C86018E0FFE70020A9
:100970000E4901EB041108700C4901EB0411487099
:1009800004EB44010A4A02F8210004EB440102EBA3
:100990008101087204EB440102EB81014872601C82
:1009A000C4B2032CFFF46AAF70BD00004C390020C4
:1009B0002839002010B504F023F80446002028E070
:1009C000002100EB4002144B03F8221000EB400121
:1009D0001A4602EB81014C60002100EB400203EB60
:1009E0008202517200EB400203EB820211720B4A49
:1009F00002EB00121170094A02EB00125170074A13
:100A000002EB00125160054A02EB0012D160411C5A
:100A1000C8B20328D4D310BD283900204C39002097
:100A200010B50446204600F005F808B9012010BDB5
:100A30000020FCE710B504460249085D04F008F800
:100A400010BD0000C08F000870B504460D460DB9FA
:100A5000012000E0002006460249085D314604F00E
:100A600011F870BDC38F000800200CE0002106E0E3
:100A70000022064B03EBC0135A544A1CD1B2802902
:100A8000F6D3411CC8B20828F0D370478039002043
:100A900010B5044624B90021A62004F0B4FF03E0F9
:100AA0000021A72004F0AFFF10BD000010B5002109
:100AB0008D2004F0A8FF0021142004F0A4FF0021E1
:100AC000AF2004F0A0FF01200149087010BD000014
:100AD000A100002010B5044644B90021C82004F04C
:100AE00092FF0021A12004F08EFF07E00021C0202A
:100AF00004F089FF0021A02004F085FF10BD000054
:100B0000F0B50B46D90803F007050126AE40F4B254
:100B10004AB10A4E06EBC116365C2643074F07EB77
:100B2000C1173E5408E0054E06EBC116365CA643DD
:100B3000024F07EBC1173E54F0BD00008039002082
:100B400010B504F043F80021AE2004F05CFF002152
:100B5000084604F058FF0021102004F054FF002143
:100B6000402004F050FF0021812004F04CFF0021C0
:100B7000CF2004F048FF0021A12004F044FF002111
:100B8000C82004F040FF0021A62004F03CFF002113
:100B9000A82004F038FF00213F2004F034FF00219A
:100BA000D32004F030FF0021084604F02CFF002180
:100BB000D52004F028FF0021802004F024FF00212C
:100BC000D92004F020FF0021F12004F01CFF0021B7
:100BD000DA2004F018FF0021122004F014FF002195
:100BE000DB2004F010FF0021302004F00CFF002176
:100BF000202004F008FF0021022004F004FF00215F
:100C00008D2004F000FF0021142004F0FCFEFFF70B
:100C10002BFF0021AF2004F0F6FEFFF747FF002076
:100C2000FFF736FF0020FFF755FF10BD38B5002451
:100C300019E004F1B001C8B2002104F0E4FE002183
:100C4000084604F0E0FE0021102004F0DCFE8020C5
:100C50000090064800EBC41340227821002003F0E6
:100C6000F9FF601CC4B2082CE3D338BD80390020E2
:100C70002DE9F04F0746884615469946202D01DBA1
:100C80007E2D00DD2025A5F1200000F0FF0A0024C4
:100C90002AE00AEB4A00164901EB400010F804B0C4
:100CA00000261DE00BF0010040B108EB0602D1B2B6
:100CB0003A19D0B24A46FFF723FF0DE0B9F1000F11
:100CC00001D1012300E000231A4608EB0603D9B244
:100CD0003B19D8B2FFF714FF4FEA6B0B701CC6B27A
:100CE000082EDFD3601CC4B2062CD2D3BDE8F08F2F
:100CF000C58F00082DE9FF4F85B016461F46059D9C
:100D00000021304607F056FF09D201232D22284644
:100D10000699FFF7ADFFA81DC5B286F00046304624
:100D200007F014FF044639460A2004F061FE8246AB
:100D3000504607F02BFF0290204607F027FF314670
:100D4000009008F068F80190029907F067FF4FF0F3
:100D50007C51039007F07AFD049007F0F7FE80467F
:100D6000D04502D3641C4FF00008A3464FF00109A0
:100D700006E00A20BBFBF0FB09F1010000F0FF09CF
:100D8000BBF10A0FF5D24B4622462846069900F0E1
:100D90001DF809EB490005EB4000C5B297B10123EE
:100DA0002E2228460699FFF763FFA81DC5B23B46D1
:100DB00042462846069900F009F807EB470005EB84
:100DC0004000C5B2284609B0BDE8F08F2DE9F047D4
:100DD0000646884617461D4600241AE0281B401E7A
:100DE000C1B20A2004F004FEB7FBF0F00A21B0FB08
:100DF000F1F201FB120909F13001CAB204EB44011E
:100E000006EB4101C8B201234146FFF731FF601CE8
:100E1000C4B2AC42E2DBBDE8F0872DE9F041054603
:100E2000884616462F46344608E02278012341467C
:100E30003846FFF71DFFB81DC7B2641C2078002894
:100E4000F3D1BDE8F081000010B50348C16801206E
:100E500004F06EFE10BD0000DC42002010B5034817
:100E60008168022004F064FE10BD0000DC42002016
:100E700070477FB505460E4600242146641C0DF8D8
:100E80000150F3222146641C0DF80120AB222146BB
:100E9000641C0DF801200EB1012200E00022204662
:100EA000611CCCB20DF8002000222046611CCCB29F
:100EB0000DF800206B222046611CCCB20DF80020FA
:100EC00022466946012004F017F87FBD7FB505462C
:100ED0000E4600242146641C0DF801509A2221463A
:100EE000641C0DF801202146641C0DF801600022ED
:100EF0002146641C0DF801206B222146641C0DF86C
:100F0000012022466946012003F0F6FF7FBD000064
:100F100070B51D4804781D480578A8211C48FFF7C6
:100F2000A8FA25211B48FFF7A4FA00201A490870E7
:100F30001A49087015490870134908701849087053
:100F400018490870184908700120114908700220DA
:100F500081F8540000200F49087005F0EDF813499E
:100F6000012003F0F1FF00210120FFF782FF0021A3
:100F70000220FFF77EFF15B101200449087014B16B
:100F8000012000F031F870BDA5000020A400002071
:100F9000803D0020283E0020A2000020A300002069
:100FA000A6000020A7000020A80000203965000846
:100FB00070B5054600242146641C0A484554432266
:100FC0002146641C42547A222146641C42546B22FE
:100FD0002146641C425422460146012003F08CFF46
:100FE00070BD00004D3E002058B101210A4A117029
:100FF00000210A4A11700A4A11700121094A117030
:1010000009E00021044A1170044A1170044A117069
:101010000521044A11707047A5000020A700002098
:10102000A6000020A300002001200149087070479D
:10103000A40000207FB505460E4600242146641C0E
:101040000DF8015093222146641C0DF801208822DE
:101050002146641C0DF801200EB1012200E000229F
:101060002046611CCCB20DF800206B222046611C8A
:10107000CCB20DF8002022466946012003F03CFF67
:101080007FBD2DE9FF5F07460D4690461E46DDF801
:1010900038A04FEAD57B002D02DA684280B200E02A
:1010A000A8B2814600242146641C0DF80170FD227F
:1010B0002146641C0DF801202146641C0DF801B086
:1010C0004FEA29222146641C0DF8012009F0FF0295
:1010D0002146641C0DF801202146641C0DF8018096
:1010E000320E2146641C0DF80120C6F3074220464B
:1010F000611CCCB20DF80020C6F307222046611C0B
:10110000CCB20DF80020F2B22046611CCCB20DF832
:1011100000202046611CCCB20DF800A00022204621
:10112000611CCCB20DF800206B222046611CCCB2B1
:101130000DF8002022466946012003F0DDFEBDE8DF
:10114000FF9F00000448007820B100200249087089
:10115000012070470020FCE7A800002010B505F032
:10116000B5F900B110BD1E480078052821D2DFE88E
:1011700000F003080F151C001A490878FFF718FF44
:101180001FE01948007810B1184805F09BF918E0E5
:10119000144991F85400FFF70BFF12E01248007851
:1011A00010B1134805F08EF90BE0124805F08AF9EA
:1011B00007E000200A4908700A490878FFF7F8FE9E
:1011C00000BF00BF06480078401C0549087008466B
:1011D0000078052801D30020087000BFC2E7000096
:1011E000A2000020803D0020A6000020490E00083B
:1011F0005D0E0008710E0008704772B600BFFEE772
:101200000021074AD1610749096941F00401054AF3
:1012100011611146096941F04001116170470000F8
:1012200028040020002002400021074AD16107491C
:10123000096941F00201054A1161114648610969D5
:1012400041F0400111617047280400200020024055
:101250000022054BDA61054A126942F00102034B94
:101260001A6101807047000028040020002002401D
:1012700000201E49C96801F0100139B11C49C96933
:1012800041F002011A4AD16140F010001749C968C3
:1012900001F0040139B11649C96941F00101144A4C
:1012A000D16140F004001149C96901F0010169B13F
:1012B0000F49C96941F004010D4AD16100BF0B49D2
:1012C000C96921F00101094AD16100BF00BF40F2A4
:1012D0000111884206D10549C96921F00101034A7B
:1012E000D16101E00149C86000BF704700200240A1
:1012F0002804002070B5044601F09AFA054609E07A
:10130000601C38B124B101F093FA401BA04201D90E
:10131000032070BD1248C06800F001000028EFD122
:101320000F48C06800F0200020B100BF20200C4909
:10133000C86000BF0A48C06800F0100048B90848FB
:10134000C06900F0010020B90548C06800F0040041
:1013500018B1FFF78DFF0120DBE70020D9E700007F
:101360000020024010B558210C48FFF782F80920F0
:101370000A4908700A20C8720B2088750C2081F871
:101380002100132081F82C00142081F8370015204B
:1013900081F84200162081F84D0010BDFC4100206C
:1013A0003EB503F0DDFD6846FFF798F900B93EBD94
:1013B0009DF80000132803D39DF80000162800D9DB
:1013C000F5E79DF800000F38C4B204EB440000EBD1
:1013D000C40037490844DDF8011040F8011FDDF86A
:1013E00005104160BDF8091001813149D1F82D0087
:1013F00004F0EEFA2F4988642D49D1F8310004F049
:10140000E7FA2C49C8642A4890F8350081F844006E
:10141000274890F83610274841652549886B04F025
:10142000D7FA244988652249C86B04F0D1FA2149CA
:10143000C8651F4890F840101E4801661C4890F887
:1014400041101C4841661A49D1F8430004F0C0FA23
:10145000184988661649D1F8470004F0B9FA1549C9
:10146000C866134890F84B1012480167104890F86E
:101470004C10104841670E49D1F84E0004F0A8FA0C
:101480000C4988670A49D1F8520004F0A1FA0949C9
:10149000C867074890F856100648C0F880100448FE
:1014A00090F857100348C0F8841000BF7FE7000091
:1014B000FC4100205442002010B5324840683249B7
:1014C000C1F801002F4881682F48C0F805102D4849
:1014D000017B2D4841722B48017C2B4881722948A1
:1014E00041692948C1602748816927480161254829
:1014F000017F25480175234890F820102248417546
:101500002048416A2048C0F817101E48816A1E48CA
:10151000C0F81B101B4890F82C101B48C1771948C5
:1015200090F83010184880F820101648416B164883
:10153000C0F822101348816B1348C0F826101148D8
:1015400090F83C10104880F82A100E4890F840108F
:101550000D4880F82B10002410E004EB440202EB4D
:10156000C402094B1A44511C04EB440202EBC402AE
:10157000985C0A22FFF7F0F8601CC4B2042CECD38C
:1015800010BD000054420020FC41002010B5FFF7C0
:1015900007FFFFF791FF10BD70B504460B480068C8
:1015A00020600A4840686060022004F099FA05460D
:1015B000074907F03BFCA060012004F091FA0546C2
:1015C000044907F033FCE06070BD0000DC420020FD
:1015D000000034C200000CC22DE9F04105460C4663
:1015E0000749204607F01AFB06460549284607F03A
:1015F00015FB0746314600F00FF8BDE8F08100000A
:101600009A99193E10B5012002490874FFF780FC31
:1016100010BD0000DC4200202DE9F04105460C46DB
:10162000134A1449284604F06FFA13490860104A17
:101630001049204604F068FA0F49486008460168DE
:101640000E4807F003F906460B4841680C4807F0BE
:10165000FDF80746304604F023FA0749886038460B
:1016600004F01EFA0449C860FFF778FDBDE8F08178
:1016700000007041000070C1DC420020000034C254
:1016800000000CC2F8B5044600260020009000BF00
:1016900094F82400012801D10220F8BD012084F82B
:1016A000240000BF2046FEF76AFF06462046FEF7EC
:1016B00095FF0646002E69D1A06A20F4885040F0BC
:1016C0000200A062022001F0BBF934490968B1FBB5
:1016D000F0F04000009002E00098401E009000985A
:1016E0000028F9D12068806840F0080021688860EF
:1016F00001F09EF8054616E001F09AF8401B0A2812
:1017000011D92068806800F0080060B1A06A20F05C
:10171000020040F01000A06200BF002084F8240006
:1017200000BF0120B9E72068806800F008000028A9
:10173000E2D12068806840F004002168886001F0F0
:1017400077F8054616E001F073F8401B0A2811D916
:101750002068806800F0040060B1A06A20F00200F8
:1017600040F01000A06200BF002084F8240000BFF9
:10177000012092E72068806800F004000028E2D190
:10178000A06A20F0020040F00100A06200BF00202B
:1017900084F8240000BF30467FE7000018000020D6
:1017A00038B5024600230020009000BF92F82400C4
:1017B000012801D1022038BD012082F8240000BF99
:1017C0004868072812D21068406B0C79641E04EB3D
:1017D00084051F24AC40A0430D796D1E05EB8505E3
:1017E0000C68AC4020431468606327E048680D280B
:1017F00012D21068006B0C79E41F04EB84051F24DF
:10180000AC40A0430D79ED1F05EB85050C68AC409D
:1018100020431468206311E01068C06A0C790D3C05
:1018200004EB84051F24AC40A0430D790D3D05EB6E
:1018300085050C68AC4020431468E06208680A28FB
:1018400012D31068C0680C780A3C04EB44050724E6
:10185000AC40A0430D780A3D05EB45058C68AC40D3
:1018600020431468E0600FE0106800690C7804EB16
:1018700044050724AC40A0430D7805EB45058C6872
:10188000AC402043146820610868102802D0086822
:10189000112827D1174C1068A0421ED1106880680B
:1018A00000F40000F0B91068806840F4000014688B
:1018B000A0600868102815D10F4800680F4CB0FBD5
:1018C000F4F000EB80004000009002E00098401E21
:1018D000009000980028F9D104E0906A40F02000C0
:1018E0009062012300BF002082F8240000BF184648
:1018F00061E70000002401401800002040420F0072
:1019000001460868C06C70472DE9F0410446002785
:1019100000250026A84614B90120BDE8F081A06882
:1019200010B1207D00B100BFA06A30B90020E06294
:1019300084F82400204600F089F82046FEF71FFEB8
:101940000746A06A00F01000002873D1002F71D163
:10195000A06A20F4885040F00200A062E16960684B
:101960000843217B40EA41000643A068B0F5807F30
:1019700002D0A068012802D14FF4807000E000205E
:101980000543207D012811D1207B38B9A069401E74
:101990004FF4006141EA4030054307E0A06A40F09F
:1019A0002000A062E06A40F00100E0622068406828
:1019B00020F46940284321684860206880682149F4
:1019C0000840304321688860A068B0F5807F02D06D
:1019D000A068012802D14FF4807000E00020B0F52B
:1019E000807F03D1208A401E4FEA00582068C06AD9
:1019F00020F4700040EA08002168C862206880680E
:101A000011490840B04208D10020E062A06A20F0ED
:101A1000020040F00100A06211E0A06A20F0020084
:101A200040F01000A062E06A40F00100E06201278F
:101A300005E0FFE7A06A40F01000A06201273846E9
:101A40006BE70000FDF7E1FFFE0E1FFF10B586B04B
:101A500004460020029003900490059014492068E9
:101A6000884222D100BF1348806940F400701149B8
:101A700088610846806900F40070019000BF00BFD3
:101A800000BF0846806940F004008861084680690C
:101A900000F00400019000BF00BF0120029003206D
:101AA000039002A9044800F025FD06B010BD000017
:101AB000002401400010024000080140F8B504462F
:101AC0000D46002600200090002700F0B1FE0646DB
:101AD0002068806800F4807050B1A06A40F0200057
:101AE000A06200BF002084F8240000BF0120F8BDE0
:101AF0002068406800F4807020BB2068C06A00F451
:101B00007000F8B917E0681CA8B125B100F090FE8C
:101B1000801BA8420FD92068006800F0020050B96D
:101B2000A06A40F00400A06200BF002084F82400F6
:101B300000BF0320DBE72068006800F002000028F7
:101B4000E1D053E0022000F07BFF38490968B1FB87
:101B5000F0F021680969364A114091B92168C968D5
:101B60009211114069B921680969324A114031B9AD
:101B70002168C9689211114009B9142117E029217F
:101B800015E0216809692B4A114021B92168C9680B
:101B90009211114041B121680969274A114029B9C0
:101BA0002168C968114009B9542100E0FC2100FBFB
:101BB00001F718E0681C98B125B100F039FE801BD0
:101BC000A8420DD90098B8420AD2A06A40F0040099
:101BD000A06200BF002084F8240000BF032086E735
:101BE0000098401C00900098B842E3D36FF01200B8
:101BF00021680860A06A40F40070A06220688068D4
:101C000000F46020B0F5602F0DD1207B58B9A06A98
:101C100020F48070A062A06A00F4805018B9A06A15
:101C200040F00100A062002061E7000018000020E1
:101C300024499224922449124992240070B5044602
:101C4000002500BF94F82400012801D1022070BDB6
:101C5000012084F8240000BF2046FEF7BFFC0546A3
:101C6000002D77D1A06A40F20121884340F48070B2
:101C7000A0623C492068884208D13B48006800F4D3
:101C8000702008B9012002E0002000E0012078B1B6
:101C9000A06A20F48010A0622068406800F4806090
:101CA00000B3A06A20F4005040F48050A06219E014
:101CB000A06A40F48010A0622B49091F2068884266
:101CC00003D028492068884204D12748006800F4DE
:101CD000806000E0002028B1A06A20F4005040F4A9
:101CE0008050A062A06A00F4805020B1E06A20F029
:101CF0000600E06201E00020E06200BF002084F8FE
:101D0000240000BFC01E216808602068806800F4BD
:101D10006020B0F5602F16D112492068884208D1A2
:101D20001148006800F4702008B9012002E000208A
:101D300000E0012038B12068806840F4A0002168EC
:101D400088600CE006E02068806840F4801021681C
:101D5000886004E000BF002084F8240000BF28460B
:101D600075E70000002801400424014070B50446D6
:101D7000002500BF94F82400012801D1022070BD85
:101D8000012084F8240000BF2046FEF7F8FB05463A
:101D90002DB9A06A20F4885040F00100A06200BF75
:101DA000002084F8240000BF2846E8E770B5044608
:101DB0000CB9012070BD94F8200010B9204600F045
:101DC000AFF82068006840F001002168086000F06A
:101DD0002FFD05460DE000F02BFD401B0A2808D919
:101DE000606A40F400306062052084F82000012021
:101DF000E0E72068406800F001000028EBD0206890
:101E0000006820F002002168086000F011FD05461E
:101E10000DE000F00DFD401B0A2808D9606A40F46F
:101E200000306062052084F820000120C2E72068AD
:101E3000406800F002000028EBD1207E012806D186
:101E40002068006840F080002168086005E0206894
:101E5000006820F0800021680860607E012806D1BB
:101E60002068006840F040002168086005E02068B4
:101E7000006820F0400021680860A07E012806D19B
:101E80002068006840F020002168086005E02068B4
:101E9000006820F0200021680860E07E012806D15B
:101EA0002068006820F010002168086005E02068C4
:101EB000006840F0100021680860207F012806D1EA
:101EC0002068006840F008002168086005E020688C
:101ED000006820F0080021680860607F012806D1B2
:101EE0002068006840F004002168086005E0206870
:101EF000006820F0040021680860D4E9020108436A
:101F000021690843616908436168491E08432168E3
:101F1000C86100206062012084F82000002049E7A9
:101F200010B586B0044600200290039004900590FE
:101F30001A49206888422ED100BF1948C06940F074
:101F400000701749C8610846C06900F00070019030
:101F500000BF00BF00BF0846806940F004008861F0
:101F60000846806900F00400019000BF00BFC8145B
:101F7000029000200390049002A90A4800F0BAFAE7
:101F80004FF480500290022003900320059002A994
:101F9000044800F0AFFA06B010BD00000064004035
:101FA00000100240000801400146002291F8210083
:101FB000022808D00420886300BF002081F8200098
:101FC00000BF012070470868006820F00E000B6811
:101FD00018600868006820F001000B68186091F82C
:101FE000403001209840CB6B5860012081F82100DF
:101FF00000BF002081F8200000BF1046E2E700008B
:1020000070B50446002594F82100022803D004206E
:10201000A063012548E02068006820F00E002168D8
:1020200008602068006820F00100216808601F49EE
:102030002068884201D1012026E01C491431206823
:10204000884201D110201FE01849283120688842B9
:1020500001D1801518E015493C312068884201D132
:10206000801411E0114950312068884202D14FF4A8
:10207000803009E00D4964312068884202D14FF474
:10208000801001E04FF08070084908394860012055
:1020900084F8210000BF002084F8200000BF606B9E
:1020A00010B12046616B8847284670BD0800024089
:1020B00070B50446E06B05682068066894F8401027
:1020C000042088402840002846D006F0040000285C
:1020D00042D02068006800F0200028B9206800681D
:1020E00020F004002168086057492068884201D127
:1020F000042027E0544914312068884201D140204F
:1021000020E0514928312068884201D1001519E0AA
:102110004D493C312068884202D14FF4804011E0A3
:10212000494950312068884202D14FF4802009E0AB
:10213000454964312068884202D14FF4800001E0B3
:102140004FF08060404908394860E06A00287AD042
:102150002046E16A884776E094F8401002208840E3
:102160002840A0B306F0020088B32068006800F0A1
:10217000200040B92068006820F00A00216808604B
:10218000012084F8210030492068884201D10220D2
:1021900028E02D4914312068884201D1202021E017
:1021A000294928312068884201D140151AE0264982
:1021B0003C312068884202D14FF4005012E022499D
:1021C00050312068884203D14FF400300AE017E014
:1021D0001D4964312068884202D14FF4001001E0AB
:1021E0004FF0007018490839486000BF002084F89B
:1021F000200000BFA06A30B32046A16A884722E0D1
:1022000094F84010082088402840E0B106F008000B
:10221000C8B12068006820F00E002168086094F8BA
:10222000401001208840E16B48600120A06384F8E1
:10223000210000BF002084F8200000BF206B10B1F7
:102240002046216B884770BD0800024001460022ED
:1022500009B901207047164B0868C01A1423B0FB57
:10226000F3F08000086412480838C863022081F83F
:1022700021000868026843F6F0708243D1E9010347
:102280001843CB6818430B6918434B6918438B6993
:102290001843CB6918430243086802600020886332
:1022A000012081F82100002081F8200000BFD1E743
:1022B000080002402DE9F04104460D4616461F462F
:1022C0004FF0000800BF94F82000012802D102203E
:1022D000BDE8F081012084F8200000BF94F82100BF
:1022E00001282CD1022084F821000020A06320685E
:1022F000006820F00100216808603B46324629460C
:102300002046FEF7D5F9E06A30B12068006840F059
:102310000E00216808600BE02068006820F00400CF
:10232000216808602068006840F00A0021680860A1
:102330002068006840F001002168086006E000BFE6
:10234000002084F8200000BF4FF002084046BFE79D
:102350002DE9F04104460E460127002500BF26481E
:10236000007E012802D10220BDE8F081012022492F
:10237000087600BF2068022813D14CF25030FEF7D7
:10238000B9FF90BB0120FEF73BFF4CF25030FEF747
:10239000B1FF07461948006920F004001749086199
:1023A00023E04CF25030FEF7A5FFF0B94FF0FF30BC
:1023B0003060A56812E02846FEF736FF4CF2503038
:1023C000FEF798FF07460D48006920F002000B4910
:1023D00008610FB1356007E005F58065D4E90210AA
:1023E00001EB8020A842E6D800BF00BF00200249D0
:1023F000087600BF3846B7E72804002000200240D6
:102400000348006940F080000149086100207047DE
:10241000002002402DE9FE4F05468B4617469846A0
:10242000012600240020029000BF2448007E0128DD
:1024300002D10220BDE8FE8F01202049087600BFAE
:102440004CF25030FEF756FF064686BB012D02D1F6
:102450000120029006E0022D02D10220029001E04C
:102460000420029000241EE02201B946C2464846DC
:102470005146FDF76CFF80B20190022000FB04B0D2
:1024800000900199FEF7E4FE4CF25030FEF732FF67
:1024900006460B48006920F001000949086106B1B1
:1024A00004E0601CC4B202988442DDDB00BF00BFC0
:1024B00000200249087600BF3046BBE72804002010
:1024C0000020024000200849096901F0800151B153
:1024D0000649054A5160064951601146096901F0F3
:1024E000800101B1012070470020024023016745AF
:1024F000AB89EFCD2DE9F8470346002294466EE103
:102500004FF0010808FA02F4D1F8008008EA04004C
:10251000A0427DD1DFF8DCA2D1F80480A8EB0A0943
:10252000D0453AD014DCB8F1030F50D009DCB8F133
:10253000000F31D0B8F1010F1CD0B8F1020F49D112
:1025400020E0B8F1110F18D0B8F1120F42D11EE0FF
:10255000B9F5881F25D006DCB9F5803F20D0B9F544
:10256000801F37D11AE0B9F5001F18D0B9F5041F44
:1025700030D117E0D1F80CC02DE0D1F80C8008F173
:10258000040C28E0D1F80C8008F1080C23E0D1F805
:102590000C8008F10C0C1EE000BF00BF00BF00BFA4
:1025A00000BF00BFD1F80880B8F1000F02D14FF092
:1025B000040C0BE0D1F80880B8F1010F03D14FF003
:1025C000080C1C6102E04FF0080C5C6103E04FF066
:1025D000000C00E000BF00BFFF2801D8984601E0D2
:1025E00003F104084646FF2802D84FEA820803E0B8
:1025F000A2F108084FEA88084746D6F800804FF055
:102600000F0909FA07F928EA09080CFA07F900E0A6
:1026100088E048EA0908C6F80080D1F8048008F08C
:102620008058B8F1805F7DD100BFDFF8CC81D8F849
:10263000188048F00108DFF8C091C9F81880C84632
:10264000D8F8188008F00108CDF8008000BF00BF5E
:102650004FEAB9384FEA920958F829504FEA827880
:102660004FEA18794FF00F0808FA09F825EA08052B
:10267000DFF88881434502D14FF0000816E0DFF80B
:102680008081434502D14FF001080FE0DFF87481EB
:10269000434502D14FF0020808E0DFF86C81434562
:1026A00002D14FF0030801E04FF004084FEA8279AD
:1026B0004FEA197908FA09F848EA0505DFF84C816C
:1026C0004FEA920948F82950D1F8048008F480189C
:1026D000B8F5801F0AD1DFF83881D8F8008048EAC1
:1026E0000008DFF82C91C9F8008009E0DFF82081AC
:1026F000D8F8008028EA0008DFF81491C9F80080B3
:10270000D1F8048008F40018B8F5001F10D1DFF8E4
:10271000008108F10408D8F8008048EA0008DFF8D2
:10272000F09000E05AE009F10409C9F800800DE0DA
:10273000DFF8DC8008F10408D8F8008028EA0008F7
:10274000DFF8CC9009F10409C9F80080D1F80480C1
:1027500008F40038B8F5003F0ED1DFF8B480A8F1D6
:102760000408D8F8008048EA0008DFF8A490A9F12E
:102770000409C9F800800DE0DFF89480A8F104088E
:10278000D8F8008028EA0008DFF88490A9F104094D
:10279000C9F80080D1F8048008F48038B8F5803F8B
:1027A0000ED1DFF86C80A8F10808D8F8008048EA5C
:1027B0000008DFF85C90A9F10809C9F800800DE075
:1027C000DFF84C80A8F10808D8F8008028EA000853
:1027D000DFF83C90A9F10809C9F80080521CD1F833
:1027E000008028FA02F8B8F1000F7FF489AEBDE846
:1027F000F88700000000111000100240000801409E
:10280000000C01400010014000140140080001408C
:1028100008040140024693680B400BB1012000E020
:10282000002070470AB1016101E00B0403617047A9
:1028300001480068704700000C0000200348006851
:102840000349097808440149086070470C000020DA
:102850001400002010B50848006840F01000064938
:102860000860032000F0D8F80F2000F007F800F00F
:1028700055F8002010BD000000200240F0B587B0E0
:10288000044600260027002500BF1F48806940F449
:1028900000601D4988610846806900F4006000906E
:1028A00000BF00BF01A902A800F0A6FA00F0DCFA00
:1028B00006461648B6FBF0F0471E15481549086055
:1028C00040F2E7311348C160476000210161816037
:1028D000816100F087FD054695B90E4800F0F4FDD2
:1028E00005466DB9192000F049F8102C07D20022D6
:1028F0002146192000F052F80748046000E0012545
:10290000284607B0F0BD00000010024040420F0012
:10291000002C0140DC0300201000002008B500BF9F
:102920001448806940F001001249886108468069B6
:1029300000F00100009000BF00BF00BF0846C06962
:1029400040F08050C8610846C06900F08050009097
:1029500000BF00BF00220F21901E00F01FF800BF33
:102960000549486820F0E06040F00070486000BF12
:1029700008BD00000010024000000140014608466A
:10298000002809DB00F01F0301229A4043099B0045
:1029900003F1E023C3F8002100BF70472DE9F05F89
:1029A00080460D461646002703F0D8F807463946FC
:1029B0002A46334601F00700C0F1070ABAF1040FB6
:1029C00002D94FF0040A01E0C0F1070AD14600F134
:1029D000040ABAF1070F02D24FF0000A01E0A0F199
:1029E000030AD4464FF0010A0AFA09FAAAF1010AC9
:1029F0000AEA020A0AFA0CFA4FF0010B0BFA0CFB76
:102A0000ABF1010B0BEA030B4AEA0B0421464046EB
:102A100003F0ACF8BDE8F09F00BF00F00702064BE2
:102A200019684FF6FF031940044B0B4343EA022198
:102A3000014B196000BF70470CED00E00000FA0583
:102A40002DE9F04706464FF0000800250027002436
:102A5000A146012E31D0022E56D0102E5FD1324821
:102A60004468006800F0807008B33048C4F38341C4
:102A7000475C04F4803078B12B484068C0F3404094
:102A80002B4911F8008004F4803040B12948B0FB94
:102A9000F8F000FB07F502E0274807FB00F52248A5
:102AA000406800F48000B0F5800F01D1A94603E032
:102AB00068000321B0FBF1F932E01B48046A04F41A
:102AC0004070B0F5807F05D104F0020010B14FF4E2
:102AD000004918E004F44070B0F5007F07D11248B7
:102AE000406A00F0020010B149F640490BE004F4DE
:102AF0004070B0F5407F06D10B48006800F400300C
:102B000008B14FF224490BE000F0AEF906494968DC
:102B1000C1F38131491C4900B0FBF1F900E000BF6D
:102B200000BF4846BDE8F08700100240968F0008BD
:102B3000A68F000800127A0000093D00F8B504468F
:102B400000260025207800F0010000286BD0002727
:102B50004348C06900F0805070B900BF4048C06968
:102B600040F080503E49C8610846C06900F080507E
:102B7000009000BF00BF01273A48006800F4807051
:102B8000B0B93848006840F4807036490860FFF7F3
:102B90004FFE064606E0FFF74BFE801B642801D976
:102BA0000320F8BD2F48006800F480700028F2D0A0
:102BB0002B48006A00F440752DB3A08800F44070E3
:102BC000A84220D02648006A20F4407501202649FA
:102BD0000860002008602248056205F0010090B1FD
:102BE000FFF726FE064608E0FFF722FE801B41F2B3
:102BF0008831884201D90320D3E71948006A00F0E0
:102C000002000028F0D01648006A20F44070616885
:102C1000084313490862012F04D10846C06920F017
:102C20008050C86100BF207800F00200022807D160
:102C30000B48406820F44040A168084308494860B8
:102C4000207800F01000102807D10548406820F4D3
:102C50008000E1680843024948600020A1E70000C5
:102C600000100240007000404004424270B504462B
:102C70000D460CB9012070BD5A48006800F00700ED
:102C8000A8420ED25748006820F007002843554953
:102C900008600846006800F00700A84201D0012043
:102CA000E9E7207800F0020002281DD1207800F02A
:102CB0000400042805D14C48406840F4E0604A49CB
:102CC0004860207800F00800082805D14648406890
:102CD00040F46050444948604348406820F0F000A8
:102CE000A168084340494860207800F0010078B3AB
:102CF0006068012806D13C48006800F4003090B9B3
:102D00000120B8E76068022806D13748006800F063
:102D1000007040B90120AEE73348006800F00200BF
:102D200008B90120A7E73048406820F00300616837
:102D300008432D494860FFF77BFD064609E0FFF791
:102D400077FD801B41F28831884202D9032092E747
:102D500007E02548406800F00C006168B0EB810F87
:102D6000EDD12048006800F00700A8420ED91D48A8
:102D7000006820F0070028431A49086008460068E8
:102D800000F00700A84201D0012074E7207800F08D
:102D90000400042807D11448406820F4E060E1688A
:102DA000084311494860207800F00800082808D13D
:102DB0000D48406820F46050216940EAC1000A498A
:102DC000486000F061F808494968C1F30311074AF7
:102DD000515CC8400649086006480068FFF74EFD90
:102DE000002048E70020024000100240A88F0008A1
:102DF00018000020100000200F2202600D4A5268C7
:102E000002F0030242600B4A526802F0F002826054
:102E1000084A526802F4E062C260064A526802F44C
:102E20006052D2080261044A126802F007020A6086
:102E30007047000000100240002002400148006876
:102E4000704700001800002000B5FFF7F7FF0449A5
:102E50004968C1F30221034A515CC84000BD00002B
:102E600000100240B88F000800B5FFF7E7FF0449E3
:102E70004968C1F3C221034A515CC84000BD00004B
:102E800000100240B88F000870B500210022002415
:102E900000230020134D696801F00C05F5B1042DE5
:102EA00002D0082D19D101E00F4819E00F4DC1F3F0
:102EB0008346AB5D01F4803555B10A4D6D68C5F3AD
:102EC00040450B4E725D084D5D43B5FBF2F402E0E8
:102ED000084D03FB05F4204602E000BF024800BF96
:102EE00000BF70BD0010024000127A00848F0008FD
:102EF000948F000800093D00F8B504460CB9012084
:102F0000F8BD207800F00100002878D0F84840682B
:102F100000F00C0004280CD0F548406800F00C00CC
:102F2000082811D1F248406800F48030B0F5803FA5
:102F30000AD1EF48006800F4003000285FD06068D4
:102F400000285CD10120DBE700BF6068B0F5803F5E
:102F500006D1E748006840F48030E549086028E081
:102F6000606858B9E248006820F48030E0490860A1
:102F70000846006820F4802008601AE06068B0F518
:102F8000A02F0BD1DA48006840F48020D8490860AF
:102F90000846006840F4803008600AE0D4480068C1
:102FA00020F48030D24908600846006820F4802070
:102FB000086000BF606888B1FFF73AFC054606E08C
:102FC000FFF736FC401B642801D9032098E7C84866
:102FD000006800F400300028F2D010E0FFF728FC71
:102FE000054606E0FFF724FC401B642801D90320B6
:102FF00086E7BF48006800F400300028F2D120784E
:1030000000F00200022857D1B948406800F00C00D7
:1030100050B1B748406800F00C00082818D1B448F7
:10302000406800F4803098B9B148006800F00200B0
:1030300020B12069012801D0012061E7AC48006877
:1030400020F0F800616940EAC100A949086033E056
:103050002069E8B10120A7490860FFF7E9FB0546B0
:1030600006E0FFF7E5FB401B022801D9032047E7F4
:103070009F48006800F002000028F2D09C480068D9
:1030800020F0F800616940EAC1009949086013E046
:10309000002098490860FFF7CBFB054606E0FFF7E4
:1030A000C7FB401B022801D9032029E7904800688C
:1030B00000F002000028F2D1207800F00800082873
:1030C0002DD1A069B8B101208B490860FFF7B0FB92
:1030D000054606E0FFF7ACFB401B022801D90320A0
:1030E0000EE78348406A00F002000028F2D0012079
:1030F00001F02EFC13E000207F490860FFF798FBE9
:10310000054606E0FFF794FB401B022801D9032087
:10311000F6E67748406A00F002000028F2D12078F5
:1031200000F00400042873D100277148C06900F042
:10313000805070B900BF6E48C06940F080506C4943
:10314000C8610846C06900F08050009000BF00BF11
:1031500001276A48006800F48070B0B967480068C9
:1031600040F4807065490860FFF762FB054606E0A1
:10317000FFF75EFB401B642801D90320C0E65F48CF
:10318000006800F480700028F2D000BFE0680128D9
:1031900006D15748006A40F001005549086227E00F
:1031A000E06858B95248006A20F0010050490862AE
:1031B0000846006A20F00400086219E0E06805286B
:1031C0000BD14B48006A40F00400494908620846A8
:1031D000006A40F0010008620AE04548006A20F0F9
:1031E0000100434908620846006A20F004000862B2
:1031F00000BFE068A0B1FFF71BFB054609E0FFF741
:1032000017FB401B41F28831884202D9032077E640
:1032100022E03748006A00F002000028EFD012E0F8
:10322000FFF706FB054608E0FFF702FB401B41F2F3
:103230008831884201D9032062E62D48006A00F0F7
:1032400002000028F0D1012F05D12948C06920F0E3
:1032500080502749C86100BFE069C8B3244840686E
:1032600000F00C00082860D0E069022848D1002056
:1032700020490866FFF7DCFA054606E0FFF7D8FAB2
:10328000401B022801D903203AE61948006800F0E3
:1032900000700028F2D1206AB0F5803F07D11448B1
:1032A000406820F40030A168084311494860D4E91F
:1032B000080108430E49496821F4741108430C4978
:1032C000486001200B490866FFF7B2FA054607E09F
:1032D0003DE0FFF7ADFA401B022801D903200FE6BD
:1032E0000348006800F000700028F2D02FE00000D2
:1032F0000010024000004242800442420070004040
:10330000002014490866FFF793FA054606E0FFF728
:103310008FFA401B022801D90320F1E50E4800680E
:1033200000F000700028F2D111E0E069012800D11E
:10333000E6E50948466806F48031206A814204D1F6
:1033400006F47011606A814201D00120D8E50020A6
:10335000D6E500000000424200100240704770476E
:1033600030B502460B4600BF92F83C00012801D15F
:10337000022030BD012082F83C0000BF022082F80C
:103380003D00106844681068816824F07004186873
:10339000044310684460104D1068A8420BD01068B8
:1033A000B0F1804F07D00D4D1068A84203D00C4DEE
:1033B0001068A84205D121F08001586801431068C7
:1033C0008160012082F83D0000BF002082F83C00AF
:1033D00000BF00BFCDE70000002C0140000400400A
:1033E0000008004010B504460CB9012010BD94F847
:1033F0003D0028B9002084F83C00204600F026F863
:10340000022084F83D00211D206801F05BFE0120B0
:1034100084F8460000BF84F83E0001213F2001559A
:10342000402001554120015500BF00BF012084F814
:10343000420043200155442001554520015500BF5D
:10344000012084F83D000020D0E7000008B50168A5
:10345000B1F1804F0DD100BF1849C96941F0010198
:10346000164AD1611146C96901F00101009100BFFE
:1034700023E0134A016891420DD100BF0F49C96989
:1034800041F002010D4AD1611146C96901F0020102
:10349000009100BF11E00B4A016891420DD100BFBD
:1034A0000649C96941F00401044AD1611146C9695C
:1034B00001F00401009100BF00BF08BD00100240F0
:1034C0000004004000080040014691F83D0001283A
:1034D00001D001207047022081F83D000868C068D3
:1034E00040F001000B68D860124B086898420BD07E
:1034F0000868B0F1804F07D00F4B0868984203D09E
:103500000E4B086898420CD10868806800F00702EA
:10351000062A0CD00868006840F001000B681860AB
:1035200005E00868006840F001000B6818600020A2
:10353000D0E70000002C01400004004000080040DB
:103540002DE9F04104460D46002700BF94F83C00E9
:10355000012802D10220BDE8F081012084F83C005E
:1035600000BF022084F83D002068866826F07706B8
:1035700026F47F46206886602868502833D00CDC0B
:10358000202850D004DC00284BD0102851D149E02D
:10359000302849D040284CD139E060282DD07028FF
:1035A00007D0B0F5805F03D0B0F5005F41D10DE0EA
:1035B00041E0D5E902136A68206801F0D6FD206871
:1035C000866846F077062068866034E0D5E9021305
:1035D0006A68206801F0C9FD2068806840F4804076
:1035E0002168886027E0EA686968206801F08EFE3B
:1035F0005021206801F0C4FD1DE0EA686968206878
:1036000001F097FE6021206801F0BAFD13E0EA683E
:103610006968206801F07AFE4021206801F0B0FD61
:1036200009E000BF00BF00BF2968206801F0A8FDC5
:1036300001E0012700BF00BF012084F83D0000BF6A
:10364000002084F83C0000BF384684E7704770B51E
:1036500004462068C5682068066906F00200022852
:1036600019D105F00200022815D1401F2168086118
:10367000012020772068806900F0030018B12046FF
:10368000FFF7E4FF05E0204600F03AF9204600F09D
:10369000EEF90020207706F00400042819D105F087
:1036A0000400042815D1C043216808610220207756
:1036B0002068806900F4407018B12046FFF7C6FF0B
:1036C00005E0204600F01CF9204600F0D0F900206B
:1036D000207706F00800082819D105F0080008280E
:1036E00015D1C04321680861042020772068C06993
:1036F00000F0030018B12046FFF7A8FF05E02046C0
:1037000000F0FEF8204600F0B2F90020207706F025
:103710001000102819D105F01000102815D1C04351
:1037200021680861082020772068C06900F4407093
:1037300018B12046FFF78AFF05E0204600F0E0F8C8
:10374000204600F094F90020207706F0010048B1EF
:1037500005F0010030B16FF00100216808612046DA
:1037600000F0F0F906F08000802809D105F0800013
:10377000802805D1C043216808612046FFF7EEFD8F
:1037800006F04000402809D105F04000402805D14E
:10379000C04321680861204600F0E0F906F02000EF
:1037A000202809D105F02000202805D1C043216838
:1037B00008612046FFF7D3FD70BD000010B586B04C
:1037C0000446002002900390049005902068B0F118
:1037D000804F38D100BF4448806940F0040042491E
:1037E00088610846806900F00400019000BF00BFB6
:1037F00000BF0846806940F008008861084680697B
:1038000000F00800019000BF00BF4FF4004002909C
:1038100002200390059002A93448FEF76BFE0820B1
:10382000029002200390059002A93148FEF762FE43
:1038300000BF3049486820F4407040F0E06040F438
:10384000807048604DE02C49206888422DD100BF2F
:103850002548806940F00400234988610846806952
:1038600000F00400019000BF00BF00BF084680695F
:1038700040F0080088610846806900F00800019067
:1038800000BF00BFC020029002200390059002A953
:103890001648FEF72FFE03200290022003900590A9
:1038A00002A91348FEF726FE1BE01449206888424F
:1038B00017D100BF0C48806940F008000A498861B0
:1038C0000846806900F00800019000BF00BF4FF477
:1038D0001070029002200390059002A90448FEF7A0
:1038E00009FE06B010BD00000010024000080140B3
:1038F000000C0140000001400004004000080040AE
:1039000070472DE9F04104460D461646002700BFDA
:1039100094F83C00012802D10220BDE8F08101208A
:1039200084F83C0000BF36B1042E1BD0082E31D0E5
:103930000C2E5ED145E02946206801F02BFC206862
:10394000806940F00800216888612068806920F063
:10395000040021688861206880692969084321681A
:10396000886148E02946206801F044FC20688069AD
:1039700040F40060216888612068806920F48060DC
:103980002168886120688069296940EA01202168EE
:10399000886130E02946206801F060FC2068C06939
:1039A00040F008002168C8612068C06920F0040068
:1039B0002168C8612068C069296908432168C86115
:1039C00019E02946206801F07DFC2068C06940F4B8
:1039D00000602168C8612068C06920F480602168A7
:1039E000C8612068C069296940EA01202168C8616E
:1039F00001E0012700BF00BF00BF002084F83C00A9
:103A000000BF384689E710B504460CB9012010BD47
:103A100094F83D0028B9002084F83C00204600F0CE
:103A200025F8022084F83D00211D206801F04AFBA2
:103A3000012084F8460000BF84F83E0001213F20A9
:103A40000155402001554120015500BF00BF012014
:103A500084F842004320015544200155452001557A
:103A600000BF012084F83D000020D0E77047704778
:103A700070B504460D4615B994F83E000BE0042DD0
:103A800002D13F20005D06E0082D02D14020005DFC
:103A900001E04120005D012801D0012070BD1DB969
:103AA000022084F83E000EE0042D03D102213F20C5
:103AB000015508E0082D03D102214020015502E004
:103AC00002214120015501222946206801F03CFBDA
:103AD00019492068884201D1012000E0002028B166
:103AE0002068406C40F40040216848641249206816
:103AF00088420BD02068B0F1804F07D00F49206872
:103B0000884203D00E49206888420CD12068806822
:103B100000F00706062E0CD02068006840F0010077
:103B20002168086005E02068006840F00100216815
:103B300008600020B2E70000002C014000040040B3
:103B40000008004010B5044603492068884201D1AE
:103B5000FEF774FE10BD0000002C01407047704756
:103B600038B50446204602F0F3F8054605B938BDDD
:103B700000BF002000902068006800902068406826
:103B8000009000BF00BF00BF0020009020680068C8
:103B9000009020684068009000BF00BF00BF002078
:103BA000009020680068009020684068009000BF86
:103BB00000BF206802F000F948B1802205F10D0134
:103BC000204600F0FDFA0020A5F88E0005E0012255
:103BD00005F1D401204600F009FB287910B92846E8
:103BE00002F098F900BFC2E72DE9F84F04462068BB
:103BF00005682068C668206847694FF00009CA4612
:103C000005F00F09B9F1000F0AD105F0200038B115
:103C100006F0200020B1204601F0C9FCBDE8F88F75
:103C2000B9F1000F7BD007F0010018B906F49070CD
:103C3000002874D005F0010030B106F4807018B18E
:103C4000606C40F00100606405F0040030B107F0E2
:103C5000010018B1606C40F00200606405F00200E1
:103C600030B107F0010018B1606C40F004006064EE
:103C700005F0080048B106F0200010B907F0010077
:103C800018B1606C40F008006064606C002845D09A
:103C900005F0200028B106F0200010B1204601F008
:103CA00086FC20684069C0F3801A606C00F0080050
:103CB00010B9BAF1000F2CD0204601F01FFC20688B
:103CC000406900F0400000B300BF00BF216814311C
:103CD00051E8001F21F040002168143141E8000242
:103CE000002AF3D100BFE06B50B17748E16B486325
:103CF000E06BFEF785F988B1E06B416B88470DE01A
:103D00002046FFF72DFF09E009E02046FFF728FFD6
:103D100004E02046FFF724FF002060647EE7206B6C
:103D2000012877D105F01000002873D006F01000AC
:103D30000028FAD000BF00200090206800680090A2
:103D400020684068009000BF00BF2068406900F014
:103D5000400000285FD0E06B006840681FFA80F8E0
:103D6000B8F1000F55D0A08D404552DDA4F82E804B
:103D7000E06B8069202843D000BF00BF21680C3170
:103D800051E8001F21F4807021680C3141E80002E5
:103D9000002AF3D100BF00BF00BF2168143151E8F1
:103DA000001F21F001002168143141E80002002ABF
:103DB000F3D100BF00BF00BF2168143151E8001FDC
:103DC00021F040002168143141E80002002AF3D1BB
:103DD00000BF202084F842000020206300BF00BF05
:103DE00021680C3151E8001F21F0100021680C31CE
:103DF00041E80002002AF3D100BFE06BFEF7D4F8DF
:103E000002206063A08DE28D801A81B22046FFF708
:103E1000A6FE03E742E0A08DE18D401A1FFA80F86C
:103E2000E08DD0B3B8F1000F37D000BF00BF2168DC
:103E30000C3151E8001F21F4907021680C3141E8E9
:103E40000002002AF3D100BF00BF00BF2168143177
:103E500051E8001F21F001002168143141E80002FF
:103E6000002AF3D100BF202084F842000020206304
:103E700000BF00BF21680C3151E8001F21F0100085
:103E800021680C3141E80002002AF3D100BF022072
:103E9000606341462046FFF762FEBFE605F0800002
:103EA00030B106F0800018B1204601F001FDB5E602
:103EB00005F0400030B106F0400018B1204601F096
:103EC00053FBABE600BFA9E65B53000810B5044600
:103ED0000CB9012010BDA06900B100E000BF94F84A
:103EE000410028B9002084F84000204600F02AF85C
:103EF000242084F841002068C06820F40050216824
:103F0000C860204601F0D2FB2068006920F4904090
:103F1000216808612068406920F02A002168486112
:103F20002068C06840F400502168C86000206064C8
:103F3000202084F8410084F842000020606300BF24
:103F4000C8E7000010B586B0044600200290039038
:103F5000049005908F49206888426CD100BF8E483C
:103F6000806940F480408C4988610846806900F48B
:103F70008040019000BF00BF00BF0846806940F04C
:103F8000040088610846806900F00400019000BFC9
:103F900000BF48150290022003900320059002A95B
:103FA0007E48FEF7A7FA4FF480600290002003904D
:103FB000049002A97948FEF79DFA7948794908608A
:103FC000002048600021774881608021C160002185
:103FD00001614161202181610021C161FEF736F953
:103FE00008B1FDF70AF900BF6E48E063446200BF04
:103FF0006B4814386C4908601020486000216A48FA
:1040000081608021C1600021016141618161C161E4
:10401000FEF71CF908B1FDF7F0F800BF6248A06395
:10402000446200BF002205212520FEF7B7FC2520B1
:10403000FEF7A4FCABE05D49206888426CD100BF6C
:104040005548C06940F400305349C8610846C0690A
:1040500000F40030019000BF00BF00BF0846806937
:1040600040F0040088610846806900F00400019077
:1040700000BF00BF0420029002200390032005909F
:1040800002A94648FEF736FA082002900020039065
:10409000049002A94148FEF72DFA414814304449E2
:1040A0000860002048600021414881608021C16093
:1040B000002101614161202181610021C161FEF780
:1040C000C5F808B1FDF799F800BF3948E0634462CC
:1040D00000BF33482830374908601020486000216D
:1040E000344881608021C1600021016141618161AA
:1040F000C161FEF7ABF808B1FDF77FF800BF2D48AE
:10410000A063446200BF002205212620FEF746FC82
:104110002620FEF733FC3AE027492068884236D152
:1041200000BF1D48C06940F480201B49C861084693
:10413000C06900F48020019000BF00BF00BF0846A6
:10414000806940F0080088610846806900F0080036
:10415000019000BF00BF08150290022003900320C9
:10416000059002A91548FEF7C5F94FF400600290CA
:1041700000200390049002A91048FEF7BBF900222A
:1041800005212720FEF70AFC2720FEF7F7FB06B0E3
:1041900010BD00000038014000100240000801403E
:1041A00058000240CC0200201003002000440040D0
:1041B000540300209803002000480040000C0140F8
:1041C00070B504460D46164694F8420020280BD1DF
:1041D00005B10EB9012070BD00202063324629468A
:1041E000204601F0E1FAF6E70220F4E770B5044654
:1041F0000D46164694F8420020280BD105B10EB9A1
:10420000012070BD0020206332462946204601F07F
:104210002FFBF6E70220F4E770B50546284601F0CB
:1042200097FD044674B1286801F0C6FD50B994F8B2
:10423000D410204601F08EFE012204F1D40128465C
:10424000FFF7D4FF70BD70472DE9F84F04460E46C6
:10425000174699464FF0000A94F84100202850D1A3
:1042600006B117B90120BDE8F88F00206064212055
:1042700084F84100FEF7DCFA8246A784E784A06850
:10428000B0F5805F04D1206910B90025B04602E086
:1042900035464FF000081EE053460022802120469C
:1042A000CDF8009001F034FB20B1202084F84100CB
:1042B0000320D8E745B9B8F80000C0F3080021682A
:1042C000486008F1020803E02878216848606D1C06
:1042D000E08C401EE084E08C0028DDD153460022B3
:1042E00040212046CDF8009001F012FB20B12020A3
:1042F00084F841000320B6E7202084F84100002024
:10430000B1E70220AFE70000F7B50446154694F880
:104310004100202836D1019800B10DB90120FEBD21
:1043200001982062A584E58400206064212084F83F
:1043300041001548A16B88621448A16BC8621448FB
:10434000A16B08630020A16B486301AE23681A1DAE
:1043500031682B46A06BFDF7ADFF6FF04000216880
:10436000086000BF00BF2168143151E8001F41F010
:1043700080002168143141E80002002AF3D100BF17
:104380000020CCE70220CAE797540008EF54000849
:104390006F53000810B5034693F84100202813D14D
:1043A00001B10AB9012010BD19629A84DA84002093
:1043B0005864212083F841001868C06840F08000EC
:1043C0001C68E0600020EEE70220ECE770477047D1
:1043D00000BFFEE70EB50020009001900290124849
:1043E00012490860002111488160017301754FF482
:1043F0006021C16100200D49486001210B48016125
:10440000FDF782FA08B1FCF7F8FE002000900120C9
:1044100001900020029069460448FDF7C1F908B1F7
:10442000FCF7EBFE0EBD000000240140C40000209C
:1044300010B50B480B49086010204860002109485E
:104440008160C16001614161017641768176C1760A
:1044500001774177FDF7AAFC08B1FCF7CEFE10BD4D
:1044600000640040F400002008B500BF1648406911
:1044700040F00100144948610846406900F001001D
:10448000009000BF00BF002205210E20FEF786FA33
:104490000E20FEF773FA002205210F20FEF77EFAA8
:1044A0000F20FEF76BFA002205211020FEF776FAA6
:1044B0001020FEF763FA002205211120FEF76EFAA4
:1044C0001120FEF75BFA08BD0010024010B50B4A40
:1044D00000210B4802F096F90A4908600A4A0021B7
:1044E0000A4802F08FF90A4908600A4A00210A487E
:1044F00002F088F90949086010BD0000188F000813
:1045000079740008000000203C8F00089D750008A9
:1045100004000020608F0008D97500080800002002
:1045200000B585B00020019002900390049000BF78
:104530004648806940F01000444988610846806917
:1045400000F01000009000BF00BF00BF0846806967
:1045500040F0200088610846806900F0200000904B
:1045600000BF00BF00BF0846806940F004008861BA
:104570000846806900F00400009000BF00BF00BF43
:104580000846806940F0080088610846806900F0AC
:104590000800009000BF00BF00224FF440412C48AB
:1045A000FEF740F900224FF498712A48FEF73AF9D5
:1045B000002243F2B4112848FEF734F94FF40050BA
:1045C0000190002002900120039001A92048FDF7EE
:1045D00091FF4FF44040019001200290022003908F
:1045E000049001A91A48FDF785FF4FF498700190D7
:1045F0000120029003900220049001A91548FDF7C4
:1046000079FF43F2A4100190012002900390022050
:10461000049001A91048FDF76DFF4FF44040019050
:10462000002002900120039001A90B48FDF762FFD2
:10463000102001901120029001200390022004908C
:1046400001A90548FDF756FF05B000BD0010024066
:104650000010014000080140000C014000B58DB081
:10466000002009900A900B900C90079008901C2154
:104670006846FBF7FEFE4FF0804024490860472063
:10468000486000212148816044F61F61C16000211B
:1046900001618161FEF7A6FE08B1FCF7AEFD4FF4A3
:1046A0008050099009A91948FEF74AFF08B1FCF7A4
:1046B000A4FD1648FFF7A7F908B1FCF79EFD0020FE
:1046C0000790089007A91148FEF74AFE08B1FCF7C9
:1046D00094FD602000904FF47A70019000200290C9
:1046E0000490002269460948FFF70BF908B1FCF76E
:1046F00084FD042269460548FFF703F908B1FCF779
:104700007CFD0248FFF75AF80DB000BD1C010020E7
:1047100000B58DB0002009900A900B900C90079086
:1047200008901C216846FBF7A4FE2D482D4908601F
:104730004720486000212B48816040F2E731C1608A
:10474000002101618161FEF74DFE08B1FCF755FDC6
:104750004FF48050099009A92248FEF7F1FE08B1F4
:10476000FCF74BFD1F48FFF74EF908B1FCF745FD7C
:1047700000200790089007A91A48FEF7F1FD08B13C
:10478000FCF73BFD602000904FF4FA700190002090
:1047900002900490002269461248FFF7B2F808B16F
:1047A000FCF72BFD042269460E48FFF7AAF808B172
:1047B000FCF723FD082269460A48FFF7A2F808B172
:1047C000FCF71BFD0C2269460648FFF79AF808B172
:1047D000FCF713FD0348FEF7F1FF0DB000BD00002C
:1047E000000400406401002000B58DB00020099055
:1047F0000A900B900C90079008901C216846FBF7DC
:1048000038FE254825490860472048600021234894
:10481000816040F2E731C160002101618161FEF7F2
:10482000E1FD08B1FCF7E9FC4FF48050099009A9BB
:104830001A48FEF785FE08B1FCF7DFFC1748FFF7C2
:10484000E2F808B1FCF7D9FC00200790089007A90E
:104850001248FEF785FD08B1FCF7CFFC6020009000
:104860004FF4FA70019000200290049000226946F3
:104870000A48FFF746F808B1FCF7BFFC0C2269466E
:104880000648FFF73EF808B1FCF7B7FC0348FEF70F
:1048900095FF0DB000BD000000080040AC010020F5
:1048A00010B50B480B4908604FF4E1304860002117
:1048B00008488160C16001610C2141610021816172
:1048C000C161FFF703FB08B1FCF797FC10BD0000C6
:1048D00000380140F401002010B50B480B49086076
:1048E0004FF4E1304860002108488160C1600161F7
:1048F0000C21416100218161C161FFF7E7FA08B134
:10490000FCF77BFC10BD0000004400403C0200208E
:1049100010B50B480B4908604FF4E13048600021A6
:1049200008488160C16001610C2141610021816101
:10493000C161FFF7CBFA08B1FCF75FFC10BD0000C6
:10494000004800408402002000BFFEE700BFFEE7F1
:1049500008B508490968C9084FF47A72B1FBF2F149
:104960004143009100BF00BF00994A1E00920029F8
:10497000F9D108BD180000200EB50020009001906C
:1049800002900948FCF77EFE002000900120019073
:104990000520029069460448FCF702FF0020034905
:1049A000088048600EBD0000C4000020B800002050
:1049B00070B50F48FDF742F90A210D48FDF77EF862
:1049C00088B90B48FCF79CFF0A490880088804F066
:1049D000DDF80546084904F021F90446074904F0CA
:1049E0001DF9044948600248FDF7C0F970BD000098
:1049F000C4000020B80000206740533A0000404047
:104A000010B5FDF715FF10BD10B500241AE02046C3
:104A100001F0C0F800B913E00C4800EBC400807945
:104A200001280CD1094B03EBC403DA79074B03EBE4
:104A3000C4039988054B53F83400FDF7F3FE00BF1B
:104A4000601CC4B20F2CE2D310BD0000F09100082E
:104A500070B50446204601F09DF808B9002070BDED
:104A6000074A02EBC4029188054A52F83400FDF768
:104A7000D1FE0546012D00D1F1E70020EFE700004F
:104A8000F091000870B504460D46204601F082F80A
:104A900000B970BD0B4800EBC4008079012800D03C
:104AA000F7E70DB1012300E000231A46054B03EBA5
:104AB000C4039988034B53F83400FDF7B3FE00BFDD
:104AC000E7E70000F091000810B5FFF79DFF10BD6B
:104AD0001148006840F080700F49086000200F49BD
:104AE00048600846006840F0010008600C48006813
:104AF0000C4908600A4800684FF47A71B0FBF1F085
:104B000008494860064800680749B0FBF1F00549CC
:104B100088600020C8607047FCED00E0001000E0F5
:104B200018000020D841002040420F0010B50D4869
:104B300000F07CFF04460C48844209D11422094944
:104B4000091D0A48FBF75BFC01200949087008E0D1
:104B500014210648FBF78DFC00200549087000F081
:104B600009F810BD00FC000834125AA5E8410020E5
:104B7000C000002000B585B00020019010480390CF
:104B800001200490FDF79EFC694601A8FDF7E0FBBB
:104B900018B1FDF735FC05B000BD0A49084800F022
:104BA0006AFF10B1FDF72CFCF5E714220649044812
:104BB000001D00F03EFFFDF723FC00BFEBE7000007
:104BC00000FC000834125AA5E841002010B500246A
:104BD0000CE0204601F006F800B905E0054901EBBC
:104BE000440000F0F3FF00BF601CC4B2032CF0D3FC
:104BF00010BD0000689200082DE9F0410446884687
:104C000015461E46204600F0EDFF08B9BDE8F081CC
:104C10000F4800EB4407384601F029F84146384672
:104C200001F001F8384601F04EF82946384600F008
:104C3000FAFF384601F047F83146384600F0F3FFF6
:104C4000384601F040F8384601F02AF800BFDDE7A9
:104C5000689200082DE9F0470546894616461F462A
:104C6000DDF820A0284600F0BDFF08B9BDE8F087B8
:104C7000124800EB4508404600F0F9FF494640461F
:104C800000F0D1FF404601F01EF83146404600F0EA
:104C9000CAFF404601F017F8002408E0395D40469D
:104CA00000F0C1FF404601F00EF8601C84B254458C
:104CB000F4DB404600F0F4FF00BFD7E7689200083D
:104CC00010B500240EE0094850F8340040B1074AFE
:104CD00002EBC4025168054A52F83400FEF7C8FEE0
:104CE000601CC4B20C2CEED310BD00007092000802
:104CF0002DE9F04704460E460C2C03D2284850F804
:104D0000340008B9BDE8F0870021304603F052FFB7
:104D100000D200262349304604F04CF800D2214E40
:104D20001F4850F834000068C76A781C03F02EFF53
:104D300081461C49304603F0F7FD8246494603F0A0
:104D40006DFF804603F002FF0546154800EBC400E6
:104D5000406828B9124850F83400006845631CE0E8
:104D60000F4800EBC4004068042805D10C4850F8F7
:104D700034000068856310E0094800EBC400406817
:104D8000082805D1064850F834000068C56304E0DF
:104D9000034850F834000068056400BFB2E7000023
:104DA000709200080000C84270B5002543E005EB92
:104DB0000510294901EB0014284850F8250020600F
:104DC0002748405D207125730020A4F8D000A4F886
:104DD000D200A4F88E00C4F80801C4F80C01C4F88D
:104DE0000401204601F096F80020C5EBC50101EB57
:104DF00005111C4A5054C5EBC50101EB05111144C6
:104E00004870C5EBC50101EB051111448875216897
:104E1000086800F0D1FF30B1802204F10D01206854
:104E2000FFF7CEF905E0012204F1D4012068FFF775
:104E3000DDF9681CC5B2032DB9D3002408E004EBEA
:104E40000411054A02EB011001F096F8601CC4B28F
:104E5000032CF4D370BD0000603E0020AC000020A5
:104E6000D0920008904100202DE9F04106460F46FF
:104E7000032E01D3BDE8F08106EB06101C4901EBBF
:104E80000014C6EBC60000EB06101A49451820793D
:104E900000B1EFE7206801F0A8F800B9EAE7552073
:104EA00084F8D500AA21D6200155D7200755002027
:104EB00008E005F10C010B5CC11C04F1D502535450
:104EC000411CC8B20A28F4D30021E22001552978F8
:104ED000E32001552878401C2870FF21E42001556B
:104EE000102204F1D501204601F06AF800BFC1E7A5
:104EF000603E0020904100202DE9F04105460F461C
:104F00001646032D00D20EB9BDE8F08105EB051061
:104F10000C4901EB0014202E00DDF5E7206801F0BC
:104F200064F800B9F0E73246394604F1D500FBF7E2
:104F300021FA324604F1D501204601F041F800BFC4
:104F4000E2E70000603E0020032805D200EB0012DB
:104F5000024B03EB0212916070470000603E00209C
:104F6000F8B5FDF765FC064600254FE005EB05109A
:104F7000284901EB00142168086800F01DFFD8B132
:104F80002068C06B00684068C0F1800087B20EE006
:104F9000B4F88E2004F10D00815C204600F0DAFFA9
:104FA00094F88E00401C00F07F00A4F88E00B4F846
:104FB0008E00B842ECD100BF207978B994F8F500A2
:104FC00060B1D4F80401301A322807D9D4F80C01A2
:104FD000401CC4F80C01204600F09CFF0EE0207934
:104FE00038B1A06850B1207B9DF80010A2689047AE
:104FF00004E09DF80010204600F00EFF69462046B0
:1050000000F08FFF0028EAD0681CC5B2032DADD395
:10501000F8BD0000603E002010B54FF0E0200069B0
:1050200003F0BEF9012801D002F008FE10BD00B562
:1050300093B0282109A8FBF71CFA142104A8FBF758
:1050400018FA00200090019002900390012009902E
:1050500000040A9000200B9001200D900220109077
:10506000C10311914FF4E011129109A8FDF744FF1B
:1050700008B1FCF7C2F80F20049002200590002030
:1050800006904FF48060079000200890022104A849
:10509000FDF7ECFD08B1FCF7B0F8022000908003AA
:1050A00002906846FDF74AFD08B1FCF7A6F813B078
:1050B00000BD704710B50248FEF7C9FA10BD0000E8
:1050C000DC03002010B502681C4B984208D0B0F1F8
:1050D000804F05D01A4B984202D01A4B984203D108
:1050E00022F070024B681A43144B984208D0B0F17A
:1050F000804F05D0124B984202D0124B984203D1F8
:1051000022F44072CB681A4322F080034C6943EAD0
:10511000040202608B68C3620B688362074B98428B
:1051200001D10B69036301234361036903F00103A8
:105130001BB1036923F00103036110BD002C014082
:10514000000400400008004030B501F01F050124B4
:1051500004FA05F3046A9C430462046A01F01F0523
:1051600002FA05F52C43046230BD30B50C46816867
:1051700021F47F4142EA032525432943816030BD64
:105180000A46816821F0700142F0070319438160EB
:105190007047000030B5026A056A25F00105056216
:1051A0004368846924F0700424F003040D682C43E0
:1051B00022F002028D682A430D4DA84206D100BF9D
:1051C00022F00802CD682A4322F00402084DA842CA
:1051D00007D123F4807323F400734D692B438D6949
:1051E0002B43436084614D684563026230BD00001B
:1051F000002C014030B5026A056A25F010050562F1
:105200004368846924F4E04424F440740D6844EA5B
:10521000052422F020028D6842EA05120E4DA842B4
:1052200007D100BF22F08002CD6842EA051222F0C9
:105230004002094DA84209D123F4806323F400639E
:105240004D6943EA85038D6943EA850343608461C0
:105250004D688563026230BD002C014030B5026AA2
:10526000056A25F4807505624368C46924F07004FA
:1052700024F003040D682C4322F400728D6842EA86
:1052800005220F4DA84207D100BF22F40062CD686D
:1052900042EA052222F48062094DA84209D123F492
:1052A000805323F400534D6943EA05138D6943EAA3
:1052B00005134360C4614D68C563026230BD0000E0
:1052C000002C014030B5036A056A25F4805505625B
:1052D0004468C26922F4E04222F440720D6842EA56
:1052E000052223F400538D6843EA0533064DA84296
:1052F00004D124F480444D6944EA85144460C261B9
:105300004D680564036230BD002C014030B50B468A
:105310001446026A056A25F001050562816921F0DB
:10532000F00141EA041122F00A021A43816102628B
:1053300030BD30B50B461446026A056A25F01005EB
:105340000562816921F4704141EA043122F0A00232
:1053500042EA03128161026230BD70B505466C6A93
:105360000020E085E0842046FEF7FAFB70BD70B5B2
:1053700006460025746A20684069C0F3C01594F899
:105380004100212805D125B10020E084204600F00D
:10539000FBF820684069C0F3801594F84200222889
:1053A00005D125B10020E085204600F0A7F8606C0B
:1053B00040F0100060642046FEF7D2FB70BD70B56F
:1053C00005466C6A2868006800F02000002842D179
:1053D000E08500BF00BF21680C3151E8001F21F4B7
:1053E000807021680C3141E80002002AF3D100BF2F
:1053F00000BF00BF2168143151E8001F21F00100F7
:105400002168143141E80002002AF3D100BF00BF37
:1054100000BF2168143151E8001F21F040002168CD
:10542000143141E80002002AF3D100BF202084F8A3
:105430004200206B01280ED100BF00BF21680C3153
:1054400051E8001F21F0100021680C3141E80002F2
:10545000002AF3D100BF00206063206B012804D133
:10546000A18D2046FEF77BFB02E02046FEF7D4FE2E
:1054700070BD70B505466C6A01206063206B012821
:1054800005D1A08D41082046FEF769FB02E02046C9
:10549000FEF7D9FE70BD70B505466C6A28680068D5
:1054A00000F02000F8B90020E08400BF00BF2168B0
:1054B000143151E8001F21F080002168143141E8C7
:1054C0000002002AF3D100BF00BF00BF21680C31E9
:1054D00051E8001F41F0400021680C3141E8000212
:1054E000002AF3D102E02046FEF770FF70BD70B5D0
:1054F0000446656A2846FEF76AFF70BD00BF00BF1C
:1055000002680C3252E8002F22F4907102680C32CB
:1055100042E80013002BF3D100BF00BF00BF0268B8
:10552000143252E8002F22F001010268143242E8DE
:105530000013002BF3D100BF016B01290ED100BF76
:1055400000BF02680C3252E8002F22F010010268FE
:105550000C3242E80013002BF3D100BF202180F869
:10556000421000210163704710B504462068C068EE
:1055700020F040002168C860202084F841002046C7
:10558000FEF724FF002010BD00BF00BF02680C32F0
:1055900052E8002F22F0C00102680C3242E80013EA
:1055A000002BF3D100BF202180F841107047F8B5DF
:1055B000044694F84200222875D1A068B0F5805FB7
:1055C0000CD1206950B90025A66A20684068C0F354
:1055D00008003080A06A801CA06215E0A56A002641
:1055E000A068B0F5805F03D0A06828B9206918B919
:1055F00020684068287004E02068406800F07F0060
:105600002870A06A401CA062E08D401E80B2E08538
:10561000002846D12068C06820F020002168C860BA
:105620002068C06820F480702168C86020684069E4
:1056300020F0010021684861202084F84200002009
:105640006063206B012826D10020206300BF00BFCB
:1056500021680C3151E8001F21F0100021680C3145
:1056600041E80002002AF3D100BF2068006800F082
:10567000100010280AD100BF0020009020680068A8
:10568000009020684068009000BF00BFA18D2046B8
:10569000FEF765FA02E02046FEF7BEFD0020F8BDE9
:1056A00001E00020FBE70220F9E7000070B50446A6
:1056B0002168096921F44051E268114322681161AF
:1056C0002269A1681143626941EA02052168C9683B
:1056D00041F20C62914329432268D16021684969F3
:1056E00021F44071A2691143226851612D4A216859
:1056F000914202D1FDF7B8FB01E0FDF7A5FB00EBFD
:10570000C00101EB001162689200B1FBF2F100EB05
:10571000C00202EB001263689B00B2FBF3F2642349
:10572000B2FBF3F202EBC20303EB0212A1EB820124
:10573000322202EB01116422B1FBF2F101F0F0011F
:1057400000EBC00202EB001263689B00B2FBF3F2B5
:105750006423B2FBF3F201EB021200EBC00101EB98
:10576000001163689B00B1FBF3F100EBC00303EB96
:1057700000136668B600B3FBF6F36426B3FBF6F3DA
:1057800003EBC30606EB0313A1EB8301322303EB08
:1057900001116423B1FBF3F101F00F011144226800
:1057A000916070BD0038014077B581B00446154660
:1057B0000298A062A58500206064222084F842003F
:1057C0002848E16B88622848E16BC8622748E16B92
:1057D00008630020E16B486302AE32682368191D3C
:1057E0002B46E06BFCF766FD00BF002000902068B0
:1057F0000068009020684068009000BF00BF2069EA
:1058000070B100BF00BF21680C3151E8001F41F4A6
:10581000807021680C3141E80002002AF3D100BFFA
:1058200000BF00BF2168143151E8001F41F00100A2
:105830002168143141E80002002AF3D100BF00BF03
:1058400000BF2168143151E8001F41F04000216879
:10585000143141E80002002AF3D100BF002004B057
:1058600070BD0000BF530008735400086F53000858
:1058700010B5034699629A85DA8500205864222083
:1058800083F84200186928B11868C06840F4807035
:105890001C68E0601868406940F001001C686061A5
:1058A0001868C06840F020001C68E060002010BD4F
:1058B000014691F84100212828D18868B0F5805F21
:1058C0000BD1086948B90A6A1088C0F308000B6850
:1058D0005860086A801C086205E00B6A581C086260
:1058E00018780B685860C88C401E80B2C88458B9BC
:1058F0000868C06820F080000B68D8600868C0683D
:1059000040F040000B68D860002070470220FCE7A0
:105910002DE9F84304460D4617469846089E31E0A7
:10592000701C70B3FCF784FFA0EB0800B04200D8F5
:1059300016B90320BDE8F8832068C06800F00400B1
:10594000F8B1802D1ED0402D1CD020680068C0F317
:10595000C000B0B100BF0020009020680068009037
:1059600020684068009000BF00BF2046FFF7C6FDDA
:105970000820606400BF002084F8400000BF0120C0
:10598000D8E7FFE7206800682840A84201D101203D
:1059900000E00020B842C3D00020CBE710B5024899
:1059A000FEF722F910BD0000F401002010B50248F6
:1059B000FEF71AF910BD00003C02002010B50248A5
:1059C000FEF712F910BD00008402002000BFFEE7C0
:1059D0000146080601F47F4240EA022001F47F02FA
:1059E00040EA122040EA116070470246501A7047A0
:1059F00010B50246012000E050430B1EA1F1010446
:105A0000E1B2F9D110BD70B504460D46012D06D1A5
:105A10002346402278210020FFF7EEF805E02346D8
:105A2000002278211046FFF7E7F870BD01460868AC
:105A300070472DE9F04780460D461646002416E0D3
:105A4000601CB04204D2295D285C41EA002901E0D3
:105A500015F8049008EB04014A4600230120FCF7E6
:105A6000D9FC074617B13846BDE8F087A41CB442FC
:105A7000E6D30020F8E738B505460C46E0B28DF8CD
:105A80000000200A8DF80100200C8DF80200200E85
:105A90008DF80300042269462846FFF7CAFF38BD87
:105AA00070B504460D49204603F0B8F805460021BC
:105AB000284603F07FF908D84FF07C51284602F0C1
:105AC000C5FE064603F026F870BD4FF07C5128460F
:105AD00003F0ACF9064603F01DF8F5E7E4380E4193
:105AE00010B50446611EC1EBC10101EB4101044A3E
:105AF00002EB81014869034903F090F810BD0000F2
:105B0000803D00200000B44370B506460D461446A3
:105B10002946304603F04EF801D2284670BD214692
:105B2000304603F047F901D22046F7E73046F5E763
:105B3000F8B506460C4640F6B8372546002C01DA83
:105B40007F4265420448007C2B46FF223946009084
:105B50003046FBF796FAF8BDDC42002002480068A8
:105B6000C0F30220704700000CED00E010B50028E3
:105B700004DB0A07130E054A135406E00A07140E45
:105B8000034A00F00F031B1FD45410BD00E400E0D3
:105B900018ED00E001460F2901D3002070470448AA
:105BA00050F8310008B90020F8E70120F6E70000BE
:105BB000F091000808B50320009000BF9DF8000098
:105BC000411EC9B200910028F8D108BD10B50446A5
:105BD00020780121FEF756FF60780121FEF752FF81
:105BE00010BD000010B50446204600F015F808B9B5
:105BF000002010BD074810F81400FF2805D0054804
:105C000000EB44004078FF2801D10020F1E701209B
:105C1000EFE70000689200080146032901D3002045
:105C200070470120FCE770B504460D4600261BE0D6
:105C300005F0800020B120780121FEF723FF03E06A
:105C400020780021FEF71EFFFFF7B4FF60780121E6
:105C5000FEF718FFFFF7AEFF60780021FEF712FF96
:105C60006806050E701CC6B2082EE1D370BD10B5D3
:105C7000044620780121FEF705FF60780121FEF738
:105C800001FFFFF797FF20780021FEF7FBFEFFF7EB
:105C900091FF60780021FEF7F5FEFFF78BFF10BD46
:105CA00010B5044620780021FEF7ECFE6078012153
:105CB000FEF7E8FEFFF77EFF20780121FEF7E2FE07
:105CC000FFF778FF10BD10B5044620780121FEF7DC
:105CD000D9FEFFF76FFF60780121FEF7D3FEFFF7D3
:105CE00069FF60780021FEF7CDFEFFF763FF10BD6E
:105CF000484000220CE000F0800323B1072383EA30
:105D00004003DBB201E043061B0E1846531CDAB217
:105D1000082AF0D37047000010B5017BC1EBC10326
:105D200003EB0111094BCA1890F8F61051700021CD
:105D300006E000F1F7035C5C931C5C544B1CD9B289
:105D40000A29F6D30121917510BD00009041002071
:105D5000024600210EE001EB0110084B03EB00109E
:105D60000068904204D101EB011003EB0010704772
:105D7000481CC1B20329EED30020F8E7603E0020A2
:105D800001460A4A0868904201D131207047084A0A
:105D90000868904201D13220F8E7064A086890422C
:105DA00001D13320F2E75820F0E70000003801402D
:105DB000004400400048004001460848814201D1AB
:105DC000002070470648814201D10020F9E70548CC
:105DD000814201D10020F4E70020F2E700380140C1
:105DE000004400400048004001460848814201D17B
:105DF000002070470648814201D10020F9E705489C
:105E0000814201D10020F4E70020F2E70038014090
:105E1000004400400048004070B504460D46FCF7C1
:105E200007FDC4F8040194F8F50007286CD2DFE8F8
:105E300000F00410303D54585C00552D08D129461F
:105E40000020FFF755FF84F80201012084F8F500D7
:105E50005EE0AA2D09D1F534607B2946FFF748FFA3
:105E60006073022004F8F50912E0D4F80C01401C1C
:105E7000C4F80C01204600F04DF8552D08D12946F4
:105E80000020FFF735FF84F80201012084F8F500B7
:105E90003EE0F5346570607B2946FFF729FF6073AB
:105EA00000202073032004F8F50931E094F8011173
:105EB000481C84F8010104F1F700455494F80201EC
:105EC0002946FFF715FF84F8020194F801010A281A
:105ED00002D3042084F8F5001AE0052084F8F500C8
:105EE00016E0062084F8F50012E0FF2D03D12046CD
:105EF000FFF712FF04E0D4F80C01401CC4F80C01B9
:105F0000204600F007F803E0204600F003F800BF49
:105F100000BF70BD002100F8F51F01734173F53813
:105F200070470246B2F8D000B2F8D230984202D19F
:105F30004FF0FF307047B2F8D23002F19000C05CF1
:105F4000087092F8D200401C00F03F00A2F8D20086
:105F50000020EFE710B590F8D0305B1C03F03F0253
:105F6000B0F8D230934206D0B0F8D04000F19003A0
:105F70001955A0F8D02010BD10B588B004461C22D9
:105F800008A101A8FAF73BFA2068FFF7F9FE8DF89F
:105F900009004FF47A73192201A92068FEF754F919
:105FA00008B010BD55534152547820494E495420F1
:105FB0005355434345535346554C4C590A00000032
:105FC00070B504460D46164621680868FFF70CFFB9
:105FD00028B1324629462068FEF796F904E0324699
:105FE00029462068FEF7D6F970BD70B50446FCF767
:105FF0001FFC054606E0FCF71BFC401B322801D9BC
:10600000002070BD94F841002028F4D10120F8E769
:106010002DE9F041804648F6A040A8FB00304FF43F
:1060200000429E1840F10001520000233046FAF76A
:1060300017F904460D466FF000410020091BA841E6
:1060400003D26FF00040BDE8F0812046FBE700007E
:106050002DE9F05F80460C4615461E46204602F0AC
:1060600095FD82464FF08F4102F05EFC8146A0B262
:1060700002F08CFD8346104902F0D0FD82464FF0BD
:106080008F4102F051FC0746B8F1000F03D1C5F86B
:10609000009037600EE089F000402860002138460B
:1060A00002F004FD01D1002003E03946024802F06D
:1060B000BDFE3060BDE8F09F0000B44301463629C4
:1060C00012D008DC262915D0272914D0312910D068
:1060D000352916D10BE0372907D039290CD03C29B6
:1060E0000BD043290DD10AE000BF062070470420E1
:1060F000FCE700BF00BF00BF00BF0320F6E71D2084
:10610000F4E70220F2E7000010B50446A079A528C4
:1061100001D0002010BD0021206802F04BFD04D307
:106120000449206802F046FE01D80020F2E7012071
:10613000F0E700000000B44370B500251FE0C5EB98
:10614000C50000EB4000104901EB80040F4800EB54
:10615000C5063046FFF7D8FF38B13068A062B08876
:10616000A085012084F82E0004E00020A062A08514
:1061700084F82E00204600F083FA681CC5B2022D78
:1061800000D2DCD370BD0000803D0020EC41002037
:1061900010B5044604E00B49204602F047FE0446D1
:1061A0000949204602F006FEF5D304E005492046E1
:1061B00002F04CFB04460549204602F0FBFCF5D3F7
:1061C000204610BD0000B44300003443000034C337
:1061D0002DE9F74F86B081461546C9EBC90000EBA3
:1061E0004000874901EB8004079837283CD00CDC3D
:1061F000312834D004DC262841D027287ED14AE03B
:10620000352820D03628F9D108E0392850D03C284C
:1062100057D043285CD09A28F0D1D1E0681C00F018
:10622000FDF80646287804AB05AA3146FFF710FFB3
:10623000287820772662059860610498A06120463E
:1062400000F01EFAD7E0681C00F0E2F80646287855
:1062500008B9304600E0704200B2A084CBE0284686
:1062600000F0D6F8E084C6E0681C00F0D7F80646D7
:10627000287808B9304600E070422064BBE0284628
:1062800000F0C6F8019002F081FC5E49029002F035
:106290004BFB6064AFE0284600F0BAF8074638468A
:1062A00002F074FC5749029002F03EFBA064A2E0A9
:1062B000287808B9687801E068784042A4F84C0072
:1062C00099E0287884F84F00687884F84E0092E0CE
:1062D000A81C00F09DF8019002F058FC494902907A
:1062E00002F022FB6064281D00F092F8019002F099
:1062F0004DFC4449029002F017FB00E077E0A064F7
:10630000A81D00F085F8E08405F1090000F086F88A
:106310008246287A2073C4F810A0207B04F1080379
:10632000221D5146FFF794FE05F10E0000F070F8B3
:106330000746687B08B9384600E0784200B2A0847E
:1063400005F1110000F06AF88346287C2077C4F834
:1063500020B0207F04F118031A1F5946FFF778FE7A
:10636000204600F08DF905F1160000F057F8039073
:10637000687D84F834000398A063039802F006FC5B
:106380002149019002F04AFC4FF08F41029002F047
:10639000CBFAE0630398FFF73BFE804694F83400A5
:1063A00028B1E06B80F00040E063C8F10008C4F859
:1063B0004080A87E84F84F00E87E84F84E001AE002
:1063C000287884F8500028789F2805D02878E2287B
:1063D00002D02878EE2809D1012000FA09F00B49F3
:1063E000097881430948017000F030F903E028780A
:1063F00084F8500000BF00BF09B0BDE8F08F000076
:10640000803D002000007A440000B443A700002033
:10641000014648780A7840EA022070470146087829
:1064200000064A7840EA02408A7840EA0220CA78A8
:106430001043704710B522480078072839D2DFE8AA
:1064400000F038040C141C262E0001210846FAF72F
:1064500010FD02201A4908702FE001210220FAF7EE
:1064600008FD03201649087027E000210120FAF7F3
:106470002DFD0420124908701FE000210220FAF7C8
:1064800025FD00200E49087000F0E0F815E000211D
:106490000120FAF7EEFC0620094908700DE0002102
:1064A0000220FAF7E6FC00200549087000F0CEF85B
:1064B00003E000200249087010BD00BF0120FBE787
:1064C000A300002010B50446A04710BD10B5FFF78B
:1064D000B1FF08B1012010BD00F002F8FBE7000099
:1064E00010B513480078012802D0022819D10AE01B
:1064F000012000F07FF801210846FAF79BFD0220F9
:106500000B49087011E0022000F074F8012102200C
:10651000FAF790FD0020064908700120054908702F
:1065200003E000200249087010BD00BF0120FBE716
:10653000A4000020A800002070B506460C462B4899
:10654000007820B1012819D0022849D125E0002582
:1065500010E0C5EBC50000EB4000254911F8200014
:10656000A04205D12148457001202049087003E070
:10657000681CC5B2022DECD300BF35E01B48847007
:1065800000201A4981F823002046FFF797FD17499C
:1065900081F824000220087026E0144890F82300B7
:1065A00020280BD2114890F82310C01C4454C01E60
:1065B00090F82300401C0D4981F823000B4890F807
:1065C00023000A4991F82410884208DB074A917891
:1065D0005078D21CFFF7FCFD00200449087003E04E
:1065E00000200249087000BF00BF70BD283E002097
:1065F000803D002030B502460AB1022A00D930BDE4
:10660000541EE3B2C3EBC30404EB44040D4D05EB8D
:10661000840084698462C48C8485012480F82E40BF
:1066200000240463022B0AD2074C04EBC301846AE2
:106630000C60848D8C80A5248C710024CC7100BFEB
:10664000DDE70000803D0020EC4100200848007894
:1066500048B10848007830B90748007818B90120D7
:106660000649087002E000200449087070470000E5
:10667000A5000020A3000020A7000020A600002005
:1066800070B50446A169A06A02F0D0FB0546FFF789
:106690007FFD206370BD70B504460D4616462A4640
:1066A00021460020FAF7B9FB0123324621462A2071
:1066B000FAF720FB70BD00001FB56846FAF76CFFC3
:1066C000FAF7D2F90BA10C20019AFFF7E4FF0BA116
:1066D0001820009AFFF7DFFF0AA12420039AFFF792
:1066E000DAFF0AA13020029AFFF7D5FFFAF79EFAE7
:1066F0001FBD00005245465F503A00005245465FBC
:10670000593A00004642445F503A00004642445F16
:10671000593A0000EFF305807047FCF79BF8FEF74D
:1067200086FCFDF7FDFEFDF79FFEFDF7F1FFFEF78E
:10673000B7F8FEF7D1F8FEF7EBF8FEF755F8FDF7DE
:1067400049FEFDF775FEFDF789FF00F015F8FDF72E
:10675000BDFE00F027F800BFFEE770B50546FFF765
:10676000D9FF10B16FF0050404E0002415B12846EC
:1067700001F0C0F8204670BD10B5FFF7CBFF10B197
:106780006FF0050409E00648006820B901200449BB
:106790000860002401E04FF0FF34204610BD0000E7
:1067A0006C00002070B5FFF7B5FF10B16FF0050465
:1067B0001FE011480068012819D100BF801F002187
:1067C000002804DB0A07130E0C4A135406E00A07DC
:1067D000150E0B4A00F00F031B1FD55400BF00BF5E
:1067E00002200549086001F001F9002401E04FF0A2
:1067F000FF34204670BD00006C00002000E400E083
:1068000018ED00E02DE9FF47804689461446002038
:106810000390FFF77FFF00284ED1B8F1000F4BD057
:10682000802618258246471E44B3206808B1D4F854
:1068300000A0A06900B1A5692DB1382D03D8207939
:1068400000F0010018B1002004B0BDE8F0876069D5
:1068500008B160698608A06840B1E0685C2805D38B
:10686000206918B1606908B1012708E0A06830B953
:10687000E06820B9206910B9002700E00027012F47
:106880000CD12169A0684B463246CDE900510290F7
:106890005146404601F026FD03900DE067B903A87C
:1068A000B2B24B465146CDE90050404601F0E8FCFB
:1068B000012801D0002003900398C5E72DE9F0419D
:1068C00005460E461648076816480068001D00F089
:1068D00089FE681C38B936B112480168091D124892
:1068E00000F0D6FE1AE07C190E4800684460BC42F5
:1068F00007D20C480168091D0C48006800F0AEFE84
:106900000CE008480168091D0948006800F0A6FE6F
:1069100008480068844201D206480460BDE8F0815E
:10692000300000201C000020380900202400002036
:10693000200000204C00002010B5044600F0B4FEFA
:1069400024480068401C234908602348006840B977
:10695000214804600846006801280DD100F0FCF9C8
:106960000AE01E48006838B91B480068C06AE16A3E
:10697000884201D81848046019480068401C18492A
:1069800008600846006860641649E06A0968884241
:1069900002D91449E06A0860E16A01EB8101124AF8
:1069A00002EB8100211D00F073FE00F0A7FE0B48F2
:1069B000006868B108480068C06AE16A884207D286
:1069C0004FF0805009490860BFF34F8FBFF36F8FBE
:1069D00010BD00002C0000201C000020380000200A
:1069E00048000020340000208804002004ED00E06E
:1069F00008B500F059FE12480068E8B9114800F0E7
:106A00001DFE114800F01AFE0E48104908600E489D
:106A10000F49086000200F4B0F4A102100900A20F8
:106A200001F026F9064908600846006820B10BA16C
:106A30000348006800F022FF00F060FE08BD00007F
:106A4000600000204C090020600900205800002050
:106A50005C00002074090020C4090020546D7251AC
:106A60000000000010B516E000F01EFE0C48C068E3
:106A7000C468201D00F0B6FD0A480068401E0949A0
:106A8000086009480068401E0749086000F036FEAB
:106A9000204600F05FF8044800680028E4D110BDEB
:106AA000240900202C0000202800002070B5044696
:106AB0000D46206C70B1216CE0680144E160D4E9BE
:106AC0000210884201D32168E1602846226CE16807
:106AD000F9F750FC70BD2DE9F04104460F4615460C
:106AE0004FF00008A66B206C48B9206800282CD114
:106AF000A06801F00DFD80460020A06025E07DB972
:106B00003946226C6068F9F735FC216C60680844EE
:106B10006060D4E90101884217D32068606014E006
:106B20003946226CE068F9F725FC216CE068411ACF
:106B3000E1602168E068884203D2216CA068411AB4
:106B4000E160022D01D106B1761E701CA0634046A3
:106B5000BDE8F08110B5044694F8590030B9206BB7
:106B600000F0EAFD204600F0E7FD1AE094F8590035
:106B7000012803D1204600F0DFFD12E094F859000F
:106B8000022801D1012000E0002050B900BF5020B0
:106B900080F31188BFF34F8FBFF36F8F00BF00BF2B
:106BA000FEE710BD0146084A126812680AB90122C0
:106BB00000E000220A600A6822B9034A1268D2681B
:106BC000106800E0002070475800002030B54FF4F6
:106BD0002053174800F007042CB1C01D20F0070017
:106BE000134C041B1B1B0246124C22600024114D47
:106BF0006C60D018083820F007000F4C206000248B
:106C00000D4D2D686C600C4D2D682C601146441A9A
:106C10004C60094C24680C60084D4C682C60084D91
:106C20004C682C604FF00044064D2C6030BD0000D5
:106C30001C1100207000002078000020800000203F
:106C40007C0000208C00002000BFFFF70BFF0648EF
:106C500000680128F9D94FF0805004490860BFF35B
:106C60004F8FBFF36F8FF0E78804002004ED00E042
:106C70002DE9F04106460D4617469846069C0DB98B
:106C8000246000E02760E66325640121204601F0CE
:106C90005FF884F84C80BDE8F0812DE9F05F824612
:106CA0000E4690469B460A9F0C9C4FEA8801A522FF
:106CB000206BF9F7D6FBA8F10100216B01EB8009ED
:106CC00029F0070909F0070008B9012000E00020B9
:106CD00050B900BF502080F31188BFF34F8FBFF32E
:106CE0006F8F00BF00BFFEE786B1002507E0715D32
:106CF00004F134004155705D00B902E06D1C102DA7
:106D0000F5D300BF00214320015502E0002084F8A4
:106D10003400382F00D33727E762E764002020656E
:106D2000201D00F098FC04F1180000F094FC246190
:106D3000C7F13800A06164620020606584F85800E3
:106D40005A465146484600F071FB20600B9808B146
:106D50000B980460BDE8F09F10B5002407E004EB39
:106D600084010F4A02EB810000F068FC641C382C9F
:106D7000F5D30C4800F062FC0B4800F05FFC0B48B8
:106D800000F05CFC0A4800F059FC0A4800F056FC90
:106D900004480949086004480849086010BD00001B
:106DA00088040020E8080020FC08002010090020CA
:106DB00024090020380900202000002024000020A1
:106DC00010B50146164800E0006803688B42FBD30B
:106DD0000246436813448B4204D143684C68234401
:106DE000436001460A464B6813440468A34211D12C
:106DF0000C4C03682468A34208D04B68046864689C
:106E000023444B6003681B680B6005E0054B1B685F
:106E10000B6001E003680B60884200D0016010BD88
:106E200070000020780000202DE9F04104460D4656
:106E300016461F464FF0000865602461B5420CD825
:106E4000F01BA169884202D34FF0010811E0211D17
:106E50000948006800F002FC0BE0BE4204D2BD42CB
:106E600002D34FF0010804E0211D0448006800F03F
:106E7000F5FB4046BDE8F0815C0000205800002092
:106E800070B5054600F010FCA86B08B9012400E0BD
:106E9000002400F033FC204670BD70B5054600F0BC
:106EA00003FCA86BE96B884201D1012400E00024B7
:106EB00000F024FC204670BDF8B505460F461A4880
:106EC0000068C068C468201D00F08CFB94F828009E
:106ED00000F00400E8B1A06941192B463A4620466B
:106EE000FFF7A2FFD8B1002003462A4601460090D2
:106EF000204601F069FC064656B900BF502080F3D9
:106F00001188BFF34F8FBFF36F8F00BF00BFFEE745
:106F100005E094F8280020F0010084F828002046BD
:106F2000216A8847F8BD000058000020F0B587B0FE
:106F3000A0E00398002811DA04AE56B900BF502033
:106F400080F31188BFF34F8FBFF36F8F00BF00BF77
:106F5000FEE7D6E90020B168904700BF03980028FB
:106F6000E6DB059C606908B9012000E0002010B94B
:106F7000201D00F037FB02A800F0DEF8054603985C
:106F80000A2875D2DFE800F00905073941630608D1
:106F90003A4200BF00BF00BF00BF94F8280040F095
:106FA000010084F828000498A269811803462A4643
:106FB0002046FFF739FFF8B12046216A884794F848
:106FC000280000F00400B8B1002000900498A169E6
:106FD000421800231946204601F0F6FB074657B930
:106FE00000BF502080F31188BFF34F8FBFF36F8F26
:106FF00000BF00BFFEE700BF3BE000BF94F82800E1
:1070000020F0010084F8280033E000BF94F8280045
:1070100040F0010084F828000498A061A06908B13C
:10702000012000E0002050B900BF502080F31188FB
:10703000BFF34F8FBFF36F8F00BF00BFFEE7A069A4
:1070400041192B462A462046FFF7EEFE11E094F840
:10705000280000F0020018B9204600F06DFB05E0A2
:1070600094F8280020F0010084F8280001E0FFE7F0
:1070700000BF00BF002203A90448006801F006F821
:1070800000287FF456AF07B0F0BD0000600000207C
:10709000F8B505460C4600F005FD684600F04CF8D2
:1070A0000646009820BB44B9B54206D801F0CEFA96
:1070B00031462846FFF700FF1CE03CB10E4800684F
:1070C000006808B9012000E000200446A91B224600
:1070D0000A48006800F0E8FB01F0B8FA50B94FF038
:1070E000805007490860BFF34F8FBFF36F8F01E0F7
:1070F00001F0ACFAF8BD00005C0000206000002048
:1071000004ED00E00A490968096809B9012100E0B5
:10711000002121B14FF0FF31064A116006E0044919
:107120000968C968C868034A41681160704700006F
:10713000200000204C00002070B5044601F040F90A
:10714000054607480068854204D200F00BF801208C
:10715000206001E00020206001480560284670BDE5
:10716000680000202DE9F84334E025480068C06835
:10717000056823480068C068C468201D00F032FA22
:107180002046216A884794F8280000F0040008B3DC
:10719000A0694619AE4207D966602461211D1848CE
:1071A000006800F05BFA15E0002003462A4601461D
:1071B0000090204601F008FB074657B900BF502059
:1071C00080F31188BFF34F8FBFF36F8F00BF00BFF5
:1071D000FEE700BF0A480068006808B9012000E027
:1071E00000200028C1D00648D0F80080054800687B
:1071F000034908600348C0F80080BDE8F883000038
:10720000580000205C0000200E480068401C08B9AF
:10721000012000E0002050B900BF502080F3118809
:10722000BFF34F8FBFF36F8F00BF00BFFEE700BFFC
:10723000502080F31188BFF34F8FBFF36F8F00BFD3
:1072400000BFFEE79000002008B500BF6846FFF7CA
:10725000A9FC044620460099FFF71AFFFFF766FED7
:10726000F4E770B5044600F01FFA94F9455010E0B9
:10727000606A08B9012000E0002038B904F1240058
:1072800001F098F918B100F06FFB00E003E0681E10
:1072900045B2002DECDC00BFFF2084F8450000F073
:1072A0002DFA00F001FA94F9445010E0206908B971
:1072B000012000E0002048B904F1100001F07AF943
:1072C00008B100F051FB681E45B200E001E0002D5E
:1072D000ECDC00BFFF2084F8440000F00FFA70BD22
:1072E0002DE9F04104464FF0000800F0DBFB49486F
:1072F000006808B9FFF76AFC47480068204000288A
:1073000070D1D4B1083404F00700B0B104F0070024
:10731000C0F10800044404F0070008B9012000E0AF
:10732000002050B900BF502080F31188BFF34F8F69
:10733000BFF36F8F00BF00BFFEE7002C52D037486D
:10734000006884424ED8364E3046056801E02E462D
:107350002D686868A04202D228680028F7D12D481D
:10736000006885423ED0306800F108082868306027
:107370006868001B102819D92F1907F0070008B9F1
:10738000012000E0002050B900BF502080F3118898
:10739000BFF34F8FBFF36F8F00BF00BFFEE768687A
:1073A000001B78606C603846FFF70AFD1B4968686F
:1073B0000968081A194908600846006819490968E7
:1073C000884203D215480068164908601249686867
:1073D0000968084368600020286013480068401C62
:1073E0001149086001F032F908F0070008B90120DE
:1073F00000E0002050B900BF502080F31188BFF397
:107400004F8FBFF36F8F00BF00BFFEE74046BDE860
:10741000F0810000780000208C0000207C0000201B
:10742000700000208000002084000020001F4FF02A
:1074300080730360001F21F001030360001F034BF2
:107440000360143802602038704700000972000899
:1074500010B5FDF73DFBFDF737FBFDF731FCFDF700
:10746000B5FBFDF7A1FCFDF787FAFDF75FFBF9F728
:10747000DFF9F9F777FF10BDFFF7EAFF00BF3C48DF
:107480000068401C3A490860FDF76AFDF9F7F0F919
:10749000F9F782F93648C07928B9C82035490886F5
:1074A00001203349C871324800680A21B0FBF1F26B
:1074B00001FB120008B9FAF769F82D48006832217B
:1074C000B0FBF1F201FB120008B9FDF771FA284890
:1074D00000684FF47A71B0FBF1F201FB120008B9B9
:1074E000FDF748FBF9F72EFE30B123480068401C39
:1074F00021490860FDF73EFB1E48416980698142D1
:1075000004D01C4841698161F9F78EFD1948416A30
:10751000806A814202D01748416A81621548007929
:1075200000F0010018B101201149087102E00020AB
:107530000F4908710E48007910490978884207D030
:107540000B4800790D49087009490879F9F74CFD95
:107550000B4890F8440018B101200549487102E039
:107560000020034948710A20FFF7F7F887E7000079
:10757000F04200204C390020E8410020C1000020EA
:107580005442002010B5F9F7D5F86420FFF7E5F86C
:10759000F9F7D6FAFAF736F810BD0000FFF7F2FF58
:1075A00000BF0C480068401C0A4908600A4611697F
:1075B000D068FAF711F8074800683221B0FBF1F201
:1075C00001FB120008B9FFF777F80220FFF7C5F8B2
:1075D000E7E70000FC42002010B500BF0220FFF7E3
:1075E000BCF8FBE701460A69D1E901309860D1E9AE
:1075F000010358605068884201D1886850600020BB
:1076000008611068401E106010687047034B0360EB
:10761000034B0B608023136070470000640A002056
:10762000C00A0020034B0360034B0B604FF48073D0
:1076300013607047C00C00201C0D002000F10801F1
:1076400041604FF0FF31816000F10801C1600161CC
:1076500000210160704700210161704710B50246AA
:107660000B685C1C0CB9106907E002F1080000E02F
:107670004068446824689C42FAD944684C604C686D
:10768000A160886041600A611468641C146010BDC8
:1076900042684A6093688B609368596091600861A2
:1076A00003685B1C0360704700BF502080F31188A3
:1076B000BFF34F8FBFF36F8F00BF0E480068401CB1
:1076C0000C49086008460068012812D10A48006881
:1076D000C0B208B9012000E0002050B900BF50201E
:1076E00080F31188BFF34F8FBFF36F8F00BF00BFD0
:1076F000FEE770479000002004ED00E00D480068B0
:1077000050B900BF502080F31188BFF34F8FBFF3F3
:107710006F8F00BF00BFFEE706480068401E0549A6
:1077200008600846006820B9002080F3118800BF77
:1077300000BF70479000002070B506463546002E09
:1077400044D0083D2C46224960680968084008B1C9
:10775000012000E0002050B900BF502080F31188C4
:10776000BFF34F8FBFF36F8F00BF00BFFEE72068EE
:1077700008B9012000E0002050B900BF502080F37C
:107780001188BFF34F8FBFF36F8F00BF00BFFEE7BD
:107790000F49606809680840C0B12068B0B90C4959
:1077A000606809688843606000F07CF90949606896
:1077B00009680844074908602046FFF701FB0648AE
:1077C0000068401C0449086000F040FF70BD0000E4
:1077D0008C0000207C0000208800002000204FF05A
:1077E000E02108618861064800684FF47A71B0FBB7
:1077F000F1F0401E4FF0E02148610720086170471A
:107800001800002070B5F8F707FD0446102C16D3B9
:1078100004F1E02090F8F05315480078854201DB30
:10782000012000E0002050B900BF502080F31188F3
:10783000BFF34F8FBFF36F8F00BF00BFFEE70D4850
:10784000006800F4E0600C490968884201D8012012
:1078500000E0002050B900BF502080F31188BFF332
:107860004F8FBFF36F8F00BF00BFFEE770BD0000FA
:10787000940000200CED00E098000020024600205B
:107880000BE0084B53F8303033B9064B43F8301057
:1078900003EBC0035A6002E0401C0828F1D300BF8C
:1078A00070470000480400202DE9F04105460E46CF
:1078B00017462C46FFF7F8FE94F94400401C10B917
:1078C000002084F8440094F94500401C10B90020C1
:1078D00084F84500FFF712FFA06B28B93A463146FD
:1078E00004F1240000F062F82046FFF7BAFCBDE87E
:1078F000F081000070B504460025D4B1124800683C
:1079000008B9012000E0002050B900BF502080F3EA
:107910001188BFF34F8FBFF36F8F00BF00BFFEE72B
:1079200000F0C0F800212046FEF7C8FF00F08EFEF0
:1079300005463DB94FF0805004490860BFF34F8FB2
:10794000BFF36F8F70BD00005400002004ED00E015
:1079500003490968016003490968416070470000F4
:1079600044000020300000200120014908607047D9
:107970004000002070B504460D4654B900BF5020A9
:1079800080F31188BFF34F8FBFF36F8F00BF00BF2D
:10799000FEE70548016818312046FFF75FFE012128
:1079A0002846FEF78BFF70BD1C00002070B5054611
:1079B0000E46144655B900BF502080F31188BFF31E
:1079C0004F8FBFF36F8F00BF00BFFEE7064801680F
:1079D00018312846FFF75CFE0CB14FF0FF36214608
:1079E0003046FEF76BFF70BD1C00002010B586B05E
:1079F00000200590049003AA04A905A8FFF706FE3D
:107A00000022DDE904101346CDE9002102901EA1F9
:107A10001F48039A00F066FC1E490860084600688B
:107A200008B1012400E00024012C02D100F090FEF6
:107A30000446012C15D100BF502080F31188BFF3FC
:107A40004F8FBFF36F8F00BF4FF0FF3012490860B8
:107A500001201249086000201149086000F072F806
:107A600010E0601C08B1012000E0002050B900BF08
:107A7000502080F31188BFF34F8FBFF36F8F00BF8B
:107A800000BFFEE706B010BD49444C4500000000B1
:107A9000496C0008500000204C00002038000020F5
:107AA0003000002002480068401C0149086070470F
:107AB000540000201E48006818B101201D490860CC
:107AC00034E000201B4908601B4801680CE051B9F4
:107AD00000BF502080F31188BFF34F8FBFF36F8F2B
:107AE00000BF00BFFEE7491E01EB8100134A52F8B8
:107AF000200008B9012000E000200028E7D101EBB8
:107B000081020E4B03EB820042685268426000F132
:107B100008024368934202D1426852684260426858
:107B2000D268074B1A600448016000BF704700002C
:107B30005400002040000020340000208804002071
:107B40001C0000201CB53849084600780190FF2031
:107B50000A4610700846007800909DF8000000F07A
:107B6000F0009DF80020904201D1012000E00020AB
:107B700050B900BF502080F31188BFF34F8FBFF37F
:107B80006F8F00BF00BFFEE79DF8000000F05000BF
:107B9000264A10700720264A106009E02448006831
:107BA000401E234A10609DF800004006000E009021
:107BB0009DF8000000F080008028EFD01C4800688D
:107BC000C0F10700042801D1012000E0002050B9D5
:107BD00000BF502080F31188BFF34F8FBFF36F8F2A
:107BE00000BF00BFFEE7124800680002104A1060A4
:107BF0001046008800F4E06010600B4A0198107095
:107C00000C48006840F470000A49086008460068A3
:107C100040F070400860FFF7E1FD00200649086071
:107C2000F8F7C4FA00201CBD00E400E09400002036
:107C30009800002020ED00E09000002010B500BF6B
:107C4000502080F31188BFF34F8FBFF36F8F00BFB9
:107C500000F0BCFB18B14FF080500449086000BF31
:107C6000002080F3118800BF10BD000004ED00E08B
:107C70002DE9F84380460E4617461D46DDF8209054
:107C8000B8F1000F01D0012000E0002050B900BF82
:107C9000502080F31188BFF34F8FBFF36F8F00BF69
:107CA00000BFFEE70DB1012000E0002050B900BF89
:107CB000502080F31188BFF34F8FBFF36F8F00BF49
:107CC00000BFFEE707B10EB1012000E0002050B96F
:107CD00000BF502080F31188BFF34F8FBFF36F8F29
:107CE00000BF00BFFEE707B90EB9012000E0002089
:107CF00050B900BF502080F31188BFF34F8FBFF3FE
:107D00006F8F00BF00BFFEE7502000900098502802
:107D100001D1012000E0002050B900BF502080F3C5
:107D20001188BFF34F8FBFF36F8F00BF00BFFEE717
:107D300000BF2C464CB1012084F846004B463A4621
:107D4000314640460094FEF793FF2046BDE8F88395
:107D500070B505460E462C4654B900BF502080F33E
:107D60001188BFF34F8FBFF36F8F00BF00BFFEE7D7
:107D7000FFF79AFCD4E90F12206801FB0200A06013
:107D80000020A06320686060E06B401E226C2168C8
:107D900000FB0211E160FF2084F8440084F84500F4
:107DA0009EB9206908B9012000E00020A8B904F1BB
:107DB000100000F0FFFB80B14FF0805009490860CF
:107DC000BFF34F8FBFF36F8F07E004F11000FFF791
:107DD00035FC04F12400FFF731FCFFF78FFC012094
:107DE00070BD000004ED00E02DE9FF4383B00646BE
:107DF00088461D464FF00009344654B900BF502054
:107E000080F31188BFF34F8FBFF36F8F00BF00BFA8
:107E1000FEE7B8F1000F01D1206C08B9012000E0A5
:107E2000002050B900BF502080F31188BFF34F8F5E
:107E3000BFF36F8F00BF00BFFEE7022D02D1E06BE2
:107E4000012801D1012000E0002050B900BF5020DE
:107E500080F31188BFF34F8FBFF36F8F00BF00BF58
:107E6000FEE700F09DFA08B9059808B9012000E086
:107E7000002050B900BF502080F31188BFF34F8F0E
:107E8000BFF36F8F00BF00BFFEE700BFFFF70CFC22
:107E9000A06BE16B884201D3022D28D12A464146CE
:107EA0002046FEF718FE0746606A08B9012000E088
:107EB000002068B904F1240000F07CFB88B14FF089
:107EC000805032490860BFF34F8FBFF36F8F08E0D7
:107ED0003FB14FF080502D490860BFF34F8FBFF383
:107EE0006F8FFFF70BFC012007B0BDE8F08305980A
:107EF00018B9FFF703FC0020F6E7B9F1000F04D131
:107F000001A8FFF725FD4FF00109FFF7F7FBFFF789
:107F1000C9FDFFF7C9FB94F94400401C10B90020CB
:107F200084F8440094F94500401C10B9002084F8FE
:107F30004500FFF7E3FB05A901A800F05BF9F0B9E4
:107F40002046FEF7AAFFA0B104F110000599FFF743
:107F500011FD2046FFF785F900F078FB002895D148
:107F60004FF0805009490860BFF34F8FBFF36F8F08
:107F70008CE72046FFF775F900F068FB86E720469E
:107F8000FFF76FF900F062FB0020ADE704ED00E0C1
:107F90002DE9F84F07468A4690461E463C4654B99E
:107FA00000BF502080F31188BFF34F8FBFF36F8F56
:107FB00000BF00BFFEE7BAF1000F01D1206C08B985
:107FC000012000E0002050B900BF502080F311884C
:107FD000BFF34F8FBFF36F8F00BF00BFFEE7022ECE
:107FE00002D1E06B012801D1012000E0002050B94E
:107FF00000BF502080F31188BFF34F8FBFF36F8F06
:1080000000BF00BFFEE7FFF7FDFB00BF5021EFF30D
:10801000118081F31188BFF34F8FBFF36F8F00BFC3
:108020000546A06BE16B884201D3022E25D194F95D
:1080300045B0A06B0090324651462046FEF74BFDFE
:108040000BF1010088B9606A08B9012000E0002046
:1080500050B904F1240000F0ADFA28B1B8F1000FD6
:1080600002D00120C8F8000004E00BF1010040B28A
:1080700084F845004FF0010901E04FF0000900BF0E
:1080800085F3118800BF4846BDE8F88F2DE9F74118
:1080900083B005460E464FF000082C4654B900BF89
:1080A000502080F31188BFF34F8FBFF36F8F00BF55
:1080B00000BFFEE70EB9206C08B9012000E00020E7
:1080C00050B900BF502080F31188BFF34F8FBFF32A
:1080D0006F8F00BF00BFFEE700F062F908B9059896
:1080E00008B9012000E0002050B900BF502080F303
:1080F0001188BFF34F8FBFF36F8F00BF00BFFEE744
:1081000000BFFFF7D1FAA76BF7B131462046FEF763
:10811000CDFC781EA063206908B9012000E0002092
:1081200060B904F1100000F045FA38B14FF080500A
:108130002F490860BFF34F8FBFF36F8FFFF7DEFA51
:10814000012006B0BDE8F081059818B9FFF7D6FA0E
:108150000020F6E7B8F1000F04D101A8FFF7F8FB03
:108160004FF00108FFF7CAFAFFF79CFCFFF79CFAF3
:1081700094F94400401C10B9002084F8440094F99C
:108180004500401C10B9002084F84500FFF7B6FAFE
:1081900005A901A800F02EF8F0B92046FEF770FE00
:1081A000A0B104F124000599FFF7E4FB2046FFF796
:1081B00058F800F04BFA0028A3D14FF080500C493A
:1081C0000860BFF34F8FBFF36F8F9AE72046FFF72A
:1081D00048F800F03BFA94E72046FFF742F800F039
:1081E00035FA2046FEF74CFE00288AD00020A8E78A
:1081F00004ED00E070B505460C4655B900BF5020AF
:1082000080F31188BFF34F8FBFF36F8F00BF00BFA4
:10821000FEE754B900BF502080F31188BFF34F8FA1
:10822000BFF36F8F00BF00BFFEE7FFF73DFA1248B4
:1082300002686868131A2068401C08B9002617E015
:108240000E4928680968884204D06868904201D8BD
:1082500001260DE02068984207D92068C01A2060E6
:108260002846FFF775FB002602E00020206001266B
:10827000FFF744FA304670BD300000204400002073
:108280002DE9FF4F85B0804689461746DDE912ABE0
:10829000B800FFF725F8064656B15C20FFF720F836
:1082A00004460CB1266304E03046FFF745FA00E0CF
:1082B00000248CB1002084F85900CDE900ABCDE951
:1082C00002403A4649464046089BFEF7E6FC2046F7
:1082D000FEF732FB012501E04FF0FF35284609B0DB
:1082E000BDE8F08F2DE9F04F85B0074688469146EE
:1082F0009A46DDE90EB6109C0EB1012000E0002088
:1083000050B900BF502080F31188BFF34F8FBFF3E7
:108310006F8F00BF00BFFEE70CB1012000E000201E
:1083200050B900BF502080F31188BFF34F8FBFF3C7
:108330006F8F00BF00BFFEE75C20039003985C28AE
:1083400001D1012000E0002050B900BF502080F38F
:108350001188BFF34F8FBFF36F8F00BF00BFFEE7E1
:1083600000BFB4B1AEB125462C462E63022085F87D
:108370005900002004A953464A46CDE900B1CDE991
:10838000025041463846FEF788FC2846FEF7D4FAEC
:1083900001E000200490049805B0BDE8F08F0000D3
:1083A0000549096809B9012005E00449096809B9C6
:1083B000022000E000207047380000205400002018
:1083C0000149086870470000300000202DE9F041A5
:1083D0004FF000084348006800287BD142480068FD
:1083E000451C4148056015BB40480068006808B955
:1083F000012000E0002050B900BF502080F3118818
:10840000BFF34F8FBFF36F8F00BF00BFFEE737484A
:1084100007683748006835490860354807603548BF
:108420000068401C33490860FEF76CFE00BF32480C
:10843000006885423BD300BF2C480068006808B93B
:10844000012000E0002020B14FF0FF302A490860F1
:108450002CE026480068C068C4686668B54202D24D
:108460002548066022E0201DFFF7BCF8A06A18B17D
:1084700004F11800FFF7B6F82049E06A096888425D
:1084800002D91E49E06A0860E16A01EB81011C4AD9
:1084900002EB8100211DFFF7FBF81A49E06A096829
:1084A000C96A8842C8D34FF00108C5E700BF154824
:1084B0000068C06A00EB8000114951F820000128D3
:1084C00001D94FF001081048006808B14FF00108C9
:1084D00005E0FFE70D480068401C0C490860404675
:1084E000BDE8F08154000020300000202000002072
:1084F00024000020440000204C0000203400002014
:10850000880400201C000020400000203C000020C7
:1085100070B505462C460026002D43D02248006841
:10852000844201D1012000E0002050B900BF50205A
:1085300080F31188BFF34F8FBFF36F8F00BF00BF71
:10854000FEE7206D50B900BF502080F31188BFF3C3
:108550004F8FBFF36F8F00BF00BFFEE7206D401E3F
:108560002065E16CE06A88421CD0206DD0B9201DE6
:10857000FFF738F8E06CE062E06AC0F13800A06113
:108580000A49E06A0968884202D90849E06A086035
:10859000E16A01EB8101064A02EB8100211DFFF730
:1085A00077F80126304670BD1C0000203400002002
:1085B0008804002070B50646F068C46854B900BF4E
:1085C000502080F31188BFF34F8FBFF36F8F00BF30
:1085D00000BFFEE704F11800FFF704F81548006833
:1085E000A0B9201DFEF7FEFF1349E06A0968884222
:1085F00002D91149E06A0860E16A01EB81010F4A82
:1086000002EB8100211DFFF743F804E004F118019B
:108610000B48FFF73DF80B49E06A0968C96A8842D0
:1086200004D9012501200849086000E000252846FA
:1086300070BD000054000020340000208804002099
:10864000100900201C0000204000002070B500240C
:1086500000263648006850B900BF502080F31188CA
:10866000BFF34F8FBFF36F8F00BF00BFFEE7FFF771
:108670001BF82E480068401E2C4908600846006818
:1086800000284ED12A48006800284AD023E0294813
:10869000C068C46804F11800FEF7A4FF201DFEF7AF
:1086A000A1FF2549E06A0968884202D92249E06AA7
:1086B0000860E16A01EB8101204A02EB8100211D83
:1086C000FEF7E6FF1E49E06A0968C96A884202D3DC
:1086D00001201C4908601748006808B9012000E023
:1086E00000200028D3D00CB1FEF70CFD1648056819
:1086F00065B100BFFFF76AFE10B1012011490860A3
:108700006D1E002DF6D100200F4908600D4800684D
:1087100038B1012630070D490860BFF34F8FBFF312
:108720006F8FFEF7EBFF304670BD00005400002055
:108730002C000020100900203400002088040020B4
:108740001C000020400000203C00002004ED00E060
:1087500010B586B00024FEF74BF916480068D0B17A
:1087600000200590049003AA04A905A8FEF75AFF6B
:108770000222DDE904100023CDE9002102900EA1C0
:108780000F48039AFFF7AEFD0E49086008460068DF
:1087900000B1012400BF54B900BF502080F31188FC
:1087A000BFF34F8FBFF36F8F00BF00BFFEE72046C0
:1087B00006B010BD60000020546D72205376630037
:1087C00049720008640000202DE9FF4704460D4669
:1087D00016461F46DDF830804FF0000954B900BF3F
:1087E000502080F31188BFF34F8FBFF36F8F00BF0E
:1087F00000BFFEE71448006810B30095019602948C
:10880000062D15DAFFF7CCFD022808D100234246D9
:1088100069460D480068FFF7E7FA814610E000233B
:108820001A46694608480068FFF7DEFA814607E005
:1088300000233A46694604480068FFF7A9FB8146D1
:10884000484604B0BDE8F0876000002090EA010FC0
:1088500048BF81F0004100F1F082421A3CBF801A0B
:1088600089184FEAD0524FF07F4C1CEA410FA2EB1F
:10887000D15318BF9CEA026F00F03B804FF0004CD0
:108880004CEA00204CEA012121FA03FC10EB0C0C0D
:108890001ED202F1FF325FEA1C2040EBC25038BF0B
:1088A00070471CF07F0F4FEA400C18BFBCF17F4FA0
:1088B00038BF7047C3F12003994008BF20F0010082
:1088C000BCF17F4F38BF7047A0F1C04000F06DBAD7
:1088D0004FEA3C00000A40EBC25028BF1CF0FF0FDB
:1088E0004FEA400CE6D018BFBCF17F4F38BF70474D
:1088F000EAE79CEA026F05D010EA5C0F08BF00F0BF
:108900000040704710B500F00AFA00BF64FBBE3E9D
:10891000401058BFC0F14040491058BFC1F140411C
:108920008142EFF3008070474FF47F0C1CEAD012B5
:108930001EBF1CEAD11392EA0C0F93EA0C0F00F051
:10894000858090EA010F48BF42F4807240F4000C29
:1089500041F400002CF07F4120F07F4000B58142BF
:10896000A2EB03020FF2081CACEB504EC0F100006A
:108970009EF800E04FEA4E0E00FB0EFC38BF4900A7
:108980004FEA2C1C02F5FA020CFB0EF34FEACE1E46
:108990004FEA112C4FEAC1210EEB635E42EB2242FB
:1089A0000EFB0CFC4FEA1C5300FB03114FEA112C89
:1089B0004FEA01310EFB0CFC4FEADC4C00FB0C11C2
:1089C000C14228BF09184CEB03335DF804EB10EBF0
:1089D000410143EBC250B2F57C0F38BF704729D537
:1089E00012F0F00F1CBF00F1C04000F000407047D3
:1089F000008182838485868788898B8C8D8E8F9178
:108A00009293959697999A9C9D9FA0A2A3A5A7A89B
:108A1000AAACAEB0B2B3B5B7B9BCBEC0C2C5C7C9C7
:108A2000CCCED1D4D7D9DCDFE2E6E9ECF0F3F7FA2B
:108A3000FE0000004FEA400C0CF1807CBCF17E4F40
:108A400028BF7047B0F1C04000F0AFB990EA010F05
:108A50000CEAD11348BF42F48072624538BF6345C7
:108A600007D213F47F0F16D080EA010000F0004017
:108A7000704710B500F053F9097EFC3E00F005B8D0
:108A800080EA010000F00040704780EA010000F039
:108A9000004000F08AB912F47F0F04BF024870470B
:108AA00080EA010000F081B90000C07F50EA010CAB
:108AB00000F113801CF5000F58BFBCF5000F01D466
:108AC0008842704707D710F5000F58BF11F5000F07
:108AD00015D488427047894270471CF5000F04D5B1
:108AE000BCF5000FF7D5814270474FF0807C1CEB3E
:108AF000400F38BF1CEB410F01D28142704710B5C7
:108B000000F00DF9922449004FF000504FF08051D1
:108B1000FFF7FEBE41000B0ED3F19E0208D950F4C0
:108B200000034FEA032323FA02F048BF4042704794
:108B300010B500F0F4F800BF49922480002070477F
:108B40006FF0004282EA200070470000C10DD1F1B1
:108B50009E0206DB4FEA002343F0004323FA02F0B3
:108B60007047004207D54FEA4001B1F1FE4F02D2F3
:108B70004FF00000704710B500F0D1F84992248002
:108B8000002070476FEA200070470000B0FA80F3C1
:108B900010FA03F2C3F19D030AD0D90501EB1220AC
:108BA000530638BF704700F1010008BF20F00100F4
:108BB0007047000050EA010C00F113801CF5000F13
:108BC00058BFBCF5000F01D48842704707D710F595
:108BD000000F58BF11F5000F15D488427047894225
:108BE00070471CF5000F04D5BCF5000FF7D5814286
:108BF00070474FF0807C1CEB400F38BF1CEB410FDF
:108C000001D28142704710B500F089F892244900E2
:108C10004FF000504FF08051FFF77ABE4FF47F0CB9
:108C20001CEAD0121EBF1CEAD11392EA0C0F93EA81
:108C30000C0F00F0478090EA010F48BF42F48072A9
:108C40004FF0004C4CEA00204CEA012102EB0302F9
:108C5000A0FB0113A2F50002002918BF43F0010395
:108C60005B0028BF4FEA330342EB22425FEA132C3A
:108C70004CEBC2502EBFBCEB436FB2F57C0F70477C
:108C80004FEA036CBCF1004F08BF20F00100B2F5C1
:108C90007C0F38BF70470BD582F0FF0212F5803F82
:108CA000C8BF704700F1C040D8BF00F00040704717
:108CB00000F5000C5FEA4C0C48BF7047B0F1C040B3
:108CC00000F073B890EA010F0CEAD11348BF42F4E8
:108CD0008072624538BF634504D280EA010000F02B
:108CE0000040704710B500F01AF800BF8900013E3F
:108CF00000F007B800F009B85FEA410C5FEA1C6CAD
:108D000008D080EA010000F050B85FEA400C5FEA4A
:108D10001C6CF6D14FF00040A0F5800070470EF1BA
:108D2000020E2EF0030E5EF8044B244204D44FEAE8
:108D30004102B2F17F4F11D84FEA4003B3F17F4FA8
:108D40000CD80ED14FEAD07CB2F17F4F0CEB4C0C1B
:108D50000CF1020C08BF4CEBD17C04E04FF0080C86
:108D600001E04FEAD17C0CEB4C0324FA03F404F04D
:108D70000704B4F1040C06D20EEB840CBDE81040DD
:108D80004CF0010C6047DFE80CF0070802024FF0DE
:108D90000040A0F5800010BD0846420018BFD2F187
:108DA000807288BF00F0004010BDFF2141EAD05022
:108DB000C005704751EA000C00F113801CF5000F4C
:108DC00058BFBCF5000F01D48142704707D711F599
:108DD000000F58BF10F5000F15D48142704789422B
:108DE00070471CF5000F04D5BCF5000FF7D588427D
:108DF00070474FF0807C1CEB410F38BF1CEB400FDD
:108E000001D28842704780EA010081EA000180EACD
:108E10000100FFF7F8BE80F0004090EA010F7FF5F7
:108E20001CAD81F0004100F008B8000090EA010F8D
:108E300048BF81F000413FF510AD421A04D882F0DE
:108E40000042A0EB020011444FEAD0524FF07F4C99
:108E50001CEA410FA2EBD15318BF9CEA026F4AD023
:108E60004FF0004C4CEA00204CEA012121FA03FCAF
:108E7000B0EB0C0C0FD412F0FE0F36D05FEA4C00B2
:108E80001DD5001240EBC25038BF70471CF03F0F99
:108E900018BF70470BE0A2F101025FEA1C2040EB13
:108EA000C25038BF70471CF07F0F18BF7047C3F126
:108EB0002003994014BF401E20F001007047800835
:108EC0004FEA122308BF7047B0FA80FCA2EB0C02F5
:108ED000CCF1280C60FA0CF093EA122F04BF00EBDF
:108EE000C25070474FEAC3707047130A5FEADC1044
:108EF00008BF7047F6E79CEA026F04D010EA5C0FE7
:108F000008BF0020704710B5FFF709FF40DFF63EAD
:108F100081F0004070470000EC9200080000000063
:108F20000000000000000000000000000008000039
:108F3000180000000000000000000000D4920008AB
:108F40000000000000000000000000000000000021
:108F500000080000180000000000000000000000F1
:108F6000E092000800000000000000000000000087
:108F700000000000000800001800000000000000D1
:108F80000000000002030405060708090A0B0C0D87
:108F90000E0F1010010202030405060708090A0B50
:108FA0000C0D0E0F10100102000000000000000068
:108FB000010203040607080900000000010203047F
:108FC0000B0A0E01000000000000000000002F004E
:108FD0000000000700070000147F147F1400242AFB
:108FE0007F2A12006264081323003649552250007C
:108FF000000503000000001C224100000041221C6B
:10900000000014083E08140008083E08080000008C
:10901000A060000008080808080000606000000068
:109020002010080402003E5149453E0000427F40A6
:1090300000004261514946002141454B310018145E
:10904000127F10002745454539003C4A4949300008
:109050000171090503003649494936000649492985
:109060001E000036360000000056360000000814CE
:1090700022410000141414141400004122140800AA
:10908000020151090600324959513E007C12111269
:109090007C007F49494936003E41414122007F41E1
:1090A00041221C007F49494941007F09090901000B
:1090B0003E4149497A007F0808087F0000417F410E
:1090C00000002040413F01007F08142241007F4002
:1090D000404040007F020C027F007F0408107F00A8
:1090E0003E4141413E007F09090906003E415121B0
:1090F0005E007F09192946004649494931000101AE
:109100007F0101003F4040403F001F2040201F00E2
:109110003F4038403F00631408146300070870089C
:109120000700615149454300007F41410000552A35
:10913000552A55000041417F00000402010204004D
:1091400040404040400000010204000020545454BC
:1091500078007F4844443800384444442000384470
:1091600044487F00385454541800087E0901020016
:1091700018A4A4A47C007F080404780000447D4067
:1091800000004080847D00007F10284400000041E2
:109190007F4000007C04180478007C0804047800F8
:1091A000384444443800FC2424241800182424188B
:1091B000FC007C0804040800485454542000043F78
:1091C000444020003C4040207C001C2040201C00EB
:1091D0003C4030403C004428102844001CA0A0A083
:1091E0007C004464544C44141414141414000000FF
:1091F00000080140100001010008014020000101A9
:109200000008014000010101000C01408000010143
:10921000000C014004000101000C0140100001019C
:10922000000C014020000101000C0140000101017F
:10923000000C014000100101000C01400020010160
:10924000000C014000400001000C014000800001C2
:1092500000100140004001000010014000800100AA
:1092600000100140002000010506FFFFFFFF000085
:109270001C010020000000001C0100200400000070
:1092800000000000000000000000000000000000DE
:1092900064010020000000006401002004000000C0
:1092A0006401002008000000640100200C000000A0
:1092B000AC010020000000000000000000000000E1
:1092C0000000000000000000AC0100200C000000C5
:1092D00000010100757365725461736B5F310000AA
:1092E000757365725461736B5F320000646566610B
:1092F000756C745461736B001893000800000020B3
:10930000C400000028010008DC930008C40000200D
:10931000AC4800004401000800000000000000000C
:10932000000000000000000010000000010000002C
:1093300000127A00000000000000000000000000A1
:10934000000000000000000000000000000000001D
:10935000000000000000000000000000000000000D
:1093600000000000000000000000000000000000FD
:1093700000000000000000000000000000000000ED
:1093800000000000000000000000000000000000DD
:1093900000000000000000000000000000000000CD
:1093A0000000000000000000AAAAAAAA0000000015
:1093B00000000000000000000000000000000000AD
:1093C00000000000F40100203C0200208402002084
:0C93D00000000000000000000000000091
:04000005080000ED02
:00000001FF
