:020000040800F2
:10000000E84800203D020008ED570008755200083E
:10001000E9570008A9190008B568000800000000A9
:10002000000000000000000000000000A501000822
:100030006323000800000000E9010008015F0008D8
:10004000570200085702000857020008570200082C
:10005000570200085702000857020008570200081C
:10006000570200085702000857020008570200080C
:100070005702000857020008AD190008BD19000812
:10008000CD190008DD1900085702000857020008C2
:1000900057020008570200085702000857020008DC
:1000A000570200089D5F0008570200085702000829
:1000B00057020008570200085702000857020008BC
:1000C00057020008570200085702000857020008AC
:1000D000570200088568000895680008A5680008B0
:1000E00057020008570200085702000800F002F803
:1000F00000F048F80AA090E8000C82448344AAF17A
:100100000107DA4501D100F03DF8AFF2090EBAE877
:100110000F0013F0010F18BFFB1A43F0010318473B
:10012000BCB60000DCB60000103A24BF78C878C125
:10013000FAD8520724BF30C830C144BF04680C60ED
:10014000704700000023002400250026103A28BF35
:1001500078C1FBD8520728BF30C148BF0B60704739
:100160001FB500F021FD0400002000210AF0DEFA96
:10017000401C6060002000210AF0C2FAE0601FBD50
:1001800010B510BD00F034FA1146FFF7E9FF07F093
:10019000E9FE00F07BFA03B4FFF7F2FF03BC00F0C6
:1001A00079FD0000224B19680868B0E8F00F80F371
:1001B0000988BFF36F8F4FF0000080F311884EF075
:1001C0000D0E70470000000006480068006880F3CC
:1001D000088862B661B6BFF34F8FBFF36F8F00DF41
:1001E00000BF00BF08ED00E0EFF30980BFF36F8FA1
:1001F0000F4B1A6820E9F00F106008B54FF050005F
:1002000080F31188BFF34F8FBFF36F8F09F0ACFB02
:100210004FF0000080F31188BDE8084019680868B5
:10022000B0E8F00F80F30988BFF36F8F704700BF0D
:100230001C000020EFF3058070470000094880474C
:1002400009480047FEE7FEE7FEE7FEE7FEE7FEE7B8
:10025000FEE7FEE7FEE7FEE704480549054A064BD0
:10026000704700009B5F0008ED000008E842002096
:10027000E8480020E8440020E8440020B2F12003D0
:100280000AD5C2F1200320FA02F001FA03F321FAA1
:1002900002F140EA0300704721FA03F04FF0000139
:1002A0007047401ECAB210F8011F8A4202D00029CE
:1002B000F9D10020704710B5431C02E010F8011B73
:1002C00071B18107FAD14FF0013202C88C1A8C4308
:1002D00014EAC211F9D0C01A0A0603D0C01E10BD1C
:1002E000C01A10BD0A0401D0801E10BD0902FCD046
:1002F000401E10BD032A40F2308010F0030C00F0C5
:10030000158011F8013BBCF1020F624498BF11F84F
:1003100001CB00F8013B38BF11F8013BA2F1040208
:1003200098BF00F801CB38BF00F8013B11F0030380
:1003300000F02580083AC0F0088051F8043B083AE4
:1003400051F804CBA0E80810F5E7121D5CBF51F886
:10035000043B40F8043BAFF30080D20724BF11F800
:10036000013B11F801CB48BF11F8012B24BF00F865
:10037000013B00F801CB48BF00F8012B704710B5D6
:10038000203AC0F00B80B1E81850203AA0E818508D
:10039000B1E81850A0E81850BFF4F5AF5FEA027C4E
:1003A00024BFB1E81850A0E8185044BF18C918C0BD
:1003B000BDE810405FEA827C24BF51F8043B40F85E
:1003C000043B08BF7047D20728BF31F8023B48BF43
:1003D00011F8012B28BF20F8023B48BF00F8012B81
:1003E000704702F0FF0343EA032242EA024200F0B0
:1003F00084B84FF0000200B5134694469646203963
:1004000022BFA0E80C50A0E80C50B1F12001BFF4CD
:10041000F7AF090728BFA0E80C5048BF0CC05DF833
:1004200004EB890028BF40F8042B08BF704748BF81
:1004300020F8022B11F0804F18BF00F8012B7047F5
:100440004FF0013C50F8042B51F8043B9A4221D163
:10045000A2EB0C03934313EACC1317D150F8042BEF
:1004600051F8043B9A4215D1A2EB0C03934313EAD3
:10047000CC130BD150F8042B51F8043B9A4209D10C
:10048000A2EB0C03934313EACC13DBD04FF0000034
:10049000704700BFD01A01BAB1FA81F101F018011A
:1004A00022FA01F0CB40C1F12001DBB2C0B2C01A88
:1004B0002CFA01F3D11A914311EAC311E6D1704726
:1004C00070477047704710B500F038F8006810BDED
:1004D00010B5044600F032F8046010BD7CB5054646
:1004E00000236846CDE9003300F04AF86946284603
:1004F00007F038F97CBD4FF000020429C0F01280EB
:1005000010F0030C3FF477AFCCF1040CBCF1020FF8
:1005100018BF00F8012BA8BF20F8022BA1EB0C019B
:10052000FFF769BF5FEAC17C24BF00F8012B00F828
:10053000012B48BF00F8012B7047000000487047AE
:10054000844200200FB4002300B589B00CA90091AB
:100550000B99CB60214B7B440693214B7B44079343
:1005600004236FF00042CDE901321E4A7A446B4603
:100570000892024600200AF0C1FE09B05DF814FBA3
:1005800070B506464FF0FF3015460C46324686B031
:100590000091CDE9010169460020049004A8FFF70D
:1005A000D1FF02460498211825B108B1084600E0A1
:1005B00020462860049800280DD0002A02DD00980B
:1005C000884208D03246081B69460094CDE90104F0
:1005D00004A8FFF7B7FF06B070BD0000F3000000ED
:1005E0000B010000CB00000000487047844200204F
:1005F0007546FFF7F9FFAE4605006946534620F001
:100600000700854618B020B5FFF726FEBDE820405C
:100610004FF000064FF000074FF000084FF0000BBE
:1006200021F00701AC46ACE8C009ACE8C009ACE871
:10063000C009ACE8C0098D46704710B5044600F00B
:100640002FF80068005D00F0010010BD426842B163
:10065000016811F8013B23B1521EC0E9001218468F
:1006600070470121C160881E704742685AB1C36853
:10067000016843B983688B4205D0491E521CC0E90A
:100680000012002070474FF0FF30704710B504464D
:10069000AFF300802046BDE81040FFF77CBD0000AE
:1006A00010B500F081FA001D10BD00BF81A0000050
:1006B0002DE9FF4F06468BB00878FF2806D0491C6D
:1006C0002D2805D000244FF0000908E000200CE0A0
:1006D0000124F8E709EB8903491C00EB430908787A
:1006E000FF28F7D114B1C9F1000081461078002528
:1006F0002C46AA4629462D2801D02B2804D1521C6D
:100700002D2813D0002082468B461078FF280FD06A
:100710004FF0000C0A21521CA5FB017804FB01815B
:1007200005FB0C11C5194BEB0104EEE70120EAE7CC
:10073000002108464FF00000BAF1000F02D000EB94
:1007400080004008C0F38157012F01DD4FF0FF37D3
:100750000E9955EA040009EB01080BD04FF002098D
:1007600018F5FA7F16DA4FEACA70002F706008DDBC
:10077000012007E04FEACA70C6E900B00FB0BDE83B
:10078000F08F00203060FFF7D9FEC0F800901821EC
:10079000084616E0B8F5FA7F18DD002F02DAF748B0
:1007A000784401E0F6487844D0E90010C6E900102A
:1007B00040EACA707060FFF7C1FEC0F800901421D3
:1007C00008460FB0BDE8F04F0AF00FBD0021084603
:1007D0004FF00000B8F10001099002DAC7F1000201
:1007E00000E03A4601DAC8F1000106A800F0E0F99D
:1007F00006AB93E8070003AB83E8070044F23E0032
:100800005BEA04010090584604D144F21E012C46D4
:100810005D460091210C0904014306D1009924048E
:1008200044EA15442D041039009104F07F4101433E
:1008300006D10099240244EA15642D02083900917A
:1008400004F07041014306D10099240144EA157473
:100850002D01091F009104F04041014306D1009988
:10086000A40044EA9574AD00891E009104F0004193
:10087000084304D100986D196441401E00904FF068
:1008800001033A466846B8F1000FCDE9014503A9D6
:1008900002DD00F0DCFE01E000F0AFFEBAF1000F77
:1008A00004460D4601D084F00044002108464FF074
:1008B0000000099940F2FF77484010F00C0F07D173
:1008C00024F00040284303D0C4F30A50B84212D1A8
:1008D000FFF734FEC0F80090C4F30A50B8420AD1C2
:1008E000A8487844D0E90010C6E9001004F000419F
:1008F0000843706042E7C6E900543FE72DE9FF4F27
:100900001F464FF0000A4FF0FF38454691B0D7E937
:100910000146CDF83CA000F047F9C0680168405C92
:100920001090B96912986D1C8847396A81468847CA
:100930000028F6D1B9F1FF3F0AD0002E24F4D0648C
:1009400011DDB9F12B0F08D0B9F12D0F0BD102E059
:10095000404615B013E744F48064B96912986D1CE1
:100960008847761E8146600504A901D52D2000E048
:100970002B20002E01F1010B0DF130088DF8100035
:100980003FDDB9F1690F08D0B9F1490F05D0B9F1D0
:100990006E0F02D0B9F14E0F1CD13B4601A8009555
:1009A00080E85002DDE912126FF002000AF0AAFCA2
:1009B000C11CCED10EE0B96912986D1C88478146E2
:1009C0001398761E44F4007405600F98401C002EA6
:1009D0000F9016DDB9F1300FEDD0B9F1780F02D0DC
:1009E000B9F1580F0DD10F9801280AD13B46CDE936
:1009F0000054DDE91212001F02960AF081FCC11CAE
:100A0000A7D1109989453ED144F0800406E013999E
:100A1000681CAAF1010A44F400740860B9696D1CED
:100A20001298761E884730288146F0D02BE0109926
:100A3000894505D1200603D4761E44F0800418E0D1
:100A4000484606F0B4FF08B3761E0DF123018B452E
:100A500044F4007408D2A9F130000BF8010B200611
:100A600007D5AAF1010003E0200602D40AF1010033
:100A70008246A00502D51399681C0860B9691298CE
:100A80006D1C88478146002ED1DC53E0002E51DDDD
:100A9000B9F1650F02D0B9F1450F4BD1A00549D589
:100AA000B9696D1C1298761E24F440748847002E94
:100AB00081460CDD2B2804D0B9F12D0F07D144F469
:100AC0008074B96912986D1C8847761E8146E005CE
:100AD00001D52D2100E02B2108F8011BCDF8008065
:100AE00021E0761E0DF13901884544F400740CD2E2
:100AF000A9F1300010F0FF0088F8000002D1009941
:100B0000884509D908F1010806E0E00501D51E482D
:100B100001E042F20F708246B96912986D1C884755
:100B2000814613980560002E04DD484606F03FFF1D
:100B30000028D6D1F96912988847FF2053468BF8D0
:100B4000000088F8000000200A900B9004AA0CA96D
:100B50000AA8FFF7ADFDA00502D46FF00100F8E68A
:100B600014F0240F12D0E0071CD13868DDE90A1216
:100B7000031D3B600068C0E9001213E060B0000094
:100B800052B0000016AF0000F1D8FFFF0AA9684676
:100B900006F0E8FDE00705D13868009A011D3960CC
:100BA000006802602846D4E600487047A44200204E
:100BB0002DE9F047814616468AB0354878440DC87D
:100BC0008DE80D0032487844801C03AC0DC884E8E1
:100BD0000D0041F69B300844372190FBF1F290FB69
:100BE000F1F5A5F1800501FB12041B3C02D564421E
:100BF000012000E00020DFF898A080460027FA449A
:100C0000AAF1BE0A0EE0E0070AD03246684607EBBA
:100C1000470101230AEB810100F004FD8DE8070084
:100C200064107F1C002CEED1194F7F44AE3F19E0B9
:100C3000E80715D007EB04100DF1180A90E80E0034
:100C40008AE80E00C068F04201D198190890324637
:100C5000012306A903A800F0E5FC03AB83E8070025
:100C60006D10641C002DE3D14FF00103324669463C
:100C7000B8F1000F03A802D000F0AAFC01E000F0D8
:100C8000D1FCC9E90001C9F808200AB0BDE8F08725
:100C9000E0AB000001491820ABBEFEE726000200D1
:100CA0002DE9FF4F1F464FF03C0987B04FF000423F
:100CB000DDE9141001F10108DDF858A002EA405006
:100CC0000390002005908346054604460490B969C8
:100CD000461E08988847AAF1010A0290BAF1000F4F
:100CE0003BDD02982E2815D0102100F017FA0028BD
:100CF0002EDB4FF0010B0599014317D0B9F1000F1E
:100D00000BDB4A46C11700F0F6F905430C43A9F185
:100D1000040905E0012004900BE008B145F001054D
:100D200001200590049820B9361D02E0049800B116
:100D3000361FB969089808F101088847BBF1000F10
:100D4000AAF1010A0290C9D00999C1F80080C5E74B
:100D50000298702808D0502806D0F969089888476A
:100D6000BBF1000F14D04FE0002002900120BBF136
:100D7000000F049009D0B969089808F10108884764
:100D8000AAF10109B9F1000F07DCF9690898884751
:100D90006FF001000BB0BDE8F08F2B2804D02D2898
:100DA0000CD14FF0FF300490B969089808F10108A0
:100DB0008847A9F10109B9F1000FE6DD411CE4D033
:100DC0000A2100F0ABF90028DFDB029908F10108E5
:100DD00001EB810100EB41000290B9690898884756
:100DE0000A2100F09BF9099AA9F10109B9F1000F54
:100DF000C2F8008001DD0028E7DAF9690898884721
:100E00000499029800FB016655EA040004D004F03E
:100E10004041090002D006E0039898E0A40044EAAB
:100E20009574AD00B61E04F00041080002D16D19A2
:100E30006441761E159810F0240F03D04FF00B0973
:100E40005C4803E04FF028096FF07D00824656456C
:100E500007DAAAEB06018944B9F1410F01DD4FF031
:100E6000410901200021A9F1010200F044F90246E4
:100E700028400B462140084301D0012100E0002119
:100E8000501E029143F1FF3128402140084301D018
:100E9000012000E000200299834651EA0B014FD067
:100EA000002108464FF00000039900F4400039B1DA
:100EB00000EB80004FF4400100EBD07001EA6000CD
:100EC0008015012802DD4FF0FF3000E013D0401CF8
:100ED00036D0029860B3BBF1000F0CD14A46012016
:100EE000002100F008F928402140084301D00120EA
:100EF00000E00020E0B101204A46002100F0FBF8AC
:100F0000034640190A4661412D1A8C4111D3B9F1AB
:100F1000400F09DD159810F0240F02D0AAF1340615
:100F200003E0AAF1170600E0761C00254FF000440C
:100F300006E05B1E42F1FF3220EA030521EA0204CB
:100F4000CAF10100B04206DA1B4903980843019038
:100F5000002000900EE0039AC4F3D321E80A0A436C
:100F6000164940EA44500A433146CDE9000268463A
:100F700006F012FD159810F0240F0BD01598C0073D
:100F800015D13868DDE90012031D3B600068C0E937
:100F900000120CE002A8694606F0E4FB1598C007B1
:100FA00005D13868029A011D396000680260404628
:100FB000F0E6000002FCFFFF0000F07F0000F03FC1
:100FC0002DE9FF4F92461D4685B04FF00041DDE907
:100FD000124BDDE914727F1E01EA4B50414940F08B
:100FE000FF4940EA0108002122F02000492804912D
:100FF00002D04E2828D04CE03BA0012607C88DE83F
:101000000700A9690698641C88477F1E014606D41C
:101010001DF8060018B121F0200181420BD0E969CA
:1010200006988847032E34D0082E32D06FF0010086
:1010300009B0BDE8F08F761C032E01D0082EE0D158
:10104000601CCAF80000DCE7A9690698641C8847A0
:101050007F1E2AD420F02000412826D1A9690698B5
:10106000641C88477F1E20D420F020004E281CD10D
:10107000A9690698641C88477F1E48F4002849F433
:101080008009CAF8004001D4282806D0E9690698EA
:1010900088475FEACB7012D022E0A9690698641CE9
:1010A00088477F1E01D4002803DAE969069888473B
:1010B000BCE72928F1D1641CCAF80040E9E71BF01D
:1010C000240F07D028680499031D2B600068C0E92D
:1010D000001805E02868021D2A600068C0F800902A
:1010E0002046A5E70000F07F494E46494E49545935
:1010F000000000007047B2F120030AD5C2F12003BE
:1011000001FA02F120FA03F300FA02F041EA0301C6
:10111000704700FA03F14FF0000070473A2800D200
:10112000303820F02002412A01D3A2F13700884252
:1011300001D34FF0FF30704720F07F4C80EA03006E
:1011400023F07F47ACEB070303F57C5300F000402E
:1011500003F1FF032DE980494FEA154B09B44FEA2B
:10116000144325EA0B4E24EA03480FF2042606EB4B
:10117000132749083E785FEA320203FB0667C7F58A
:10118000000707FB06F64FEA54374FEAD64606F14A
:10119000020607FB066CCCF1005C4FEA1C472CEA08
:1011A000074C07FB06F40CFB06F504EB15464FEA6B
:1011B000961634BF00204FF000404FEAD13706FBAF
:1011C00007FC4FEA1C4C0CFB0BF7D21B03FB0CF784
:1011D00061EB07010CFB0EF7B0EB074072EB174217
:1011E0000CFB08F734BFA2EB0742B2EB074261EBFE
:1011F00017414FEA0C444FEA910706FB07FC4FEA00
:101200001C4C0CFB0BF7B0EBC74072EB573203FBE7
:101210000CF734BFA2EBC742B2EBC74261EB5731C8
:101220000CFB0EF7B0EBC70072EB57720CFB08F724
:1012300034BFA2EBC702B2EBC70261EB5771039F49
:101240004FEA816141EA921104EBCC044FEAD137B5
:101250004FEA826206FB07FC42EA90124FEA806086
:101260004FEA1C4C0CFB0BF7D21B03FB0CF761EB9A
:1012700007010CFB0EF7B0EB074072EB17420CFBBB
:1012800008F734BFA2EB0742B2EB074261EB17410C
:101290004FEA8C554FEA910704EB9C2406FB07FCB0
:1012A0004FEA1C4C0CFB0BF7B0EBC74072EB57320C
:1012B00003FB0CF734BFA2EBC742B2EBC74261EBB2
:1012C00057310CFB0EF7B0EBC70072EB57720CFBFB
:1012D00008F734BFA2EBC702B2EBC70261EB57714C
:1012E00015EB4C254FEA816141EA92114FEA826287
:1012F0004FEAD13742EA901206FB07FC44F10004A2
:101300004FEA80604FEA1C4C0CFB0BF7D21B03FB2F
:101310000CF761EB07010CFB0EF7B0EB074072EB2B
:1013200017420CFB08F734BFA2EB0742B2EB0742AF
:1013300061EB174115EB1C154FEA813141EA9241EF
:101340004FEA823242EA90424FEA80304FEA0C760E
:1013500044F1000448EA03434EEA0B484FF0000E04
:10136000B2EB080C71EB030724BF624639464EEB23
:101370000E0E4FF0000B0018524149414BEB0B0B86
:10138000B2EB080C71EB03077BF1000B24BF624644
:1013900039464EEB0E0E4FF0000B001852414941FA
:1013A0004BEB0B0BB2EB080C71EB03077BF1000B63
:1013B00024BF624639464EEB0E0E51EA020718BFB3
:1013C00046F0010616EB0E7655F1000254F10001CD
:1013D00003D5BDE88901BDE80088BDE88901BDE805
:1013E0000048B619524141EB0101A3F101037047D6
:1013F00080807F7E7D7C7B7A797877767675747352
:10140000727171706F6E6E6D6C6C6B6A6A69686810
:10141000676666656464636362616160605F5F5EA6
:101420005E5D5D5C5C5B5B5A5A595958585757561C
:101430005655555554545353525252515150505081
:101440004F4F4F4E4E4D4D4D4C4C4C4B4B4B4A4AD3
:101450004A49494948484847474747464646454517
:101460004544444444434343434242424241414150
:1014700046EA0646A3F570534FEA164646EA425638
:101480004FEAD22242EA415210B54FEAD121A3F1EC
:10149000010300F02FF820F0004000F1020C00F0F2
:1014A000004701EB00501146BCF5006F40EA070011
:1014B00000D210BDBAF1000F0AD01CB503B44FF032
:1014C00004004FF004014FF000000FBCBDE81040D5
:1014D0004FF00001BBF1010FB9BF04484FF0FF31DD
:1014E0000348002140EA070010BD00BFFFFFEF7F67
:1014F0000000F07F002B9C4630D477002BD01CB529
:101500004FEA370703B44FF010004FF01001BAF163
:10151000000F06D0BCF1000FDCBF40F0080040F027
:1015200008014FF000000FBCBDE810400BF1010BAB
:10153000BBF1010F08BF5FEA170722BF12F10102DA
:1015400011F101014FF0004143F1000300F00040B0
:1015500043EA00007047F9D35708D0E746EA064649
:1015600013F1400F4FEA16461FDD13F1200FDFBFC6
:1015700016430A46002120335B42BED0C3F1200748
:1015800046EA064602FA07F74FEA164646EA070613
:10159000C3F1200722FA03F201FA07F721FA03F157
:1015A0004FF0000342EA0702A7E746EA020646EACE
:1015B00006464FEA164646EA0106BCBF46EA06461C
:1015C000360C4FF000034FF000024FF0000194E79B
:1015D0002DE9804C9A46934670B491E8380007C8CC
:1015E00031EA400C48BF34EA430C03D5FFF7A4FDB1
:1015F000FFF780FFF0BCBDE8008C2DE9804C9A46D7
:10160000934670B491E8380007C831EA400C48BFEF
:1016100034EA430C03D5FFF78FFDFFF729FFF0BC39
:10162000BDE8008C2DE9804C9A46934670B491E851
:10163000380007C810F0804F08BF13F0804F03D167
:1016400000F01AF8FFF756FFF0BCBDE8008C2DE95A
:10165000804C9A46934670B491E8380007C810F061
:10166000804F08BF13F0804F03D100F005F8FFF75B
:10167000FFFEF0BCBDE8008C20F07F4780EA03004D
:1016800023F07F4C07EB0C03A3F57C5300F00040E4
:10169000A3F1FE0392F0000F00F0B38095F0000F6D
:1016A00000F077802DE901494FEA11404FEA1446D6
:1016B00021EA004800FB06FC24EA064708FB06F680
:1016C00007FB08F800FB07F718EB06484CEB164C35
:1016D0004FEA124B18EB07484FEA15464CEB174000
:1016E00022EA0B4E0BFB06FC25EA06470EFB06F62C
:1016F00007FB0EFE0BFB07F71EEB064E4CEB164CE2
:101700004FF000061EEB074E4CEB174B18EB0B0887
:1017100040F1000018EB0E0B58EB000840F1000000
:101720008F1A4FF000013CBFC943661B14BFB5EBD5
:10173000040C00213CBFC943F61B4FEA17444EEA94
:101740008E0E27EA04454FEA1C4704FB07622CEA89
:10175000074C05FB07F70CFB05F604FB0CFC16EB2E
:10176000074642EB174216EB0C4642EB1C421BEBC2
:10177000060658EB0202414146EA9E0601D5BDE845
:101780000189B619524141EB0101A3F10103BDE802
:1017900001894FEA14454FEA114724EA054621EA38
:1017A000074C05FB07F406FB07F70CFB06F105FBEE
:1017B0000CFC11EB074144EB17444FEA124711EBC5
:1017C0000C4144EB1C4422EA074C05FB07F206FBE4
:1017D00007F70CFB06F605FB0CFC16EB074642EB85
:1017E000174216EB0C4642EB1C456A1854F10001F7
:1017F00048BF7047B619524141EB0101A3F1010303
:10180000704795F0000F37D04FEA11424FEA144766
:1018100021EA024624EA074C02FB07F106FB07F720
:101820000CFB06F402FB0CFC14EB074441EB1741E4
:101830004FEA154714EB0C4441EB1C4125EA074CD9
:1018400002FB07F506FB07F70CFB06F602FB0CFC98
:1018500016EB074645EB174516EB0C4645EB1C42CD
:10186000121951F1000148BF7047B619524141EBBE
:101870000101A3F1010370474FEA14454FEA1147F4
:1018800024EA054621EA074C05FB07F106FB07F7AA
:101890000CFB06F24FF0000605FB0CFC12EB0742B6
:1018A00041EB174112EB0C4251EB1C4148BF704712
:1018B000921841EB0101A3F10103704770B5044692
:1018C00000252068806800F0010018B32068806857
:1018D00020F001002168886001F0ECFE054613E06D
:1018E00001F0E8FE401B02280ED92068806800F055
:1018F000010048B1A06A40F01000A062E06A40F028
:101900000100E062012070BD2068806800F00100E5
:101910000028E5D10020F6E738B504460025002070
:1019200000902068806800F0010078BB2068806823
:1019300040F0010021688860194800681949B0FB2F
:10194000F1F0009002E00098401E009000980028FE
:10195000F9D101F0AFFE054619E001F0ABFE401BE6
:10196000022814D92068806800F0010078B9A06AC4
:1019700040F01000A062E06A40F00100E06200BFA9
:10198000002084F8240000BF012038BD05E0206855
:10199000806800F001000028DFD00020F5E700009B
:1019A0001800002040420F0000BFFEE710B50248BB
:1019B00001F0C0FA10BD0000F802002010B5024886
:1019C00001F0B8FA10BD0000B402002010B50248C2
:1019D00001F0B0FA10BD00003C03002010B5024831
:1019E00001F0A8FA10BD00008003002030B590F887
:1019F00040500124AC40C56B6C600468636044686F
:101A0000102C04D10468A2600468E16003E004685B
:101A1000A1600468E26030BD014609B9002070474A
:101A20001148807D08B90020F9E70F484078087018
:101A30000D48801C0268C1F801204268C1F80520E9
:101A40000089A1F8090009480A6802604A684260F2
:101A50000A8902818A7A82720020044AD072024A7C
:101A600090750120DBE700001841002004390020B8
:101A700000B500F001F800BD04480021016041609C
:101A800081600020024988757047000004390020F9
:101A9000184100202DE9F04104460D4616460C4839
:101AA0000021C160016181825DB10A2E01D90A2045
:101AB00000E0304607463A46294605480C30FEF716
:101AC00019FC2146002004F075F9BDE8F081000002
:101AD0001841002010B52148808C50B9204800786A
:101AE00030B10021082004F0ADF800201C49087036
:101AF00010BD1A48808C4FF6FF7188420AD11848F1
:101B0000007830B91749082004F09CF801201449E6
:101B10000870EDE71248007858B903F0C1FE124989
:101B200008601049082004F08DF801200C49087065
:101B3000DEE703F0B5FE04460B480068201A0749AB
:101B4000898C884208D30021082004F07BF800200B
:101B5000024988840249087000BFC9E7343900206F
:101B6000A00000200000C8429C00002010B503F037
:101B7000FBFE0021012000F0E5F80121002000F02B
:101B8000E1F800F095F800200549888405490870BF
:101B9000054908600021082004F054F810BD000039
:101BA00034390020A00000209C00002070B503F014
:101BB00077FE0646002474E0204600F0AFF80546A4
:101BC000002D57D0012004EB4401374A02F82100D0
:101BD00004EB4400354911F82000F0B9012004EB72
:101BE0004401324A02F8210004EB4400114601EBA3
:101BF00080004660002004EB440102EB8101087282
:101C000004EB4400284901EB80004068401C04EBD1
:101C10004401254A02EB8101486004EB440023495A
:101C200001EB8000007A20BB04EB44000A4602EB83
:101C300080004168304604F05FFEB0F57A7F2ED315
:101C4000012004EB4401194A02EB8101087204EB04
:101C50004401154A02EB8101487004EB440011462F
:101C600001EB80008068401C04EB440102EB810121
:101C7000886014E0002004EB44010B4A02F82100C4
:101C800004EB440102EB8101487004EB4401074A74
:101C900002F8210004EB440102EB81010872601C90
:101CA000C4B2032C88D370BD343900201039002011
:101CB00010B503F0F5FD0446002027E0002100EBFD
:101CC0004002144B03F8221000EB40011A4602EBCD
:101CD00081014C60002100EB400203EB8202117293
:101CE00000EB40020C4B03F8221000EB400203EB28
:101CF0008202517000EB400203EB8202516000EB64
:101D0000400203EB82029160411CC8B20328D5D384
:101D100010BD0000103900203439002010B50446F1
:101D2000204600F005F808B9012010BD0020FCE7AE
:101D300010B504460249085D03F0DAFD10BD00004D
:101D4000E0B3000870B504460D460DB9012000E06F
:101D5000002006460249085D314603F0E3FD70BDF0
:101D6000E3B3000810B504460CB9002010BD0B48C1
:101D7000C07F48B9094890F8200028B9074890F872
:101D8000210008B90020F1E7242204492046FEF78B
:101D9000F6FA0020024908700120E7E75C390020CC
:101DA000A100002010B500F007F80249012004F05E
:101DB00043F810BD956D000810B524210748FEF7C3
:101DC00018FB60210648FEF714FB00200549087047
:101DD000054908700549087010BD00005C390020F5
:101DE00080390020A1000020A2000020A3000020D4
:101DF00010B504461CB1064890F8340008B900201C
:101E000010BD142202492046FEF7B9FA0120F7E777
:101E1000E03D002010B538211348FEF7EAFA002013
:101E2000124908601249087000236B22D02101205A
:101E300003F07AFE07231922D021012003F074FE5B
:101E400006231A22D021012003F06EFE00231B225C
:101E5000D021012003F068FE00231C22D0210120A4
:101E600003F062FE10BD0000E03D0020A80000204D
:101E7000AC00002000B585B00E2001AB3B22D02184
:101E80000090012003F006FE01A805F01BF805F004
:101E900087F805B000BD000000200CE0002106E03E
:101EA0000022064B03EBC0135A544A1CD1B28029BE
:101EB000F6D3411CC8B20828F0D37047E03900209F
:101EC00010B5044624B90021A62005F033F903E03B
:101ED0000021A72005F02EF910BD000010B500214B
:101EE0008D2005F027F90021102005F023F90021AD
:101EF000AE2005F01FF900200149087010BD000058
:101F0000A400002010B500218D2005F013F9002158
:101F1000142005F00FF90021AF2005F00BF9012086
:101F20000149087010BD0000A400002010B504464F
:101F300044B90021C82005F0FDF80021A12005F0DA
:101F4000F9F807E00021C02005F0F4F80021A020F6
:101F500005F0F0F810BD0000F0B50B46D90803F00D
:101F600007050126AE40F4B24AB10A4E06EBC1168F
:101F7000365C2643074F07EBC1173E5408E0054E79
:101F800006EBC116365CA643024F07EBC1173E5461
:101F9000F0BD0000E039002010B503F065FD002120
:101FA000AE2005F0C7F80021084605F0C3F800216F
:101FB000102005F0BFF80021402005F0BBF80021FB
:101FC000812005F0B7F80021CF2005F0B3F80021FB
:101FD000A12005F0AFF80021C82005F0ABF80021E2
:101FE000A62005F0A7F80021A82005F0A3F80021FD
:101FF0003F2005F09FF80021D32005F09BF8002139
:10200000084605F097F80021D52005F093F8002147
:10201000802005F08FF80021D92005F08BF80021F1
:10202000F12005F087F80021DA2005F083F800217F
:10203000122005F07FF80021DB2005F07BF800215D
:10204000302005F077F80021202005F073F80021FA
:10205000022005F06FF800218D2005F06BF80021BB
:10206000142005F067F8FFF717FF0021AF2005F0F7
:1020700061F8FFF747FF0020FFF722FF0020FFF77E
:1020800055FF10BD38B5002419E004F1B001C8B205
:10209000002105F04FF80021084605F04BF800211B
:1020A000102005F047F880200090064800EBC4138C
:1020B00040227821002003F065FD601CC4B2082C8A
:1020C000E3D338BDE03900202DE9F84F06460F462E
:1020D00090469946B8F1200F02DBB8F17E0F01DD82
:1020E0004FF02008A8F1200000F0FF0A002444E08F
:1020F0000AEB4A00234901EB400010F804B0002528
:1021000037E04BFA05F000F0010008B1484605E061
:10211000B9F1000F01D1012000E00020009007EB91
:102120004502D1B206EB4402D0B2009AFFF714FF89
:1021300007EB4502D1B206EB4402521CD0B2009A22
:10214000FFF70AFF07EB4502521CD1B206EB44022F
:10215000D0B2009AFFF700FF07EB4502521CD1B244
:1021600006EB4402521CD0B2009AFFF7F5FE681C41
:10217000C5B2082DC5D3601CC4B2062CB8D3BDE8C7
:10218000F88F0000E5B300082DE9F04F07468846B8
:1021900015469946202D01DB7E2D00DD2025A5F179
:1021A000200000F0FF0A00242AE00AEB4A0016494A
:1021B00001EB400010F804B000261DE00BF0010018
:1021C00040B108EB0602D1B23A19D0B24A46FFF745
:1021D000C3FE0DE0B9F1000F01D1012300E000239F
:1021E0001A4608EB0603D9B23B19D8B2FFF7B4FE82
:1021F0004FEA6B0B701CC6B2082EDFD3601CC4B252
:10220000062CD2D3BDE8F08FE5B300082DE9FF4FCF
:1022100085B016461F46059D0021304608F07CFD1E
:102220000AD201232D2228460699FFF74DFF05F11A
:102230000C00C5B286F00046304608F021FD044689
:1022400039460A2004F044FF8246504608F050FD0B
:102250000290204608F04CFD3146009008F0BEFE8A
:102260000190029908F08CFD4FF07C51039008F02A
:10227000B5FB049008F004FD8046D04502D3641CF1
:102280004FF00008A3464FF0010906E00A20BBFB0F
:10229000F0FB09F1010000F0FF09BBF10A0FF5D2D4
:1022A0004B4622462846069904F01DFF09EB4900DB
:1022B00005EB8000C5B29FB101232E222846069966
:1022C000FFF702FF05F10C00C5B23B464246284627
:1022D000069904F008FF07EB470005EB8000C5B244
:1022E000284609B0BDE8F08F2DE9F047064688463C
:1022F00017461D4600241AE0281B401EC1B20A20C2
:1023000004F0E6FEB7FBF0F00A21B0FBF1F201FBAE
:10231000120909F13001CAB204EB440106EB410194
:10232000C8B201234146FFF72FFF601CC4B2AC4284
:10233000E2DBBDE8F0872DE9F04105468846164608
:102340002F46344608E02278012341463846FFF7FD
:102350001BFFB81DC7B2641C20780028F3D1BDE86C
:10236000F081704772B600BFFEE700000021074A07
:10237000D1610749096941F00401054A116111461B
:10238000096941F04001116170470000100400200C
:10239000002002400021074AD1610749096941F044
:1023A0000201054A116111464861096941F0400185
:1023B0001161704710040020002002400022054BEC
:1023C000DA61054A126942F00102034B1A61018089
:1023D00070470000100400200020024000201E4929
:1023E000C96801F0100139B11C49C96941F0020105
:1023F0001A4AD16140F010001749C96801F0040180
:1024000039B11649C96941F00101144AD16140F05E
:1024100004001149C96901F0010169B10F49C96995
:1024200041F004010D4AD16100BF0B49C96921F097
:102430000101094AD16100BF00BF40F20111884289
:1024400006D10549C96921F00101034AD16101E0C2
:102450000149C86000BF70470020024010040020FE
:1024600070B5044601F026F9054609E0601C38B154
:1024700024B101F01FF9401BA04201D9032070BD17
:102480001248C06800F001000028EFD10F48C06872
:1024900000F0200020B100BF20200C49C86000BF20
:1024A0000A48C06800F0100048B90848C06900F048
:1024B000010020B90548C06800F0040018B1FFF71A
:1024C0008DFF0120DBE70020D9E70000002002405B
:1024D00010B558210C48FDF78CFF09200A490870F7
:1024E0000A20C8720B2088750C2081F82100132067
:1024F00081F82C00142081F83700152081F8420063
:10250000162081F84D0010BD704100203EB503F04B
:102510009DFC6846FFF780FA00B93EBD9DF80000BB
:10252000132803D39DF80000162800D9F5E79DF87D
:1025300000000F38C4B204EB440000EBC40037497C
:102540000844DDF8011040F8011FDDF80510416076
:10255000BDF8091001813149D1F82D0004F0ACF922
:102560002F4988642D49D1F8310004F0A5F92C4990
:10257000C8642A4890F8350081F84400274890F84C
:102580003610274841652549886B04F095F92449A0
:1025900088652249C86B04F08FF92149C8651F4836
:1025A00090F840101E4801661C4890F841101C48E5
:1025B00041661A49D1F8430004F07EF9184988664B
:1025C0001649D1F8470004F077F91549C866134851
:1025D00090F84B1012480167104890F84C101048C2
:1025E00041670E49D1F84E0004F066F90C4988673E
:1025F0000A49D1F8520004F05FF90949C867074851
:1026000090F856100648C0F88010044890F857100B
:102610000348C0F8841000BF7FE70000704100202D
:10262000C841002010B5324840683249C1F8010065
:102630002F4881682F48C0F805102D48017B2D4890
:1026400041722B48017C2B488172294841692948F5
:10265000C16027488169274801612548017F2548D5
:102660000175234890F82010224841752048416A9E
:102670002048C0F817101E48816A1E48C0F81B1079
:102680001B4890F82C101B48C177194890F830105F
:10269000184880F820101648416B1648C0F82210E0
:1026A0001348816B1348C0F82610114890F83C106D
:1026B000104880F82A100E4890F840100D4880F815
:1026C0002B10002410E004EB440202EBC402094B7F
:1026D0001A44511C04EB440202EBC402985C0A2227
:1026E000FFF7D8F9601CC4B2042CECD310BD000075
:1026F000C84100207041002010B5FFF707FFFFF729
:1027000091FF10BDF8B5044600260020009000BFE0
:1027100094F82400012801D10220F8BD012084F89A
:10272000240000BF2046FFF7C9F806462046FFF701
:10273000F3F80646002E69D1A06A20F4885040F0D4
:102740000200A062022001F0CDF834490968B1FB13
:10275000F0F04000009002E00098401E00900098C9
:102760000028F9D12068806840F00800216888605E
:1027700000F0A0FF054616E000F09CFF401B0A2871
:1027800011D92068806800F0080060B1A06A20F0CC
:10279000020040F01000A06200BF002084F8240076
:1027A00000BF0120B9E72068806800F00800002819
:1027B000E2D12068806840F004002168886000F061
:1027C00079FF054616E000F075FF401B0A2811D975
:1027D0002068806800F0040060B1A06A20F0020068
:1027E00040F01000A06200BF002084F8240000BF69
:1027F000012092E72068806800F004000028E2D100
:10280000A06A20F0020040F00100A06200BF00209A
:1028100084F8240000BF30467FE700001800002045
:1028200038B5024600230020009000BF92F8240033
:10283000012801D1022038BD012082F8240000BF08
:102840004868072812D21068406B0C79641E04EBAC
:1028500084051F24AC40A0430D796D1E05EB850552
:102860000C68AC4020431468606327E048680D287A
:1028700012D21068006B0C79E41F04EB84051F244E
:10288000AC40A0430D79ED1F05EB85050C68AC400D
:1028900020431468206311E01068C06A0C790D3C75
:1028A00004EB84051F24AC40A0430D790D3D05EBDE
:1028B00085050C68AC4020431468E06208680A286B
:1028C00012D31068C0680C780A3C04EB4405072456
:1028D000AC40A0430D780A3D05EB45058C68AC4043
:1028E00020431468E0600FE0106800690C7804EB86
:1028F00044050724AC40A0430D7805EB45058C68E2
:10290000AC402043146820610868102802D0086891
:10291000112827D1174C1068A0421ED1106880687A
:1029200000F40000F0B91068806840F400001468FA
:10293000A0600868102815D10F4800680F4CB0FB44
:10294000F4F000EB80004000009002E00098401E90
:10295000009000980028F9D104E0906A40F020002F
:102960009062012300BF002082F8240000BF1846B7
:1029700061E70000002401401800002040420F00E1
:1029800001460868C06C70472DE9F04104460027F5
:1029900000250026A84614B90120BDE8F081A068F2
:1029A00010B1207D00B100BFA06A30B90020E06204
:1029B00084F82400204600F089F82046FEF77EFFC8
:1029C0000746A06A00F01000002873D1002F71D1D3
:1029D000A06A20F4885040F00200A062E1696068BB
:1029E0000843217B40EA41000643A068B0F5807FA0
:1029F00002D0A068012802D14FF4807000E00020CE
:102A00000543207D012811D1207B38B9A069401EE3
:102A10004FF4006141EA4030054307E0A06A40F00E
:102A20002000A062E06A40F00100E0622068406897
:102A300020F4694028432168486020688068214963
:102A40000840304321688860A068B0F5807F02D0DC
:102A5000A068012802D14FF4807000E00020B0F59A
:102A6000807F03D1208A401E4FEA00582068C06A48
:102A700020F4700040EA08002168C862206880687D
:102A800011490840B04208D10020E062A06A20F05D
:102A9000020040F00100A06211E0A06A20F00200F4
:102AA00040F01000A062E06A40F00100E0620127FF
:102AB00005E0FFE7A06A40F01000A0620127384659
:102AC0006BE70000FDF7E1FFFE0E1FFF10B586B0BB
:102AD0000446002002900390049005901449206859
:102AE000884222D100BF1348806940F40070114928
:102AF00088610846806900F40070019000BF00BF43
:102B000000BF0846806940F004008861084680697B
:102B100000F00400019000BF00BF012002900320DC
:102B2000039002A9044800F027FC06B010BD000085
:102B3000002401400010024000080140F8B504469E
:102B40000D46002600200090002700F0B3FD064649
:102B50002068806800F4807050B1A06A40F02000C6
:102B6000A06200BF002084F8240000BF0120F8BD4F
:102B70002068406800F4807020BB2068C06A00F4C0
:102B80007000F8B917E0681CA8B125B100F092FDFB
:102B9000801BA8420FD92068006800F0020050B9DD
:102BA000A06A40F00400A06200BF002084F8240066
:102BB00000BF0320DBE72068006800F00200002867
:102BC000E1D053E0022000F08DFE38490968B1FBE6
:102BD000F0F021680969364A114091B92168C96845
:102BE0009211114069B921680969324A114031B91D
:102BF0002168C9689211114009B9142117E02921EF
:102C000015E0216809692B4A114021B92168C9687A
:102C10009211114041B121680969274A114029B92F
:102C20002168C968114009B9542100E0FC2100FB6A
:102C300001F718E0681C98B125B100F03BFD801B3E
:102C4000A8420DD90098B8420AD2A06A40F0040008
:102C5000A06200BF002084F8240000BF032086E7A4
:102C60000098401C00900098B842E3D36FF0120027
:102C700021680860A06A40F40070A0622068806843
:102C800000F46020B0F5602F0DD1207B58B9A06A08
:102C900020F48070A062A06A00F4805018B9A06A85
:102CA00040F00100A062002061E700001800002051
:102CB00024499224922449124992240070B5044672
:102CC000002500BF94F82400012801D1022070BD26
:102CD000012084F8240000BF2046FEF71DFE0546B3
:102CE000002D77D1A06A40F20121884340F4807022
:102CF000A0623C492068884208D13B48006800F443
:102D0000702008B9012002E0002000E0012078B125
:102D1000A06A20F48010A0622068406800F48060FF
:102D200000B3A06A20F4005040F48050A06219E083
:102D3000A06A40F48010A0622B49091F20688842D5
:102D400003D028492068884204D12748006800F44D
:102D5000806000E0002028B1A06A20F4005040F418
:102D60008050A062A06A00F4805020B1E06A20F098
:102D70000600E06201E00020E06200BF002084F86D
:102D8000240000BFC01E216808602068806800F42D
:102D90006020B0F5602F16D112492068884208D112
:102DA0001148006800F4702008B9012002E00020FA
:102DB00000E0012038B12068806840F4A00021685C
:102DC00088600CE006E02068806840F4801021688C
:102DD000886004E000BF002084F8240000BF28467B
:102DE00075E70000002801400424014070B5044646
:102DF000002500BF94F82400012801D1022070BDF5
:102E0000012084F8240000BF2046FEF757FD054648
:102E10002DB9A06A20F4885040F00100A06200BFE4
:102E2000002084F8240000BF2846E8E7014600227D
:102E300091F82100022808D00420886300BF0020F8
:102E400081F8200000BF012070470868006820F06A
:102E50000E000B6818600868006820F001000B681D
:102E6000186091F8403001209840CB6B58600120E9
:102E700081F8210000BF002081F8200000BF10462B
:102E8000E2E7000070B50446002594F8210002280E
:102E900003D00420A063012548E02068006820F0EA
:102EA0000E00216808602068006820F00100216899
:102EB00008601F492068884201D1012026E01C4992
:102EC00014312068884201D110201FE018492831B0
:102ED0002068884201D1801518E015493C312068EE
:102EE000884201D1801411E0114950312068884294
:102EF00002D14FF4803009E00D49643120688842E6
:102F000002D14FF4801001E04FF080700849083979
:102F10004860012084F8210000BF002084F82000D0
:102F200000BF606B10B12046616B8847284670BDBA
:102F30000800024070B50446E06B0568206806682A
:102F400094F84010042088402840002846D006F01D
:102F50000400002842D02068006800F0200028B952
:102F60002068006820F00400216808605749206844
:102F7000884201D1042027E0544914312068884256
:102F800001D1402020E0514928312068884201D1F8
:102F9000001519E04D493C312068884202D14FF4B8
:102FA000804011E0494950312068884202D14FF4F5
:102FB000802009E0454964312068884202D14FF4FD
:102FC000800001E04FF08060404908394860E06AC5
:102FD00000287AD02046E16A884776E094F84010CD
:102FE000022088402840A0B306F0020088B3206881
:102FF000006800F0200040B92068006820F00A0056
:1030000021680860012084F8210030492068884246
:1030100001D1022028E02D4914312068884201D1D5
:10302000202021E0294928312068884201D140151B
:103030001AE026493C312068884202D14FF4005002
:1030400012E0224950312068884203D14FF4003009
:103050000AE017E01D4964312068884202D14FF42C
:10306000001001E04FF0007018490839486000BFB7
:10307000002084F8200000BFA06A30B32046A16A77
:10308000884722E094F84010082088402840E0B1AA
:1030900006F00800C8B12068006820F00E00216822
:1030A000086094F8401001208840E16B48600120DE
:1030B000A06384F8210000BF002084F8200000BF36
:1030C000206B10B12046216B884770BD080002407C
:1030D0000146002209B901207047164B0868C01A42
:1030E0001423B0FBF3F08000086412480838C8636A
:1030F000022081F821000868026843F6F0708243DC
:10310000D1E901031843CB6818430B6918434B6995
:1031100018438B691843CB6918430243086802605F
:1031200000208863012081F82100002081F8200020
:1031300000BFD1E7080002402DE9F04104460D46EA
:1031400016461F464FF0000800BF94F820000128E3
:1031500002D10220BDE8F081012084F8200000BFE8
:1031600094F8210001282CD1022084F821000020AD
:10317000A0632068006820F00100216808603B46D9
:10318000324629462046FEF731FCE06A30B120681D
:10319000006840F00E00216808600BE020680068BD
:1031A00020F00400216808602068006840F00A00F0
:1031B000216808602068006840F00100216808600C
:1031C00006E000BF002084F8200000BF4FF0020896
:1031D0004046BFE72DE9F04104460E460127002591
:1031E00000BF2648007E012802D10220BDE8F08100
:1031F00001202249087600BF2068022813D14CF232
:103200005030FFF72DF990BB0120FFF7AFF84CF2DB
:103210005030FFF725F907461948006920F00400EF
:103220001749086123E04CF25030FFF719F9F0B963
:103230004FF0FF303060A56812E02846FFF7AAF88B
:103240004CF25030FFF70CF907460D48006920F0AA
:1032500002000B4908610FB1356007E005F5806594
:10326000D4E9021001EB8020A842E6D800BF00BFDD
:1032700000200249087600BF3846B7E71004002056
:10328000002002400348006940F0800001490861C5
:1032900000207047002002402DE9FE4F05468B4676
:1032A00017469846012600240020029000BF2448BB
:1032B000007E012802D10220BDE8FE8F01202049B6
:1032C000087600BF4CF25030FFF7CAF8064686BBBE
:1032D000012D02D10120029006E0022D02D1022030
:1032E000029001E00420029000241EE02201B94671
:1032F000C24648465146FCF7C1FF80B20190022009
:1033000000FB04B000900199FFF758F84CF25030E0
:10331000FFF7A6F806460B48006920F001000949AE
:10332000086106B104E0601CC4B202988442DDDB8F
:1033300000BF00BF00200249087600BF3046BBE74F
:10334000100400200020024000200849096901F013
:10335000800151B10649054A516006495160114644
:10336000096901F0800101B101207047002002408D
:1033700023016745AB89EFCD2DE9F84703460022CD
:1033800094466EE14FF0010808FA02F4D1F800808B
:1033900008EA0400A0427DD1DFF8DCA2D1F8048065
:1033A000A8EB0A09D0453AD014DCB8F1030F50D08D
:1033B00009DCB8F1000F31D0B8F1010F1CD0B8F121
:1033C000020F49D120E0B8F1110F18D0B8F1120F57
:1033D00042D11EE0B9F5881F25D006DCB9F5803F43
:1033E00020D0B9F5801F37D11AE0B9F5001F18D0E9
:1033F000B9F5041F30D117E0D1F80CC02DE0D1F899
:103400000C8008F1040C28E0D1F80C8008F1080CBD
:1034100023E0D1F80C8008F10C0C1EE000BF00BFC7
:1034200000BF00BF00BF00BFD1F80880B8F1000F97
:1034300002D14FF0040C0BE0D1F80880B8F1010F75
:1034400003D14FF0080C1C6102E04FF0080C5C61E6
:1034500003E04FF0000C00E000BF00BFFF2801D8E0
:10346000984601E003F104084646FF2802D84FEAD7
:10347000820803E0A2F108084FEA88084746D6F818
:1034800000804FF00F0909FA07F928EA09080CFA39
:1034900007F900E088E048EA0908C6F80080D1F89A
:1034A000048008F08058B8F1805F7DD100BFDFF85C
:1034B000CC81D8F8188048F00108DFF8C091C9F82D
:1034C0001880C846D8F8188008F00108CDF80080A8
:1034D00000BF00BF4FEAB9384FEA920958F82950A7
:1034E0004FEA82784FEA18794FF00F0808FA09F886
:1034F00025EA0805DFF88881434502D14FF000082E
:1035000016E0DFF88081434502D14FF001080FE05B
:10351000DFF87481434502D14FF0020808E0DFF87C
:103520006C81434502D14FF0030801E04FF00408DD
:103530004FEA82794FEA197908FA09F848EA05054D
:10354000DFF84C814FEA920948F82950D1F80480FD
:1035500008F48018B8F5801F0AD1DFF83881D8F850
:10356000008048EA0008DFF82C91C9F8008009E0E3
:10357000DFF82081D8F8008028EA0008DFF81491ED
:10358000C9F80080D1F8048008F40018B8F5001FCD
:1035900010D1DFF8008108F10408D8F8008048EA6B
:1035A0000008DFF8F09000E05AE009F10409C9F8DA
:1035B00000800DE0DFF8DC8008F10408D8F8008016
:1035C00028EA0008DFF8CC9009F10409C9F8008066
:1035D000D1F8048008F40038B8F5003F0ED1DFF8C8
:1035E000B480A8F10408D8F8008048EA0008DFF8A1
:1035F000A490A9F10409C9F800800DE0DFF89480D7
:10360000A8F10408D8F8008028EA0008DFF88490C0
:10361000A9F10409C9F80080D1F8048008F48038C1
:10362000B8F5803F0ED1DFF86C80A8F10808D8F813
:10363000008048EA0008DFF85C90A9F10809C9F8A1
:1036400000800DE0DFF84C80A8F10808D8F8008071
:1036500028EA0008DFF83C90A9F10809C9F80080C1
:10366000521CD1F8008028FA02F8B8F1000F7FF45C
:1036700089AEBDE8F887000000001110001002407C
:1036800000080140000C01400010014000140140FE
:103690000800014008040140024693680B400BB14A
:1036A000012000E0002070470AB1016101E00B0435
:1036B0000361704701480068704700000C0000205B
:1036C00003480068034909780844014908607047C5
:1036D0000C0000201400002010B50848006840F0DD
:1036E000100006490860032000F0D8F80F2000F011
:1036F00007F800F055F8002010BD0000002002403F
:10370000F0B587B0044600260027002500BF1F48FB
:10371000806940F400601D4988610846806900F4B2
:103720000060009000BF00BF01A902A800F0B6FA37
:1037300000F0ECFA06461648B6FBF0F0471E1548B6
:103740001549086040F2E7311348C1604760002125
:1037500001618160816100F097FD054695B90E48D1
:1037600000F004FE05466DB9192000F049F8102C50
:1037700007D200222146192000F052F807480460C1
:1037800000E00125284607B0F0BD0000001002400F
:1037900040420F00002C0140C40300201000002014
:1037A00008B500BF1448806940F0010012498861E3
:1037B0000846806900F00100009000BF00BF00BF14
:1037C0000846C06940F08050C8610846C06900F0F2
:1037D0008050009000BF00BF00220F21901E00F01B
:1037E0001FF800BF0549486820F0E06040F0007015
:1037F000486000BF08BD000000100240000001400A
:1038000001460846002809DB00F01F0301229A4008
:1038100043099B0003F1E023C3F8002100BF704778
:103820002DE9F05F80460D461646002703F0D0FCD8
:10383000074639462A46334601F00700C0F1070A19
:10384000BAF1040F02D94FF0040A01E0C0F1070AEF
:10385000D14600F1040ABAF1070F02D24FF0000A74
:1038600001E0A0F1030AD4464FF0010A0AFA09FA6E
:10387000AAF1010A0AEA020A0AFA0CFA4FF0010B4D
:103880000BFA0CFBABF1010B0BEA030B4AEA0B043E
:103890002146404603F0A4FCBDE8F09F00BF00F0C5
:1038A0000702064B19684FF6FF031940044B0B4300
:1038B00043EA0221014B196000BF70470CED00E0A4
:1038C0000000FA05064A126822F00402044B1A604E
:1038D000012901D130BF02E040BF20BF20BF7047A7
:1038E00010ED00E02DE9F04706464FF000080025F6
:1038F00000270024A146012E31D0022E56D0102ED2
:103900005FD132484468006800F0807008B33048E6
:10391000C4F38341475C04F4803078B12B4840689D
:10392000C0F340402B4911F8008004F4803040B1CE
:103930002948B0FBF8F000FB07F502E0274807FB39
:1039400000F52248406800F48000B0F5800F01D1F6
:10395000A94603E068000321B0FBF1F932E01B48FF
:10396000046A04F44070B0F5807F05D104F00200D1
:1039700010B14FF4004918E004F44070B0F5007F36
:1039800007D11248406A00F0020010B149F64049E0
:103990000BE004F44070B0F5407F06D10B4800689E
:1039A00000F4003008B14FF224490BE000F0AEF90A
:1039B00006494968C1F38131491C4900B0FBF1F95E
:1039C00000E000BF00BF4846BDE8F087001002409D
:1039D000B6B30008C6B3000800127A0000093D0023
:1039E000F8B5044600260025207800F001000028E4
:1039F0006BD000274348C06900F0805070B900BF09
:103A00004048C06940F080503E49C8610846C069DE
:103A100000F08050009000BF00BF01273A480068C6
:103A200000F48070B0B93848006840F480703649BE
:103A30000860FFF73FFE064606E0FFF73BFE801BEF
:103A4000642801D90320F8BD2F48006800F4807075
:103A50000028F2D02B48006A00F440752DB3A088EE
:103A600000F44070A84220D02648006A20F4407537
:103A7000012026490860002008602248056205F000
:103A8000010090B1FFF716FE064608E0FFF712FEB0
:103A9000801B41F28831884201D90320D3E71948BD
:103AA000006A00F002000028F0D01648006A20F4F6
:103AB00040706168084313490862012F04D1084629
:103AC000C06920F08050C86100BF207800F002007B
:103AD000022807D10B48406820F44040A168084301
:103AE00008494860207800F01000102807D10548E8
:103AF000406820F48000E1680843024948600020E3
:103B0000A1E7000000100240007000404004424263
:103B100070B504460D460CB9012070BD5A480068C6
:103B200000F00700A8420ED25748006820F00700B6
:103B30002843554908600846006800F00700A8427D
:103B400001D00120E9E7207800F0020002281DD111
:103B5000207800F00400042805D14C48406840F467
:103B6000E0604A494860207800F00800082805D144
:103B70004648406840F460504449486043484068C3
:103B800020F0F000A168084340494860207800F028
:103B9000010078B36068012806D13C48006800F451
:103BA000003090B90120B8E76068022806D1374894
:103BB000006800F0007040B90120AEE733480068AB
:103BC00000F0020008B90120A7E73048406820F063
:103BD0000300616808432D494860FFF76BFD064606
:103BE00009E0FFF767FD801B41F28831884202D966
:103BF000032092E707E02548406800F00C00616868
:103C0000B0EB810FEDD12048006800F00700A8421A
:103C10000ED91D48006820F0070028431A490860A3
:103C20000846006800F00700A84201D0012074E7B0
:103C3000207800F00400042807D11448406820F4DC
:103C4000E060E168084311494860207800F008000E
:103C5000082808D10D48406820F46050216940EAE6
:103C6000C1000A49486000F061F808494968C1F399
:103C70000311074A515CC8400649086006480068BD
:103C8000FFF73EFD002048E7002002400010024000
:103C9000C8B3000818000020100000200F220260A6
:103CA0000D4A526802F0030242600B4A526802F069
:103CB000F0028260084A526802F4E062C260064A7A
:103CC000526802F46052D2080261044A126802F09B
:103CD00007020A6070470000001002400020024006
:103CE00001480068704700001800002000B5FFF789
:103CF000F7FF04494968C1F30221034A515CC840F7
:103D000000BD000000100240D8B3000800B5FFF766
:103D1000E7FF04494968C1F3C221034A515CC84026
:103D200000BD000000100240D8B3000870B50021AB
:103D30000022002400230020134D696801F00C05C7
:103D4000F5B1042D02D0082D19D101E00F4819E07A
:103D50000F4DC1F38346AB5D01F4803555B10A4D7B
:103D60006D68C5F340450B4E725D084D5D43B5FB74
:103D7000F2F402E0084D03FB05F4204602E000BF28
:103D8000024800BF00BF70BD0010024000127A0060
:103D9000A4B30008B4B3000800093D00F8B5044618
:103DA0000CB90120F8BD207800F00100002878D07F
:103DB000F848406800F00C0004280CD0F548406832
:103DC00000F00C00082811D1F248406800F480305F
:103DD000B0F5803F0AD1EF48006800F400300028B9
:103DE0005FD0606800285CD10120DBE700BF60681D
:103DF000B0F5803F06D1E748006840F48030E549DF
:103E0000086028E0606858B9E248006820F4803013
:103E1000E04908600846006820F4802008601AE045
:103E20006068B0F5A02F0BD1DA48006840F480201C
:103E3000D84908600846006840F4803008600AE00D
:103E4000D448006820F48030D249086008460068F1
:103E500020F48020086000BF606888B1FFF72AFC6A
:103E6000054606E0FFF726FC401B642801D9032025
:103E700098E7C848006800F400300028F2D010E04D
:103E8000FFF718FC054606E0FFF714FC401B64280A
:103E900001D9032086E7BF48006800F400300028FD
:103EA000F2D1207800F00200022857D1B9484068CA
:103EB00000F00C0050B1B748406800F00C00082832
:103EC00018D1B448406800F4803098B9B14800680F
:103ED00000F0020020B12069012801D0012061E733
:103EE000AC48006820F0F800616940EAC100A949C7
:103EF000086033E02069E8B10120A7490860FFF7B6
:103F0000D9FB054606E0FFF7D5FB401B022801D987
:103F1000032047E79F48006800F002000028F2D025
:103F20009C48006820F0F800616940EAC1009949A6
:103F3000086013E0002098490860FFF7BBFB0546C6
:103F400006E0FFF7B7FB401B022801D9032029E751
:103F50009048006800F002000028F2D1207800F0BC
:103F6000080008282DD1A069B8B101208B4908604C
:103F7000FFF7A0FB054606E0FFF79CFB401B02286D
:103F800001D903200EE78348406A00F002000028B0
:103F9000F2D0012001F02CFC13E000207F490860E2
:103FA000FFF788FB054606E0FFF784FB401B02286D
:103FB00001D90320F6E67748406A00F002000028A5
:103FC000F2D1207800F00400042873D10027714852
:103FD000C06900F0805070B900BF6E48C06940F001
:103FE00080506C49C8610846C06900F0805000905C
:103FF00000BF00BF01276A48006800F48070B0B9B4
:104000006748006840F4807065490860FFF752FB1C
:10401000054606E0FFF74EFB401B642801D903204C
:10402000C0E65F48006800F480700028F2D000BF4E
:10403000E068012806D15748006A40F00100554960
:10404000086227E0E06858B95248006A20F0010091
:10405000504908620846006A20F00400086219E02E
:10406000E06805280BD14B48006A40F0040049493C
:1040700008620846006A40F0010008620AE045480C
:10408000006A20F00100434908620846006A20F0F7
:104090000400086200BFE068A0B1FFF70BFB054613
:1040A00009E0FFF707FB401B41F28831884202D943
:1040B000032077E622E03748006A00F0020000287B
:1040C000EFD012E0FFF7F6FA054608E0FFF7F2FA44
:1040D000401B41F28831884201D9032062E62D4815
:1040E000006A00F002000028F0D1012F05D1294814
:1040F000C06920F080502749C86100BFE069C8B39B
:104100002448406800F00C00082860D0E0690228CC
:1041100048D1002020490866FFF7CCFA054606E0A2
:10412000FFF7C8FA401B022801D903203AE61948D4
:10413000006800F000700028F2D1206AB0F5803FDE
:1041400007D11448406820F40030A16808431149A1
:104150004860D4E9080108430E49496821F4741104
:1041600008430C49486001200B490866FFF7A2FA92
:10417000054607E03DE0FFF79DFA401B022801D904
:1041800003200FE60348006800F000700028F2D01A
:104190002FE0000000100240000042428004424232
:1041A00000700040002014490866FFF783FA0546B6
:1041B00006E0FFF77FFA401B022801D90320F1E552
:1041C0000E48006800F000700028F2D111E0E069AC
:1041D000012800D1E6E50948466806F48031206AE6
:1041E000814204D106F47011606A814201D001203D
:1041F000D8E50020D6E50000000042420010024051
:104200007047704730B502460B4600BF92F83C003D
:10421000012801D1022030BD012082F83C0000BFFE
:10422000022082F83D00106844681068816824F01C
:1042300070041868044310684460104D1068A84268
:104240000BD01068B0F1804F07D00D4D1068A84218
:1042500003D00C4D1068A84205D121F080015868A8
:10426000014310688160012082F83D0000BF0020FA
:1042700082F83C0000BF00BFCDE70000002C0140E9
:10428000000400400008004010B504460CB90120AD
:1042900010BD94F83D0028B9002084F83C00204669
:1042A00000F026F8022084F83D00211D206801F06E
:1042B0007DFE012084F8460000BF84F83E00012105
:1042C0003F200155402001554120015500BF00BF4E
:1042D000012084F842004320015544200155452027
:1042E000015500BF012084F83D000020D0E7000008
:1042F00008B50168B1F1804F0DD100BF1849C969F7
:1043000041F00101164AD1611146C96901F001016C
:10431000009100BF23E0134A016891420DD100BF14
:104320000F49C96941F002010D4AD1611146C969BD
:1043300001F00201009100BF11E00B4A01689142B7
:104340000DD100BF0649C96941F00401044AD16199
:104350001146C96901F00401009100BF00BF08BD0A
:10436000001002400004004000080040014691F89F
:104370003D00012801D001207047022081F83D0056
:104380000868C06840F001000B68D860124B0868EC
:1043900098420BD00868B0F1804F07D00F4B0868E7
:1043A000984203D00E4B086898420CD10868806888
:1043B00000F00702062A0CD00868006840F00100EF
:1043C0000B68186005E00868006840F001000B68A1
:1043D00018600020D0E70000002C014000040040DD
:1043E000000800402DE9F04104460D46002700BFBB
:1043F00094F83C00012802D10220BDE8F0810120A0
:1044000084F83C0000BF022084F83D0020688668E4
:1044100026F0770626F47F462068866028685028B4
:1044200033D00CDC202850D004DC00284BD01028DE
:1044300051D149E0302849D040284CD139E060289A
:104440002DD0702807D0B0F5805F03D0B0F5005FA5
:1044500041D10DE041E0D5E902136A68206801F01E
:10446000F8FD2068866846F077062068866034E0AC
:10447000D5E902136A68206801F0EBFD20688068C6
:1044800040F480402168886027E0EA686968206815
:1044900001F0B0FE5021206801F0E6FD1DE0EA6861
:1044A0006968206801F0B9FE6021206801F0DCFD38
:1044B00013E0EA686968206801F09CFE40212068EA
:1044C00001F0D2FD09E000BF00BF00BF29682068ED
:1044D00001F0CAFD01E0012700BF00BF012084F800
:1044E0003D0000BF002084F83C0000BF384684E750
:1044F000704770B504462068C5682068066906F0F4
:104500000200022819D105F00200022815D1401F2F
:1045100021680861012020772068806900F003008D
:1045200018B12046FFF7E4FF05E0204600F03AF915
:10453000204600F0EEF90020207706F00400042861
:1045400019D105F00400042815D1C0432168086181
:10455000022020772068806900F4407018B120465E
:10456000FFF7C6FF05E0204600F01CF9204600F0EA
:10457000D0F90020207706F00800082819D105F0AE
:104580000800082815D1C04321680861042020775D
:104590002068C06900F0030018B12046FFF7A8FFAB
:1045A00005E0204600F0FEF8204600F0B2F90020B9
:1045B000207706F01000102819D105F010001028FF
:1045C00015D1C04321680861082020772068C069A0
:1045D00000F4407018B12046FFF78AFF05E020463E
:1045E00000F0E0F8204600F094F90020207706F073
:1045F000010048B105F0010030B16FF00100216801
:104600000861204600F0F0F906F08000802809D10A
:1046100005F08000802805D1C0432168086120464C
:10462000FFF7EEFD06F04000402809D105F04000FC
:10463000402805D1C04321680861204600F0E0F918
:1046400006F02000202809D105F02000202805D1FF
:10465000C043216808612046FFF7D3FD70BD00000C
:1046600010B586B004460020029003900490059097
:104670002068B0F1804F38D100BF4448806940F0D5
:104680000400424988610846806900F004000190F6
:1046900000BF00BF00BF0846806940F00800886185
:1046A0000846806900F00800019000BF00BF4FF489
:1046B0000040029002200390059002A93448FEF7C2
:1046C0005BFE0820029002200390059002A9314869
:1046D000FEF752FE00BF3049486820F4407040F0B9
:1046E000E06040F4807048604DE02C4920688842CA
:1046F0002DD100BF2548806940F00400234988611E
:104700000846806900F00400019000BF00BF00BFB0
:104710000846806940F0080088610846806900F01A
:104720000800019000BF00BFC0200290022003904B
:10473000059002A91648FEF71FFE032002900220F2
:104740000390059002A91348FEF716FE1BE01449DA
:104750002068884217D100BF0C48806940F00800EB
:104760000A4988610846806900F00800019000BF8E
:1047700000BF4FF41070029002200390059002A930
:104780000448FEF7F9FD06B010BD0000001002401D
:1047900000080140000C01400000014000040040FE
:1047A0000008004070472DE9F04104460D461646CA
:1047B000002700BF94F83C00012802D10220BDE888
:1047C000F081012084F83C0000BF36B1042E1BD0DC
:1047D000082E31D00C2E5ED145E02946206801F02C
:1047E0004DFC2068806940F00800216888612068DD
:1047F000806920F004002168886120688069296947
:1048000008432168886148E02946206801F066FC79
:104810002068806940F400602168886120688069B0
:1048200020F480602168886120688069296940EAF5
:1048300001202168886130E02946206801F082FC6F
:104840002068C06940F008002168C8612068C0691C
:1048500020F004002168C8612068C0692969084304
:104860002168C86119E02946206801F09FFC206892
:10487000C06940F400602168C8612068C06920F404
:1048800080602168C8612068C069296940EA012008
:104890002168C86101E0012700BF00BF00BF002000
:1048A00084F83C0000BF384689E710B504460CB9CF
:1048B000012010BD94F83D0028B9002084F83C0088
:1048C000204600F025F8022084F83D00211D2068D4
:1048D00001F06CFB012084F8460000BF84F83E0024
:1048E00001213F200155402001554120015500BFC5
:1048F00000BF012084F842004320015544200155A7
:104900004520015500BF012084F83D000020D0E77C
:104910007047704770B504460D4615B994F83E00CF
:104920000BE0042D02D13F20005D06E0082D02D1EE
:104930004020005D01E04120005D012801D0012000
:1049400070BD1DB9022084F83E000EE0042D03D195
:1049500002213F20015508E0082D03D1022140200B
:10496000015502E00221412001550122294620681B
:1049700001F05EFB19492068884201D1012000E066
:10498000002028B12068406C40F400402168486451
:104990001249206888420BD02068B0F1804F07D0C0
:1049A0000F492068884203D00E49206888420CD104
:1049B0002068806800F00706062E0CD0206800688A
:1049C00040F001002168086005E02068006840F0C0
:1049D0000100216808600020B2E70000002C0140BF
:1049E000000400400008004010B504460349206858
:1049F000884201D1FEF764FE10BD0000002C01408A
:104A00007047704738B50446204602F027FD05463A
:104A100005B938BD00BF00200090206800680090F4
:104A200020684068009000BF00BF00BF00200090D9
:104A300020680068009020684068009000BF00BFB8
:104A400000BF002000902068006800902068406847
:104A5000009000BF00BF206802F032FD48B1802204
:104A600005F10D01204600F0FDFA0020A5F88E00AA
:104A700005E0012205F1D401204600F009FB287968
:104A800010B9284602F0CAFD00BFC2E72DE9F84F71
:104A90000446206805682068C668206847694FF0AA
:104AA0000009CA4605F00F09B9F1000F0AD105F057
:104AB000200038B106F0200020B1204601F0EBFCC8
:104AC000BDE8F88FB9F1000F7BD007F0010018B9ED
:104AD00006F49070002874D005F0010030B106F49F
:104AE000807018B1606C40F00100606405F0040053
:104AF00030B107F0010018B1606C40F00200606452
:104B000005F0020030B107F0010018B1606C40F010
:104B10000400606405F0080048B106F0200010B9F8
:104B200007F0010018B1606C40F008006064606C30
:104B3000002845D005F0200028B106F0200010B173
:104B4000204601F0A8FC20684069C0F3801A606C20
:104B500000F0080010B9BAF1000F2CD0204601F087
:104B600041FC2068406900F0400000B300BF00BF76
:104B70002168143151E8001F21F0400021681431F0
:104B800041E80002002AF3D100BFE06B50B1774842
:104B9000E16B4863E06BFEF775F988B1E06B416B40
:104BA00088470DE02046FFF72DFF09E009E0204689
:104BB000FFF728FF04E02046FFF724FF0020606491
:104BC0007EE7206B012877D105F01000002873D014
:104BD00006F010000028FAD000BF002000902068E6
:104BE0000068009020684068009000BF00BF206807
:104BF000406900F0400000285FD0E06B006840682A
:104C00001FFA80F8B8F1000F55D0A08D404552DD55
:104C1000A4F82E80E06B8069202843D000BF00BF3D
:104C200021680C3151E8001F21F4807021680C319B
:104C300041E80002002AF3D100BF00BF00BF216895
:104C4000143151E8001F21F001002168143141E8BE
:104C50000002002AF3D100BF00BF00BF2168143159
:104C600051E8001F21F040002168143141E80002A2
:104C7000002AF3D100BF202084F8420000202063E6
:104C800000BF00BF21680C3151E8001F21F0100067
:104C900021680C3141E80002002AF3D100BFE06B2B
:104CA000FEF7C4F802206063A08DE28D801A81B205
:104CB0002046FFF7A6FE03E742E0A08DE18D401AF3
:104CC0001FFA80F8E08DD0B3B8F1000F37D000BFE5
:104CD00000BF21680C3151E8001F21F49070216859
:104CE0000C3141E80002002AF3D100BF00BF00BF31
:104CF0002168143151E8001F21F0010021681431AE
:104D000041E80002002AF3D100BF202084F84200CD
:104D10000020206300BF00BF21680C3151E8001F54
:104D200021F0100021680C3141E80002002AF3D183
:104D300000BF0220606341462046FFF762FEBFE6E7
:104D400005F0800030B106F0800018B1204601F077
:104D500023FDB5E605F0400030B106F0400018B183
:104D6000204601F075FBABE600BFA9E643620008F0
:104D700010B504460CB9012010BDA06900B100E0D7
:104D800000BF94F8410028B9002084F84000204674
:104D900000F02AF8242084F841002068C06820F43C
:104DA00000502168C860204601F0F4FB20680069CB
:104DB00020F49040216808612068406920F02A00B2
:104DC000216848612068C06840F400502168C860CC
:104DD00000206064202084F8410084F84200002014
:104DE000606300BFC8E7000010B586B0044600202D
:104DF00002900390049005908F49206888426CD1FE
:104E000000BF8E48806940F480408C498861084624
:104E1000806900F48040019000BF00BF00BF0846D9
:104E2000806940F0040088610846806900F0040051
:104E3000019000BF00BF481502900220039003209C
:104E4000059002A97E48FEF797FA4FF48060029021
:104E500000200390049002A97948FEF78DFA794862
:104E600079490860002048600021774881608021EE
:104E7000C160002101614161202181610021C16186
:104E8000FEF726F908B1FDF76DFA00BF6E48E06342
:104E9000446200BF6B4814386C49086010204860B9
:104EA00000216A4881608021C16000210161416167
:104EB0008161C161FEF70CF908B1FDF753FA00BF3B
:104EC0006248A063446200BF002205212520FEF74E
:104ED000A7FC2520FEF794FCABE05D4920688842E2
:104EE0006CD100BF5548C06940F400305349C861D7
:104EF0000846C06900F40030019000BF00BF00BF49
:104F00000846806940F0040088610846806900F026
:104F10000400019000BF00BF042002900220039013
:104F20000320059002A94648FEF726FA08200290C1
:104F300000200390049002A94148FEF71DFA414861
:104F400014304449086000204860002141488160D5
:104F50008021C16000210161416120218161002126
:104F6000C161FEF7B5F808B1FDF7FCF900BF39489B
:104F7000E063446200BF334828303749086010209E
:104F800048600021344881608021C16000210161B6
:104F900041618161C161FEF79BF808B1FDF7E2F95B
:104FA00000BF2D48A063446200BF002205212620D7
:104FB000FEF736FC2620FEF723FC3AE0274920685E
:104FC000884236D100BF1D48C06940F480201B498B
:104FD000C8610846C06900F48020019000BF00BF8E
:104FE00000BF0846806940F0080088610846806973
:104FF00000F00800019000BF00BF081502900220D9
:1050000003900320059002A91548FEF7B5F94FF467
:105010000060029000200390049002A91048FEF75F
:10502000ABF9002205212720FEF7FAFB2720FEF727
:10503000E7FB06B010BD0000003801400010024040
:105040000008014058000240B4020020F80200208D
:10505000004400403C030020800300200048004042
:10506000000C014070B504460D46164694F8420007
:1050700020280BD105B10EB9012070BD002020639E
:1050800032462946204601F003FBF6E70220F4E70A
:1050900070B504460D46164694F8420020280BD100
:1050A00005B10EB9012070BD0020206332462946AB
:1050B000204601F051FBF6E70220F4E770B5054603
:1050C000284602F0CBF9044674B1286802F0F8F9DA
:1050D00050B994F8D410204602F0C0FA012204F12D
:1050E000D4012846FFF7D4FF70BD70472DE9F84F73
:1050F00004460E46174699464FF0000A94F84100C0
:10510000202850D106B117B90120BDE8F88F002042
:105110006064212084F84100FEF7CCFA8246A7841F
:10512000E784A068B0F5805F04D1206910B900253C
:10513000B04602E035464FF000081EE0534600221C
:1051400080212046CDF8009001F056FB20B12020B0
:1051500084F841000320D8E745B9B8F80000C0F34F
:1051600008002168486008F1020803E028782168F7
:1051700048606D1CE08C401EE084E08C0028DDD18E
:105180005346002240212046CDF8009001F034FB28
:1051900020B1202084F841000320B6E7202084F8C5
:1051A00041000020B1E70220AFE70000F7B5044658
:1051B000154694F84100202836D1019800B10DB968
:1051C0000120FEBD01982062A584E5840020606472
:1051D000212084F841001548A16B88621448A16B16
:1051E000C8621448A16B08630020A16B486301AE3C
:1051F00023681A1D31682B46A06BFDF79DFF6FF0E9
:1052000040002168086000BF00BF2168143151E8E8
:10521000001F41F080002168143141E80002002A9B
:10522000F3D100BF0020CCE70220CAE77F6300086B
:10523000D76300085762000810B5034693F8410091
:10524000202813D101B10AB9012010BD19629A8436
:10525000DA8400205864212083F841001868C0686F
:1052600040F080001C68E0600020EEE70220ECE7E0
:105270007047704700BFFEE70EB500200090019018
:1052800002901248124908600021114881600173A0
:1052900001754FF46021C16100200D494860012172
:1052A0000B480161FDF770FB08B1FDF75BF80020CA
:1052B0000090012001900020029069460448FDF70B
:1052C000AFFA08B1FDF74EF80EBD00000024014012
:1052D000D400002008B500BF1648406940F0010026
:1052E000144948610846406900F00100009000BF81
:1052F00000BF002205210E20FEF792FA0E20FEF7D5
:105300007FFA002205210F20FEF78AFA0F20FEF710
:1053100077FA002205211020FEF782FA1020FEF70E
:105320006FFA002205211120FEF77AFA1120FEF70C
:1053300067FA08BD0010024010B50B4A00210B4867
:1053400002F084FE0A4908600A4A00210A4802F075
:105350007DFE0A4908600A4A00210A4802F076FEEA
:105360000949086010BD000038B30008018D00082D
:10537000000000205CB300081D930008040000201A
:1053800080B300088D9400080800002000B585B0A7
:105390000020019002900390049000BF5348806960
:1053A00040F01000514988610846806900F0100003
:1053B000009000BF00BF00BF0846806940F0200099
:1053C00088610846806900F02000009000BF00BF9F
:1053D00000BF0846806940F0040088610846806983
:1053E00000F00400009000BF00BF00BF08468069C5
:1053F00040F0080088610846806900F008000090CD
:1054000000BF00BF00224FF440413948FEF74CF97D
:10541000002241F630113748FEF746F9002243F2E8
:10542000B4113548FEF740F94FF4005001900020C8
:1054300002900120039001A92D48FDF79DFF4FF434
:10544000404001900120029002200390049001A9A5
:105450002748FDF791FF4FF49870019001200290CA
:1054600003900220049001A92248FDF785FF43F232
:10547000A41001900120029003900220049001A941
:105480001D48FDF779FF4FF4404001900020029045
:105490000120039001A91848FDF76EFF4FF400604A
:1054A000019001200290002003900220049001A9A5
:1054B0001048FDF761FF4FF48050019011200290D9
:1054C000002003900220049001A90A48FDF754FF30
:1054D00010200190112002900020039002200490DF
:1054E00001A90548FDF748FF05B000BD00100240C6
:1054F0000010014000080140000C014000B58DB0D3
:10550000002009900A900B900C90079008901C21A5
:105510006846FAF76EFF4FF0804024490860472044
:10552000486000212148816044F61F61C16000216C
:1055300001618161FEF7A8FE08B1FCF713FF4FF48B
:105540008050099009A91948FEF74CFF08B1FCF7F3
:1055500009FF1648FFF7A9F908B1FCF703FF00207F
:105560000790089007A91148FEF74CFE08B1FCF718
:10557000F9FE602000904FF47A70019000200290B4
:105580000490002269460948FFF70DF908B1FCF7BD
:10559000E9FE042269460548FFF705F908B1FCF762
:1055A000E1FE0248FFF75CF80DB000BD04010020E9
:1055B00000B58DB0002009900A900B900C900790D8
:1055C00008901C216846FAF714FF2D482D49086001
:1055D0004720486000212B48816040F2E731C160DC
:1055E000002101618161FEF74FFE08B1FCF7BAFEB0
:1055F0004FF48050099009A92248FEF7F3FE08B144
:10560000FCF7B0FE1F48FFF750F908B1FCF7AAFEFF
:1056100000200790089007A91A48FEF7F3FD08B18B
:10562000FCF7A0FE602000904FF4FA70019000207B
:1056300002900490002269461248FFF7B4F808B1BE
:10564000FCF790FE042269460E48FFF7ACF808B15B
:10565000FCF788FE082269460A48FFF7A4F808B15B
:10566000FCF780FE0C2269460648FFF79CF808B15B
:10567000FCF778FE0348FEF7F3FF0DB000BD000015
:10568000000400404C01002000B58DB000200990BE
:105690000A900B900C90079008901C216846FAF72E
:1056A000A8FE254825490860472048600021234876
:1056B000816040F2E731C160002101618161FEF744
:1056C000E3FD08B1FCF74EFE4FF48050099009A9A4
:1056D0001A48FEF787FE08B1FCF744FE1748FFF7AB
:1056E000E4F808B1FCF73EFE00200790089007A9F7
:1056F0001248FEF787FD08B1FCF734FE60200090E9
:105700004FF4FA7001900020029004900022694644
:105710000A48FFF748F808B1FCF724FE0C22694656
:105720000648FFF740F808B1FCF71CFE0348FEF7F7
:1057300097FF0DB000BD000000080040940100205C
:1057400010B50B480B4908604FF4E1304860002168
:1057500008488160C16001610C21416100218161C3
:10576000C161FFF705FB08B1FCF7FCFD10BD0000AF
:1057700000380140DC01002010B50B480B490860DF
:105780004FF4E1304860002108488160C160016148
:105790000C21416100218161C161FFF7E9FA08B183
:1057A000FCF7E0FD10BD0000004400402402002092
:1057B00010B50B480B4908604FF4165048600021A3
:1057C00008488160C16001610C2141610021816153
:1057D000C161FFF7CDFA08B1FCF7C4FD10BD0000B0
:1057E000004800406C02002000BFFEE700BFFEE75B
:1057F00008B508490968C9084FF47A72B1FBF2F19B
:105800004143009100BF00BF00994A1E0092002949
:10581000F9D108BD180000200EB5002000900190BD
:1058200002900948FCF76EFF0020009001200190D3
:105830000520029069460448FCF7F2FF0020034966
:10584000088048600EBD0000D4000020BC0000208D
:1058500070B50F48FDF732FA0A210D48FDF76EF9D1
:1058600088B90B48FDF78CF80A490880088805F0CC
:105870003FFA0546084905F083FA0446074905F052
:105880007FFA044948600248FDF7B0FA70BD000095
:10589000D4000020BC0000206740533A0000404084
:1058A00010B5FDF707FF10BD10B500241AE0204623
:1058B00001F0AAFC00B913E00C4800EBC4008079A9
:1058C00001280CD1094B03EBC403DA79074B03EB36
:1058D000C4039988054B53F83400FDF7E5FE00BF7B
:1058E000601CC4B2112CE2D310BD000010B6000839
:1058F00070B50446204601F087FC08B9002070BD51
:10590000074A02EBC4029188054A52F83400FDF7B9
:10591000C3FE0546012D00D1F1E70020EFE70000AE
:1059200010B6000870B504460D46204601F06CFC28
:1059300000B970BD0B4800EBC4008079012800D08D
:10594000F7E70DB1012300E000231A46054B03EBF6
:10595000C4039988034B53F83400FDF7A5FE00BF3C
:10596000E7E7000010B6000810B5FFF79DFF10BD77
:105970001148006840F080700F49086000200F490E
:1059800048600846006840F0010008600C48006864
:105990000C4908600A4800684FF47A71B0FBF1F0D6
:1059A00008494860064800680749B0FBF1F005491E
:1059B00088600020C8607047FCED00E0001000E047
:1059C000180000206041002040420F0010B50C4834
:1059D00001F0C3FB04460B48844208D10A48084939
:1059E000091D0968016001200849087007E00648A0
:1059F0000021016000200549087000F009F810BD81
:105A000000FC000834125AA5C8000020C400002081
:105A100000B585B00020019010480390012004904B
:105A2000FDF792FC694601A8FDF7D4FB18B1FDF71C
:105A300029FC05B000BD0A49084801F0B3FB10B1CC
:105A4000FDF720FCF5E7042206490448001D01F09B
:105A500087FBFDF717FC00BFEBE7000000FC000828
:105A600034125AA5C800002010B500240CE02046CE
:105A700001F0F2FB00B905E0054901EB440001F03B
:105A8000DFFB00BF601CC4B2032CF0D310BD0000CC
:105A900098B600082DE9F0470746884691461D460E
:105AA000089E384601F0D8FB08B9BDE8F08705B17B
:105AB00006B9FAE71B4800EB470A504601F05EFCC6
:105AC0004146504601F021FC504601F083FC494616
:105AD000504601F01AFC504601F07CFC504601F0A3
:105AE0004DFC48F00101504601F00FFC504601F01A
:105AF00071FC00240FE0504601F0CFFB2855701ECA
:105B0000A04203D9504601F0EBFB02E0504601F001
:105B100020FC601C84B2B442EDDB504601F047FC2F
:105B200000BFC2E798B600082DE9F0410446884658
:105B300015461E46204601F08FFB08B9BDE8F081EE
:105B40000F4800EB4407384601F018FC4146384640
:105B500001F0DBFB384601F03DFC2946384601F0F8
:105B6000D4FB384601F036FC3146384601F0CDFB17
:105B7000384601F02FFC384601F019FC00BFDDE784
:105B800098B600082DE9F0470546894616461F4697
:105B9000DDF820A0284601F05FFB08B9BDE8F087DA
:105BA000124800EB4508404601F0E8FB49464046F4
:105BB00001F0ABFB404601F00DFC3146404601F0E0
:105BC000A4FB404601F006FC002408E0395D404695
:105BD00001F09BFB404601F0FDFB601C84B2544584
:105BE000F4DB404601F0E3FB00BFD7E798B60008BE
:105BF00010B5012000F001F810BD10B50446012CCD
:105C000002D0022C00D0012421460020FDF75AFECC
:105C100010BD704710B500240EE0094850F834005C
:105C200040B1074A02EBC4025168054A52F83400F9
:105C3000FEF770FE601CC4B20C2CEED310BD000049
:105C4000A0B600082DE9F04704460E460C2C03D2FE
:105C5000284850F8340008B9BDE8F08700213046E4
:105C600005F05AF800D200262349304605F054F9D1
:105C700000D2214E1F4850F834000068C76A781CD3
:105C800005F036F881461C49304604F01BFF824679
:105C9000494605F075F8804604F0F2FF05461548C0
:105CA00000EBC400406828B9124850F8340000687E
:105CB00045631CE00F4800EBC4004068042805D190
:105CC0000C4850F834000068856310E0094800EB88
:105CD000C4004068082805D1064850F83400006820
:105CE000C56304E0034850F834000068056400BF51
:105CF000B2E70000A0B600080000C84270B5002559
:105D000041E0284800EB0524274850F82500206092
:105D10002648405D207125730020A4F8D000A4F827
:105D2000D200A4F88E00C4F8F800C4F8FC00C4F84F
:105D3000F400204601F072FC0020C5EBC50101EB28
:105D400005111B4A5054C5EBC50101EB0511114467
:105D50004870C5EBC50101EB051111448875216838
:105D6000086801F0ADFB30B1802204F10D0120681C
:105D7000FFF778F905E0012204F1D4012068FFF76C
:105D800087F9681CC5B2032DBBD3002406E0054982
:105D900001EB042001F074FC601CC4B2032CF6D3A8
:105DA00070BD0000183E0020B000002000B70008C1
:105DB000184100202DE9F04106460F46032E01D37D
:105DC000BDE8F0811A4800EB0624C6EBC60000EBE4
:105DD000061018494518207900B1F1E7552084F8DC
:105DE000D500AA21D6200155D7200755002008E06C
:105DF00005F10C010B5CC11C04F1D5025354411C8C
:105E0000C8B20A28F4D30021E22001552978E32002
:105E100001552878401C2870FF21E42001551022EC
:105E200004F1D501204601F04FFC00BFC8E7000097
:105E3000183E002018410020032803D2024A02EB3A
:105E40000022916070470000183E0020F8B5FDF771
:105E500031FC064600254DE0284800EB052421686A
:105E6000086801F02DFBD8B12068C06B006840685D
:105E7000C0F1800087B20EE0B4F88E2004F10D006E
:105E8000815C204601F0EAFB94F88E00401C00F093
:105E90007F00A4F88E00B4F88E00B842ECD100BFA9
:105EA000207978B994F8E50060B1D4F8F400301A9C
:105EB000322807D9D4F8FC00401CC4F8FC00204666
:105EC00001F0ACFB0EE0207938B1A06850B1207B26
:105ED0009DF80010A268904704E09DF8001020464D
:105EE00001F01EFB6946204601F09FFB0028EAD026
:105EF000681CC5B2032DAFD3F8BD0000183E0020CA
:105F000010B54FF0E020006904F0A4F9012801D099
:105F100003F0EEFD10BD00B593B0282109A8FAF7F3
:105F200068FA142104A8FAF764FA0020009001909E
:105F3000029003900120099000040A9000200B9029
:105F400001200D9002201090C10311914FF4E01137
:105F5000129109A8FDF722FF08B1FCF703FA0F2000
:105F6000049002200590002006904FF48060079076
:105F700000200890022104A8FDF7CAFD08B1FCF733
:105F8000F1F902200090800302906846FDF728FD99
:105F900008B1FCF7E7F913B000BD704710B502482F
:105FA000FEF7A7FA10BD0000C403002010B5026878
:105FB0001C4B984208D0B0F1804F05D01A4B984244
:105FC00002D01A4B984203D122F070024B681A4358
:105FD000144B984208D0B0F1804F05D0124B984234
:105FE00002D0124B984203D122F44072CB681A437C
:105FF00022F080034C6943EA040202608B68C362AA
:106000000B688362074B984201D10B69036301233C
:106010004361036903F001031BB1036923F001032A
:10602000036110BD002C0140000400400008004046
:1060300030B501F01F05012404FA05F3046A9C43FE
:106040000462046A01F01F0502FA05F52C4304629C
:1060500030BD30B50C46816821F47F4142EA03250A
:1060600025432943816030BD0A46816821F07001D3
:1060700042F00703194381607047000030B5026A9F
:10608000056A25F0010505624368846924F07004FF
:1060900024F003040D682C4322F002028D682A4389
:1060A0000D4DA84206D100BF22F00802CD682A4358
:1060B00022F00402084DA84207D123F4807323F490
:1060C00000734D692B438D692B43436084614D6898
:1060D0004563026230BD0000002C014030B5026A09
:1060E000056A25F0100505624368846924F4E044DC
:1060F00024F440740D6844EA052422F020028D68DF
:1061000042EA05120E4DA84207D100BF22F08002DC
:10611000CD6842EA051222F04002094DA84209D199
:1061200023F4806323F400634D6943EA85038D699A
:1061300043EA8503436084614D688563026230BD34
:10614000002C014030B5026A056A25F480750562AD
:106150004368C46924F0700424F003040D682C43E0
:1061600022F400728D6842EA05220F4DA84207D141
:1061700000BF22F40062CD6842EA052222F4806268
:10618000094DA84209D123F4805323F400534D69EB
:1061900043EA05138D6943EA05134360C4614D6802
:1061A000C563026230BD0000002C014030B5036AB7
:1061B000056A25F4805505624468C26922F4E0420C
:1061C00022F440720D6842EA052223F400538D68E0
:1061D00043EA0533064DA84204D124F480444D69B6
:1061E00044EA85144460C2614D680564036230BDB1
:1061F000002C014030B50B461446026A056A25F0B2
:1062000001050562816921F0F00141EA041122F0E3
:106210000A021A438161026230BD30B50B46144652
:10622000026A056A25F010050562816921F4704152
:1062300041EA043122F0A00242EA031281610262C3
:1062400030BD70B505466C6A0020E085E0842046CC
:10625000FEF7D8FB70BD70B506460025746A20684D
:106260004069C0F3C01594F84100212805D125B13B
:106270000020E084204600F0FBF820684069C0F36D
:10628000801594F84200222805D125B10020E08530
:10629000204600F0A7F8606C40F0100060642046D3
:1062A000FEF7B0FB70BD70B505466C6A28680068E3
:1062B00000F02000002842D1E08500BF00BF216827
:1062C0000C3151E8001F21F4807021680C3141E845
:1062D0000002002AF3D100BF00BF00BF21681431C3
:1062E00051E8001F21F001002168143141E800024B
:1062F000002AF3D100BF00BF00BF2168143151E86C
:10630000001F21F040002168143141E80002002AFA
:10631000F3D100BF202084F84200206B01280ED169
:1063200000BF00BF21680C3151E8001F21F01000B0
:1063300021680C3141E80002002AF3D100BF00209F
:106340006063206B012804D1A18D2046FEF759FB24
:1063500002E02046FEF7B2FE70BD70B505466C6ADD
:1063600001206063206B012805D1A08D41082046E3
:10637000FEF747FB02E02046FEF7B7FE70BD70B5A2
:1063800005466C6A2868006800F02000F8B9002013
:10639000E08400BF00BF2168143151E8001F21F0E4
:1063A00080002168143141E80002002AF3D100BFC7
:1063B00000BF00BF21680C3151E8001F41F04000D0
:1063C00021680C3141E80002002AF3D102E02046A6
:1063D000FEF74EFF70BD70B50446656A2846FEF7AD
:1063E00048FF70BD00BF00BF02680C3252E8002FAA
:1063F00022F4907102680C3242E80013002BF3D1B2
:1064000000BF00BF00BF0268143252E8002F22F024
:1064100001010268143242E80013002BF3D100BFDF
:10642000016B01290ED100BF00BF02680C3252E897
:10643000002F22F0100102680C3242E80013002BFA
:10644000F3D100BF202180F8421000210163704782
:1064500010B504462068C06820F040002168C8607C
:10646000202084F841002046FEF702FF002010BDE6
:1064700000BF00BF02680C3252E8002F22F0C001BA
:1064800002680C3242E80013002BF3D100BF202138
:1064900080F841107047F8B5044694F8420022286D
:1064A00075D1A068B0F5805F0CD1206950B9002586
:1064B000A66A20684068C0F308003080A06A801C8B
:1064C000A06215E0A56A0026A068B0F5805F03D041
:1064D000A06828B9206918B920684068287004E0CD
:1064E0002068406800F07F002870A06A401CA0620D
:1064F000E08D401E80B2E085002846D12068C0684B
:1065000020F020002168C8602068C06820F48070F6
:106510002168C8602068406920F001002168486156
:10652000202084F8420000206063206B012826D1DF
:106530000020206300BF00BF21680C3151E8001F1C
:1065400021F0100021680C3141E80002002AF3D14B
:1065500000BF2068006800F0100010280AD100BFBA
:10656000002000902068006800902068406800903B
:1065700000BF00BFA18D2046FEF743FA02E020468F
:10658000FEF79CFD0020F8BD01E00020FBE70220A3
:10659000F9E7000070B504462168096921F440510B
:1065A000E2681143226811612269A168114362699E
:1065B00041EA02052168C96841F20C62914329430E
:1065C0002268D1602168496921F44071A2691143B0
:1065D000226851612D4A2168914202D1FDF796FB54
:1065E00001E0FDF783FB00EBC00101EB00116268E5
:1065F0009200B1FBF2F100EBC00202EB0012636803
:106600009B00B2FBF3F26423B2FBF3F202EBC20392
:1066100003EB0212A1EB8201322202EB0111642290
:10662000B1FBF2F101F0F00100EBC00202EB00124D
:1066300063689B00B2FBF3F26423B2FBF3F201EB5D
:10664000021200EBC00101EB001163689B00B1FB7B
:10665000F3F100EBC00303EB00136668B600B3FB75
:10666000F6F36426B3FBF6F303EBC30606EB031362
:10667000A1EB8301322303EB01116423B1FBF3F19E
:1066800001F00F0111442268916070BD0038014093
:1066900077B581B0044615460298A062A585002012
:1066A0006064222084F842002848E16B8862284810
:1066B000E16BC8622748E16B08630020E16B486327
:1066C00002AE32682368191D2B46E06BFCF734FDDF
:1066D00000BF00200090206800680090206840689B
:1066E000009000BF00BF206970B100BF00BF2168EB
:1066F0000C3151E8001F41F4807021680C3141E8F1
:106700000002002AF3D100BF00BF00BF216814318E
:1067100051E8001F41F001002168143141E80002F6
:10672000002AF3D100BF00BF00BF2168143151E837
:10673000001F41F040002168143141E80002002AA6
:10674000F3D100BF002004B070BD0000A7620008B4
:106750005B6300085762000810B5034699629A858A
:10676000DA8500205864222083F84200186928B195
:106770001868C06840F480701C68E0601868406960
:1067800040F001001C6860611868C06840F020009B
:106790001C68E060002010BD014691F841002128EE
:1067A00028D18868B0F5805F0BD1086948B90A6ABA
:1067B0001088C0F308000B685860086A801C0862E3
:1067C00005E00B6A581C086218780B685860C88C82
:1067D000401E80B2C88458B90868C06820F08000A4
:1067E0000B68D8600868C06840F040000B68D8604B
:1067F000002070470220FCE72DE9F84304460D46CF
:1068000017469846089E31E0701C70B3FCF752FFA3
:10681000A0EB0800B04200D816B90320BDE8F88309
:106820002068C06800F00400F8B1802D1ED0402D13
:106830001CD020680068C0F3C000B0B100BF0020C9
:10684000009020680068009020684068009000BFB9
:1068500000BF2046FFF7C6FD0820606400BF00208F
:1068600084F8400000BF0120D8E7FFE720680068F7
:106870002840A84201D1012000E00020B842C3D046
:106880000020CBE710B50248FEF700F910BD00006C
:10689000DC01002010B50248FEF7F8F810BD00003A
:1068A0002402002010B50248FEF7F0F810BD0000E9
:1068B0006C02002000BFFEE70146080601F47F429B
:1068C00040EA022001F47F0240EA122040EA11600F
:1068D00070474100080218BF04200A0E18BF40F09C
:1068E00001004FF07F4232EA010108BF40F0020090
:1068F000012808BF052070470246501A704702461B
:10690000302A06DB392A04DCA2F1300008700120AD
:106910007047412A06DB462A04DCA2F137000870E2
:106920000120F5E7612A06DB662A04DCA2F15700A4
:1069300008700120ECE70020EAE7024602B109B93D
:10694000002070471078302802DB1078392801DDEC
:106950000020F6E75078302802DB5078392801DD36
:106960000020EEE7507830381378303B03EB830398
:1069700000EB430008700120E3E77CB504460D46B8
:1069800004B10DB900207CBD207801A9FFF7B7FF45
:1069900008B90020F7E760786946FFF7B0FF08B94B
:1069A0000020F0E79DF800009DF8041040EA011077
:1069B00028700120E7E700002DE9F84F07460C4654
:1069C000164607B116B90020BDE8F88F694638466B
:1069D00000F036F808B90020F6E71749009804F0EF
:1069E00071F8824604F04CF91FFA80F8404604F032
:1069F0007FF98346104904F0C3F98246009904F0F8
:106A0000EDFA81460D49484604F05CF8824640465E
:106A100004F06EF98346514603F0E0FF0546532C1F
:106A200005D0732C03D0572C01D0772C01D185F0E1
:106A3000004535600120C7E70000C84200007042F1
:106A4000F8B504460D4604B10DB90020F8BD207814
:106A500008B90020FAE76946204602F033F90646F5
:106A60000098A04201D10020F0E72E600120EDE760
:106A7000F0B5ADB004460CB92DB0F0BD204600F025
:106A8000EBF900B9F8E72A212046F9F70AFC054698
:106A900005B9F1E7601C2E1A602E00D3ECE73246F0
:106AA000611C15A8F9F726FC002015A988551422A9
:106AB00001A915A800F02AF9074607B9DCE70BA1E0
:106AC000019800F047F920B1394601A800F012F80A
:106AD000D2E707A1019800F03DF920B1394601A89D
:106AE00000F0E6F8C8E700BFC6E70000524D4300DB
:106AF0005654470038B504460D460CB10A2D00D255
:106B000038BDA0680078412801D1012000E00020B4
:106B1000274988770846807F08B90020C87724492C
:106B20001431606800F074F818B10120204981F830
:106B300020001F491431606A00F040F818B10120AC
:106B40001B4981F820001A48807F88B1226911789A
:106B5000174AE068FFF730FF50B1A2691178144A74
:106B6000121D6069FFF728FF10B101201049C87796
:106B70006946E069FFF764FF40B10D4900988860FD
:106B80000C49009804F0FCF80949C8606946206A7D
:106B9000FFF756FF28B1064900980861012081F8E7
:106BA000210000F03FF901200349087000BFA7E76A
:106BB0005C390020560EED3FA100002038B5054697
:106BC0000C4605B10CB9002038BD2846F9F773FB17
:106BD000062801D20020F7E7A11D2846FFF7ADFEE9
:106BE00008B90020F0E7E11DA81CFFF7A6FE08B9D0
:106BF0000020E9E76946281DFFF79FFE08B900203D
:106C0000E2E79DF8000000F5FA6020810120DBE753
:106C10002DE9F04104460D464FF00008002704B16D
:106C200015B90020BDE8F0812046F9F744FB06289D
:106C300001D20020F6E729462046FFF77EFE08B97C
:106C40000020EFE7691CA01CFFF777FE08B90020C1
:106C5000E8E7A91C201DFFF770FE08B90020E1E756
:106C6000A0792E2820D107260BE0A05D303808EB54
:106C7000880100EB41001FFA80F8781CC7B2701C35
:106C8000C6B2A05D302804DBA05D392801DC032FEB
:106C9000EBD307E008EB88004FF6FF7101EA4008EC
:106CA000781CC7B2032FF5D3A5F804800120B9E7FB
:106CB00038B504460D460CB1082D00D238BD6946E2
:106CC0006068FFF7BDFE28B10E49009808610120F9
:106CD00081F8210069466069FFF7B2FE10B10949E9
:106CE000009888606946E069FFF7AAFE10B105497F
:106CF0000098C86000F096F801200349087000BFB2
:106D0000DCE700005C390020A1000020F0B504465B
:106D10000B461546002221460CB103B10DB90020E7
:106D2000F0BD1046561CF2B243F820100DE0087872
:106D30002C2809D100200870AA4205DA481C164602
:106D4000571CFAB243F82600491C08780028EED1F7
:106D50001046E5E72DE9F04105460E4605B116B9A6
:106D60000020BDE8F0812846F9F7A5FA074630462D
:106D7000F9F7A1FA0446A74201D20020F1E7391B36
:106D800048193146F9F75CFB08B90120E9E7002012
:106D9000E7E7000070B505460C46012D00D070BD38
:106DA000242C0FD101201C49087000201B490870B9
:106DB00024211A4802780078401C184B1870184893
:106DC0008154ECE71448007800B9E8E70D2C00D1B5
:106DD000E5E70A2C0CD100201149104A127888549A
:106DE0000D4908700D4908700D48FFF741FED6E7C0
:106DF0000A4800785F2805D3002007490870074932
:106E00000870CCE7054801780078401C034A1070F0
:106E10000348445400BFC2E7A3000020A2000020A2
:106E2000803900200B4890F8200020B90020094943
:106E300081F822000CE0074890F8210020B90120D9
:106E4000044981F8220003E00220024981F822006F
:106E5000704700005C390020F8B505460026002088
:106E6000009005B9F8BD2878242801D00020F9E762
:106E70002A212846F9F715FA04460CB90020F1E753
:106E8000607808B1A07808B90020EBE7681C02E040
:106E900001784E40401CA042FAD36946601CFFF7BF
:106EA0006CFD08B90020DDE79DF80000864201D0A6
:106EB0000020D7E70120D5E7024641EA022000B2D0
:106EC0007047000070B5044661782078FFF7F4FF42
:106ED00031490880E178A078FFF7EEFF2E4948801D
:106EE00061792079FFF7E8FF2B498880617A207A61
:106EF000FFF7E2FF28498882E17AA07AFFF7DCFFFA
:106F00002549C882617B207BFFF7D6FF2249088391
:106F1000B1F9000003F0D4FE05464FF0625103F0D2
:106F20002FFF1D498860B1F9020003F0C9FE054634
:106F30004FF0625103F024FF1749C860B1F9040013
:106F400003F0BEFE05464FF0625103F019FF1249EF
:106F50000861B1F9140003F0B3FE05460F4903F0D0
:106F60000FFF0D49C861B1F9160003F0A9FE0546EF
:106F70000A4903F005FF08490862B1F9180003F057
:106F80009FFE0546054903F0FBFE034948620120C8
:106F900081F8340070BD0000E03D00200000FA3BA5
:106FA0002DE9FC5FFEF77CFC0746424A1169D06878
:106FB00000F004FD8046404903F0E2FE04463D4AED
:106FC0001169106903F0DCFE3A4A0190D168D0687B
:106FD00003F0D6FE0090019903F000FD834601F016
:106FE0005BFE81463348806880F0004A494650463F
:106FF00000F0E4FC8046304903F0C2FE05462F480D
:10700000007840B92B488462C562002101630120E9
:107010002A49087049E02A490968781A03F068FE8D
:107020008046284903F0ACFE06462146264803F078
:10703000A7FE82461F49C869314603F0A1FE834678
:107040001C48816A584603F0C9FC81461F4903F079
:1070500097FE8046514603F0C1FC164988622946D6
:10706000194803F08DFE82461249086A314603F042
:1070700087FE83460F48C16A584603F0AFFC81463D
:10708000124903F07DFE8046514603F0A7FC0949F2
:10709000C862486A314603F073FE80460548016BBA
:1070A000404603F09BFC0349086305480760BDE8C0
:1070B000FC9F0000E03D0020E12E6542AC00002076
:1070C000A80000206F12833A00D7A33C48E17A3F22
:1070D00010B50246012000E050430B1EA1F101044F
:1070E000E1B2F9D110BD2DE9F047064688461746B2
:1070F0001D4600241AE0281B401EC1B20A20FFF7DB
:10710000E7FFB7FBF0F00A21B0FBF1F201FB120937
:1071100009F13001CAB204EB440106EB8101C8B2A7
:1071200001234146FAF7D0FF601CC4B2AC42E2DB57
:10713000BDE8F08770B504460D46012D06D1234603
:10714000402278210020FEF7EFFC05E023460022D4
:1071500078211046FEF7E8FC70BD014608687047CC
:107160002DE9F04780460D461646002416E0601CC7
:10717000B04204D2295D285C41EA002901E015F8FB
:10718000049008EB04014A4600230120FCF784F830
:10719000074617B13846BDE8F087A41CB442E6D3D1
:1071A0000020F8E738B505460C46E0B28DF800003F
:1071B000200A8DF80100200C8DF80200200E8DF8B9
:1071C0000300042269462846FFF7CAFF38BD0000C5
:1071D00002480068C0F30220704700000CED00E098
:1071E00010B5002804DB0A07130E054A135406E005
:1071F0000A07140E034A00F00F031B1FD45410BDDE
:1072000000E400E018ED00E00146112901D3002060
:107210007047044850F8310008B90020F8E7012011
:10722000F6E7000010B6000808B50320009000BF84
:107230009DF80000411EC9B200910028F8D108BD98
:1072400010B5044620780121FEF76CFB607801211F
:10725000FEF768FB10BD000010B50446204600F0A4
:1072600015F808B9002010BD074810F81400FF28D1
:1072700005D0054800EB44004078FF2801D10020EC
:10728000F1E70120EFE7000098B600080146032966
:1072900001D3002070470120FCE770B504460025AB
:1072A00020780121FEF73EFB002615E06806050E5A
:1072B000FFF7BAFF60780121FEF734FBFFF7B4FF58
:1072C0002078FEF715FB08B145F001056078002134
:1072D000FEF728FB701CC6B2082EE7D3284670BD07
:1072E00010B5044620780021FEF71CFBFFF79CFF39
:1072F00060780121FEF716FBFFF796FF607800210A
:10730000FEF710FBFFF790FF10BD70B504460D4669
:1073100000261BE005F0800020B120780121FEF757
:1073200001FB03E020780021FEF7FCFAFFF77CFF69
:1073300060780121FEF7F6FAFFF776FF607800210A
:10734000FEF7F0FA6806050E701CC6B2082EE1D3EF
:1073500070BD10B5044620780121FEF7E3FAFFF76F
:1073600063FF60780121FEF7DDFAFFF75DFF6078CB
:107370000021FEF7D7FAFFF757FF10BD10B50446FE
:1073800020780121FEF7CEFA60780121FEF7CAFAD3
:10739000FFF74AFF20780021FEF7C4FAFFF744FF09
:1073A00060780021FEF7BEFAFFF73EFF10BD10B572
:1073B000044620780021FEF7B5FA60780121FEF737
:1073C000B1FAFFF731FF20780121FEF7ABFAFFF7A2
:1073D0002BFF10BD10B5044620780121FEF7A2FA5C
:1073E000FFF722FF60780121FEF79CFAFFF71CFFF0
:1073F00060780021FEF796FAFFF716FF10BD4840AF
:1074000000220CE000F0800323B1072383EA40034D
:10741000DBB201E043061B0E1846531CDAB2082A01
:10742000F0D3704710B5017BC1EBC10303EB011131
:10743000094BCA1890F8E6105170002106E000F1DF
:10744000E7035C5C931C5C544B1CD9B20A29F6D34D
:107450000121917510BD0000184100200246002155
:107460000BE0084800EB01200068904203D105487A
:1074700000EB01207047481CC1B20329F1D3002062
:10748000F8E70000183E002001460A4A08689042CA
:1074900001D131207047084A0868904201D132205A
:1074A000F8E7064A0868904201D13320F2E75820F5
:1074B000F0E7000000380140004400400048004070
:1074C00001460848814201D10020704706488142A8
:1074D00001D10020F9E70548814201D10020F4E7FD
:1074E0000020F2E70038014000440040004800401E
:1074F00001460848814201D1002070470648814278
:1075000001D10020F9E70548814201D10020F4E7CC
:107510000020F2E7003801400044004000480040ED
:1075200070B504460D46FCF7C5F8C4F8F40094F8AD
:10753000E50007286CD2DFE800F00410303D545815
:107540005C00552D08D129460020FFF758FF84F82C
:10755000F200012084F8E5005EE0AA2D09D1E534AF
:10756000607B2946FFF74BFF6073022004F8E509B2
:1075700012E0D4F8FC00401CC4F8FC00204600F0E7
:107580004DF8552D08D129460020FFF738FF84F823
:10759000F200012084F8E5003EE0E5346570607B90
:1075A0002946FFF72CFF607300202073032004F8A6
:1075B000E50931E014F8F11F2078401C04F8F109C6
:1075C00004F1E7004554F13460782946FFF717FFCE
:1075D000607014F8F1090A2802D3042084F8E50049
:1075E0001AE0052084F8E50016E0062084F8E5009E
:1075F00012E0FF2D03D12046FFF714FF04E0D4F87A
:10760000FC00401CC4F8FC00204600F007F803E032
:10761000204600F003F800BF00BF70BD002100F855
:10762000E51F01734173E53870470246B2F8D00098
:10763000B2F8D230984202D14FF0FF307047B2F822
:10764000D23002F19000C05C087092F8D200401C69
:1076500000F03F00A2F8D2000020EFE710B590F84C
:10766000D0305B1C03F03F02B0F8D230934206D01A
:10767000B0F8D04000F190031955A0F8D02010BD0B
:1076800010B588B004461C2208A101A8F8F777FEBF
:107690002068FFF7F9FE8DF809004FF47A7319227C
:1076A00001A92068FDF722FD08B010BD55534152D5
:1076B000547820494E49542053554343455353462B
:1076C000554C4C590A00000070B504460D4616464C
:1076D000206800F014F800B970BD21680868FFF751
:1076E00007FF28B1324629462068FDF75FFD04E018
:1076F000324629462068FDF79FFD00BFECE770B5D4
:107700000446FBF7D7FF054606E0FBF7D3FF401B17
:10771000322801D9002070BD94F841002028F4D10E
:107720000120F8E7EFF30580704740F201320020B6
:107730004FF0E04103F08EBD024A0020110703F034
:1077400089BD000001FDFFFF012103F0B1BD03F081
:1077500045B90021084603F0B5B96FF05E0108078E
:1077600003F0A6BD10B50446D1E9000100F0B6F85B
:10777000206010BD2DE9F04D0D4614464FF07F41BD
:10778000B1EB440F9EBF4FF0FF312960BDE8F08D93
:107790004FF0004040EA0421C4F3C750783810F09D
:1077A0001F024A4B4FEA601CC2F120067B44C4F31F
:1077B000C750A0F178004FEA601003EB800053F847
:1077C0002C3008BFD0E901C612D0D0F804C09340D5
:1077D0002CFA06F73B4387680CFA02FC27FA06F8F6
:1077E000C06807FA02F2F0404CEA080C42EA0006D0
:1077F000A3FB0132ACFB01C0A6FB016101EB0C064F
:107800008E4234BF4FF0010C4FF0000CC1186144A0
:10781000BCF1000F02D0814202D903E0814201D2C3
:10782000012000E00020104400F120024FEA9218ED
:107830008006CA0C40EA42304F03C5F8008003F0CE
:107840003FFA8246384603F053FA6FF0120103F014
:107850002FFD0746304603F04BFA6FF0250103F089
:1078600027FD83463946504603F0B8F8594603F0E1
:10787000B5F800F500666FF30B065146304603F08D
:107880003FFC394603F03CFC594603F0A7FB104986
:1078900003F076FA07460F49304603F071FA39468D
:1078A00003F09CF807460C49304603F069FA394664
:1078B00003F094F814F0004F08BFBDE8F08DC8F154
:1078C000805180F000402960BDE8F08D543F0000F9
:1078D000DB0FC92F22AAFD290000C92FF8B50446E5
:1078E0000D466A4600F0D8FA00987E3000900028D5
:1078F0001EDC002213462046294602F073FF17D0F3
:10790000002140F608004FF00000064620462946B8
:1079100002F022FF044640F6080006EA00014FF09C
:10792000000034F0004004BF0220F8F7D1FD29E048
:107930000098FF2828DB002108464FF0000000F4E3
:107940004006002213462046294603F011F88CBF5A
:10795000002501250220F8F7BBFD4FF0FF4446B19A
:10796000002D0CBF4FF400004FF48000B04218BF50
:10797000084C042108464FF00000002D04BF84F09D
:107980000040F8BD2046F8BD20462946BDE8F84035
:1079900002F0E2BEFFFF7F7F10B504460A46D4E93D
:1079A0000003194600F0A4FAC4E9000110BD303804
:1079B0000A2801D201207047002070472DE9F047C6
:1079C0004FF0684202EB40030C460546B3F1654FA9
:1079D0003CBF02EB4102B2F1654F80F0CD8000BFA9
:1079E000C0F3C752C1F3C753D21A1B2A06DD10F0E9
:1079F000004F14BF87488848BDE8F08712F11A0F7E
:107A00002FDA11F0004F06D010F0004F0CBF834862
:107A10008348BDE8F0872146284603F053F8064620
:107A2000FEF757FF042808BFFFF797FE2846FEF72A
:107A300050FF05462046FEF74CFF04463046FEF751
:107A400048FF042D18BF052D08D1042C18BF052CA4
:107A500004D1002804BF0220F8F73AFD3046BDE803
:107A6000F0874200B2EB410F25D910F0004F19BF4B
:107A70006C4F6D4E6D4F6E4E224685F0004415469C
:107A80000A4680F0004110460A1A5200B2F1807F87
:107A90003ED248406749DFF8A0A110F0004F18D04F
:107AA0004FF03F48384603F02BFB0746514630461F
:107AB00003F026FB17E011F0004F04BF0026374605
:107AC000E2D010F0004F19BF5C4F5D4E5D4F5E4E2F
:107AD000DAE74FF07C58384602F080FF07465146FF
:107AE000304602F07BFF06464146284603F048F93F
:107AF000214602F073FF82462146404603F040F9DA
:107B0000294603F06BFA514602F0DCFF044604E01C
:107B10002146284602F0D6FF0446014603F030F91C
:107B200080464A4903F02CF9494902F057FF414683
:107B300003F026F9474902F051FF414603F020F9CE
:107B4000454902F04BFF414603F01AF9434902F060
:107B500045FF05464146204603F012F9294603F049
:107B60000FF9314602F03AFF214602F037FF39465D
:107B7000BDE8F04702F032BF4FF07F42B2EB400F5A
:107B800028BFB2EB410F03D2BDE8F047FFF7DFBDDE
:107B900040EA01035B0008BF44F0FF410AD0B2EBAA
:107BA000400F08BFB2EB410F06D125F0804024F012
:107BB000804105460C4613E7B2EB400F12BF5FEA67
:107BC000410345F0FF4004F000413FF409AFB2EB40
:107BD000410F12BF5FEA400205F0004044F0FF4150
:107BE0003FF4FEAE4A0092EA40033FF5F9AE002AA8
:107BF000ACBF4FF09F464FF03E56314603F0C0F801
:107C000005463146204603F0BBF804462846214687
:107C1000E6E60000DB0FC9BFDB0FC93FDB0F4940C1
:107C2000DB0F49C00000C9BF22AAFDB90000C93F4F
:107C300022AAFD390060ED3EC30ACE37000049C0DC
:107C400022AA7DBA0000494022AA7D3A2DAD65BD29
:107C50008FB8D53D0FB511BE61C84C3EA8AAAABECB
:107C60002DE9FF5F0746884614461D4621463846E3
:107C700003F0B4F98346264903F082F88246254989
:107C800002F020FF81464146284603F039FA834638
:107C90001F4903F075F882461E4902F013FF039056
:107CA0002146384602F09AFE4FF07C51009003F0D6
:107CB00067F88346164903F063F88246154902F0D7
:107CC00001FF0290029800F029F8824612490398B9
:107CD00003F056F88346514603F052F806460E4923
:107CE000484603F04DF801900199084603F048F822
:107CF00083463146304603F043F85946009002F07F
:107D00006DFE824600F0C8FF04B0BDE8F09F0000A1
:107D1000DB0F494000003443706DC24A2DE9F8433F
:107D2000044602464F486946B0EB420F09D94FF06E
:107D3000E640B0EB420F94BF00204FF0FF300090C0
:107D400030E0494B22F00040834271D94749204638
:107D500003F016F803F012F9804602F075FF00F008
:107D6000030000904249404603F00AF805464149A5
:107D7000404603F005F806463F49404603F000F848
:107D800007463E49404602F0FBFF214603F026F934
:107D9000394603F0B5F9314603F0B2F9294603F04C
:107DA000AFF904462546009C002C45DB294614F01B
:107DB000010F08461CD002F0E3FF0646304902F0EE
:107DC000DFFF304903F00AF9314602F0D9FF2E49AE
:107DD00002F004FE314602F0D3FF294602F0D0FF44
:107DE000294602F0FBFD14F0020F1CD0BDE8F88319
:107DF00002F0C6FF0546254902F0C2FF244902F001
:107E0000EDFD294602F0BCFF224902F0E7FD2946BC
:107E100002F0B6FF4FF07E5102F0E0FD14F0020FC9
:107E200008BFBDE8F88380F00040BDE8F883FFE7B5
:107E30001046FFF79FFCB4E76800B0F17F4F3CBFEE
:107E40004FF07E50BDE8F88307D14FF00100F8F7FE
:107E50003FFBBDE8F843FFF77CBC2846BDE8F8438C
:107E6000FFF772BCB61F927E490E494683F9223F46
:107E70001A61342C0020A23300A0FD390000C93F54
:107E8000336D4C39DA82083CA0AA2ABEB93AB2BA9C
:107E9000CA9F2A3DDDFFFFBE10B5144600222260B6
:107EA000114A21F000439342A8BF10BD53EA0002DB
:107EB00008BF10BDB3F5801FA8BF226807DA3622BD
:107EC00003F0C8F96FF0350221F000432260DFF8BB
:107ED0001CC06FF31E510CEB23531A4441F0FF51A9
:107EE00041F00051226010BD0000F07F02FCFFFF56
:107EF0002DE9F04106460C4640F2FF75174635EA7B
:107F000014502BD000221346304602F06BFC25D0D3
:107F10003A463046214603F09DF906460C4635EABE
:107F2000145010D000221346304602F05BFC15D1ED
:107F30000220F8F7CDFAFFF7FFFB0A46214662F36D
:107F40001E01BDE8F0810220F8F7C2FAFFF7EDFB51
:107F50000A46214662F31E01BDE8F0813046214603
:107F6000BDE8F081FBF7B8FBFDF7D5FFFDF70EFA92
:107F7000FDF7B0F9FDF71CFBFDF7E2FBFDF7FCFB9D
:107F8000FDF716FCFDF780FBFDF776F9FDF7B6FA75
:107F900000F016F8FDF7D0F900F028F800BFFEE772
:107FA00070B50546FFF7BEFB10B16FF0050404E0A5
:107FB000002415B1284601F0F7FB204670BD0000F3
:107FC00010B5FFF7AFFB10B16FF0050409E00648EC
:107FD000006820B9012004490860002401E04FF046
:107FE000FF34204610BD00006C00002070B5FFF784
:107FF00099FB10B16FF005041FE0114800680128DB
:1080000019D100BF801F0021002804DB0A07130ECE
:108010000C4A135406E00A07150E0B4A00F00F0332
:108020001B1FD55400BF00BF02200549086001F0A6
:1080300037FC002401E04FF0FF34204670BD000003
:108040006C00002000E400E018ED00E02DE9FF479F
:1080500080468946144600200390FFF763FB002802
:108060004ED1B8F1000F4BD0802618258246471E0E
:1080700044B3206808B1D4F800A0A06900B1A56994
:108080002DB1382D03D8207900F0010018B100205F
:1080900004B0BDE8F087606908B160698608A0682F
:1080A00040B1E0685C2805D3206918B1606908B167
:1080B000012708E0A06830B9E06820B9206910B94C
:1080C000002700E00027012F0CD12169A0684B4652
:1080D0003246CDE9005102905146404602F05CF82C
:1080E00003900DE067B903A8B2B24B465146CDE903
:1080F0000050404602F01EF8012801D000200390F5
:108100000398C5E72DE9F04105460E461648076875
:1081100016480068001D01F0BFF9681C38B936B177
:1081200012480168091D124801F00CFA1AE07C1986
:108130000E4800684460BC4207D20C480168091D23
:108140000C48006801F0E4F90CE008480168091DDA
:108150000948006801F0DCF908480068844201D24F
:1081600006480460BDE8F081300000201C000020BB
:108170002009002024000020200000204C000020C6
:1081800010B5044601F0EAF924480068401C234970
:1081900008602348006840B9214804600846006828
:1081A00001280DD100F0FCF90AE01E48006838B93A
:1081B0001B480068C06AE16A884201D81848046018
:1081C00019480068401C1849086008460068606447
:1081D0001649E06A0968884202D91449E06A0860D1
:1081E000E16A01EB8101124A02EB8100211D01F0DD
:1081F000A9F901F0DDF90B48006868B1084800688A
:10820000C06AE16A884207D24FF08050094908608D
:10821000BFF34F8FBFF36F8F10BD00002C00002005
:108220001C000020380000204800002034000020FE
:108230007004002004ED00E008B501F08FF9124849
:108240000068E8B9114801F053F9114801F050F9FC
:108250000E48104908600E480F49086000200F4B77
:108260000F4A102100900A2001F05CFC06490860CA
:108270000846006820B10BA10348006801F058FAD5
:1082800001F096F908BD00006000002034090020CC
:1082900048090020580000205C0000205C090020F4
:1082A000AC090020546D72510000000010B516E0BA
:1082B00001F054F90C48C068C468201D01F0ECF8C6
:1082C0000A480068401E0949086009480068401EC5
:1082D0000749086001F06CF9204600F05FF8044897
:1082E00000680028E4D110BD0C0900202C000020FB
:1082F0002800002070B504460D46206C70B1216C3A
:10830000E0680144E160D4E90210884201D32168A9
:10831000E1602846226CE168F7F7ECFF70BD2DE9BB
:10832000F04104460F4615464FF00008A66B206C3E
:1083300048B9206800282CD1A06802F043F8804694
:108340000020A06025E07DB93946226C6068F7F70F
:10835000D1FF216C606808446060D4E90101884263
:1083600017D32068606014E03946226CE068F7F7A4
:10837000C1FF216CE068411AE1602168E068884231
:1083800003D2216CA068411AE160022D01D106B12F
:10839000761E701CA0634046BDE8F08110B504460F
:1083A00094F8590030B9206B01F020F9204601F013
:1083B0001DF91AE094F85900012803D1204601F074
:1083C00015F912E094F85900022801D1012000E0CB
:1083D000002050B900BF502080F31188BFF34F8FA9
:1083E000BFF36F8F00BF00BFFEE710BD0146084A14
:1083F000126812680AB9012200E000220A600A68C5
:1084000022B9034A1268D268106800E00020704761
:108410005800002030B54FF42053174800F00704EF
:108420002CB1C01D20F00700134C041B1B1B02467F
:10843000124C22600024114D6C60D018083820F0D6
:1084400007000F4C206000240D4D2D686C600C4D12
:108450002D682C601146441A4C60094C24680C604D
:10846000084D4C682C60084D4C682C604FF000445F
:10847000064D2C6030BD000004110020700000206B
:1084800078000020800000207C0000208C0000206C
:1084900000BFFFF70BFF064800680128F9D94FF02D
:1084A000805004490860BFF34F8FBFF36F8FF0E730
:1084B0007004002004ED00E02DE9F04106460D4671
:1084C00017469846069C0DB9246000E02760E663D5
:1084D00025640121204601F095FB84F84C80BDE81D
:1084E000F0812DE9F05F82460E4690469B460A9F3A
:1084F0000C9C4FEA8801A522206BF7F772FFA8F1C8
:108500000100216B01EB800929F0070909F0070040
:1085100008B9012000E0002050B900BF502080F3CE
:108520001188BFF34F8FBFF36F8F00BF00BFFEE70F
:1085300086B1002507E0715D04F134004155705D9E
:1085400000B902E06D1C102DF5D300BF00214320BF
:10855000015502E0002084F83400382F00D337277B
:10856000E762E76400202065201D00F0CEFF04F1E3
:10857000180000F0CAFF2461C7F13800A0616462EE
:108580000020606584F858005A465146484600F07D
:1085900071FB20600B9808B10B980460BDE8F09F58
:1085A00010B5002407E004EB84010F4A02EB8100C0
:1085B00000F09EFF641C382CF5D30C4800F098FFA7
:1085C0000B4800F095FF0B4800F092FF0A4800F0BE
:1085D0008FFF0A4800F08CFF0448094908600448EE
:1085E0000849086010BD000070040020D008002079
:1085F000E4080020F80800200C09002020090020D1
:10860000200000202400002010B50146164800E09C
:10861000006803688B42FBD30246436813448B42D5
:1086200004D143684C682344436001460A464B68C2
:1086300013440468A34211D10C4C03682468A3427C
:1086400008D04B680468646823444B6003681B6867
:108650000B6005E0054B1B680B6001E003680B60D5
:10866000884200D0016010BD70000020780000201A
:108670002DE9F04104460D4616461F464FF000080E
:1086800065602461B5420CD8F01BA169884202D311
:108690004FF0010811E0211D0948006800F038FF83
:1086A0000BE0BE4204D2BD4202D34FF0010804E009
:1086B000211D0448006800F02BFF4046BDE8F08112
:1086C0005C0000205800002070B5054600F046FF11
:1086D000A86B08B9012400E0002400F069FF2046DF
:1086E00070BD70B5054600F039FFA86BE96B884294
:1086F00001D1012400E0002400F05AFF204670BDA3
:10870000F8B505460F461A480068C068C468201DC1
:1087100000F0C2FE94F8280000F00400E8B1A0695F
:1087200041192B463A462046FFF7A2FFD8B1002058
:1087300003462A4601460090204601F09FFF064668
:1087400056B900BF502080F31188BFF34F8FBFF39D
:108750006F8F00BF00BFFEE705E094F8280020F00F
:10876000010084F828002046216A8847F8BD0000EF
:1087700058000020F0B587B0A0E00398002811DA77
:1087800004AE56B900BF502080F31188BFF34F8F5D
:10879000BFF36F8F00BF00BFFEE7D6E90020B168CE
:1087A000904700BF03980028E6DB059C606908B984
:1087B000012000E0002010B9201D00F06DFE02A88D
:1087C00000F0DEF8054603980A2875D2DFE800F0CD
:1087D00009050739416306083A4200BF00BF00BFE0
:1087E00000BF94F8280040F0010084F828000498A5
:1087F000A269811803462A462046FFF739FFF8B1DF
:108800002046216A884794F8280000F00400B8B197
:10881000002000900498A1694218002319462046C0
:1088200001F02CFF074657B900BF502080F3118894
:10883000BFF34F8FBFF36F8F00BF00BFFEE700BFD6
:108840003BE000BF94F8280020F0010084F82800E5
:1088500033E000BF94F8280040F0010084F82800BD
:108860000498A061A06908B1012000E0002050B97F
:1088700000BF502080F31188BFF34F8FBFF36F8F7D
:1088800000BF00BFFEE7A06941192B462A462046DB
:10889000FFF7EEFE11E094F8280000F0020018B98E
:1088A000204600F0A3FE05E094F8280020F0010027
:1088B00084F8280001E0FFE700BF00BF002203A901
:1088C0000448006801F03CFB00287FF456AF07B075
:1088D000F0BD000060000020F8B505460C4601F030
:1088E0003BF8684600F04CF80646009820BB44B9B7
:1088F000B54206D801F004FE31462846FFF700FFD6
:108900001CE03CB10E480068006808B9012000E096
:1089100000200446A91B22460A48006800F01EFFFA
:1089200001F0EEFD50B94FF0805007490860BFF3E9
:108930004F8FBFF36F8F01E001F0E2FDF8BD000043
:108940005C0000206000002004ED00E00A49096896
:10895000096809B9012100E0002121B14FF0FF3180
:10896000064A116006E004490968C968C868034AF4
:108970004168116070470000200000204C0000207A
:1089800070B5044601F076FC05460748006885424C
:1089900004D200F00BF80120206001E000202060EC
:1089A00001480560284670BD680000202DE9F843A5
:1089B00034E025480068C068056823480068C0683E
:1089C000C468201D00F068FD2046216A884794F89D
:1089D000280000F0040008B3A0694619AE4207D988
:1089E00066602461211D1848006800F091FD15E0C3
:1089F000002003462A4601460090204601F03EFE34
:108A0000074657B900BF502080F31188BFF34F8F3E
:108A1000BFF36F8F00BF00BFFEE700BF0A480068CA
:108A2000006808B9012000E000200028C1D00648F5
:108A3000D0F8008005480068034908600348C0F882
:108A40000080BDE8F8830000580000205C00002092
:108A50000E480068401C08B9012000E0002050B911
:108A600000BF502080F31188BFF34F8FBFF36F8F8B
:108A700000BF00BFFEE700BF502080F31188BFF3A6
:108A80004F8FBFF36F8F00BF00BFFEE79000002045
:108A900008B500BF6846FFF7A9FC044620460099C8
:108AA000FFF71AFFFFF766FEF4E770B5044600F023
:108AB00055FD94F9455010E0606A08B9012000E0C6
:108AC000002038B904F1240001F0CEFC18B100F008
:108AD000A5FE00E003E0681E45B2002DECDC00BFFF
:108AE000FF2084F8450000F063FD00F037FD94F9A5
:108AF000445010E0206908B9012000E0002048B986
:108B000004F1100001F0B0FC08B100F087FE681E0F
:108B100045B200E001E0002DECDC00BFFF2084F84E
:108B2000440000F045FD70BD2DE9F04104464FF0D2
:108B3000000800F011FF4948006808B9FFF76AFC17
:108B4000474800682040002870D1D4B1083404F0B0
:108B50000700B0B104F00700C0F10800044404F0BD
:108B6000070008B9012000E0002050B900BF5020E4
:108B700080F31188BFF34F8FBFF36F8F00BF00BF2B
:108B8000FEE7002C52D03748006884424ED8364E5B
:108B90003046056801E02E462D686868A04202D282
:108BA00028680028F7D12D48006885423ED03068FB
:108BB00000F10808286830606868001B102819D97F
:108BC0002F1907F0070008B9012000E0002050B974
:108BD00000BF502080F31188BFF34F8FBFF36F8F1A
:108BE00000BF00BFFEE76868001B78606C60384615
:108BF000FFF70AFD1B4968680968081A19490860E7
:108C00000846006819490968884203D21548006877
:108C100016490860124968680968084368600020BE
:108C2000286013480068401C1149086001F068FC86
:108C300008F0070008B9012000E0002050B900BF8B
:108C4000502080F31188BFF34F8FBFF36F8F00BFA9
:108C500000BFFEE74046BDE8F0810000780000203C
:108C60008C0000207C00002070000020800000208C
:108C700084000020001F4FF080730360001F21F06C
:108C800001030360001F034B0360143802602038A7
:108C900070470000518A000870B5054602F0A8F937
:108CA000044620F00040C0F1FF40C00F08D025F07E
:108CB0000040C0F1FF40C00F04BF0120F7F708FCDF
:108CC000204670BD08B50A4600210091014668465D
:108CD000F7F704FC009808BD10B5FCF749FEFCF757
:108CE00043FEFCF797FFFCF7BFFEFDF707F8FCF724
:108CF00093FDFCF76BFEF8F739FFF9F7E9FB10BDC0
:108D0000FFF7EAFF00BF27480068401C25490860BC
:108D1000FDF79CF8F8F74AFFF8F7DCFE2148C07928
:108D200028B9C8202049888401201E49C8711D48DF
:108D300000680A21B0FBF1F201FB120008B9F9F753
:108D4000DBFC184800683221B0FBF1F201FB120095
:108D500008B9FCF77DFD134800684FF47A71B0FB49
:108D6000F1F201FB120008B9FCF752FE0E4800793F
:108D700000F0010018B901200A49087102E0002042
:108D800008490871094890F8440018B101200549C4
:108D9000487102E00020034948710A20FFF700F9FA
:108DA000B1E700005042002034390020C8410020C3
:108DB00010B51748C07BD8B11648007808B9012013
:108DC00000E00020134908700846007810B14FF603
:108DD000FF7000E00020104988840E4801780020D0
:108DE000F8F7B0FF0B4801780120F8F7ABFF10BD92
:108DF0000020084908700849888400210120F8F7FC
:108E0000A1FF01210020F8F79DFF00BFEFE7000060
:108E10005C420020D100002034390020014621B1FD
:108E2000012904D0022906D103E004A0704705A05F
:108E3000FCE707A0FAE708A0F8E700004E4F4E4510
:108E400000000000564942524154494F4E00000074
:108E50004F46465345540000554E4B4E4F574E001B
:108E600070B5154890F8440000F00104124890F8DD
:108E70005450124880F8254080F826500CB1012C3F
:108E800012D10E48807BA0420ED00C48847300F0B3
:108E9000E9FA34B9002000F02DF8002007490877DE
:108EA00002E0002005490877012D04D1012000F0DF
:108EB00021F800F0D7FA70BDC84100205C420020C4
:108EC00000200A4991F8241009B1012003E0074964
:108ED000C97B01B102200549CA7B05490A620349E1
:108EE0008A7B0349CA620863704700005C42002025
:108EF000C841002070B504460C48057C14B12846D2
:108F000000F0B0F900200949C873087408490870D6
:108F1000084908700849888400210120F8F712FFE9
:108F200001210020F8F70EFF70BD00005C42002018
:108F3000D0000020D10000203439002070B5154841
:108F4000807B18B900201349087770BD1148007B59
:108F500000B9FAE70F48007F48B90E4840680D494C
:108F6000486108468068886101200877EDE7094D6F
:108F7000AB686A68A9696869FEF772FE044606492B
:108F8000204601F0C9FF02D2022000F083F900BFA1
:108F9000DBE700005C4200200000204110B501200A
:108FA000074981F824000748007828B1F8F774FFD2
:108FB000F9F768F8F8F792FFFCF71AFE10BD000009
:108FC0005C420020A4000020014621B1012904D008
:108FD000022906D103E004A0704708A0FCE70BA01B
:108FE000FAE70EA0F8E700004750533A20444953EF
:108FF000434F4E4E45435445440000004750533ABA
:1090000020534541524348494E4700004750533A88
:1090100020574F524B494E47000000004750533AEB
:1090200020554E4B4E4F574E0000000000B589B002
:109030006846F8F797FE98B117490098486001987C
:1090400088609DF81E0020B19DF81F0008B1012026
:1090500000E00020104908739DF82200487304E0E6
:109060000E4890F822000C4948730B4841680C48A0
:109070004161094881680A4881610748017B0848C5
:10908000C161084801680648416206480068401C02
:109090000449086009B000BD5C4200205C39002032
:1090A000C8410020CC00002010B5F8F7E1FCF8F72B
:1090B00079FE6420FEF774FFF8F758FDF8F76CFFAF
:1090C000F8F7A8FE0020104908604860886008731F
:1090D00048738873C873087448618861087747F2D9
:1090E00030500862002081F82400FF2081F825001C
:1090F000002081F8260005490860054908700549E7
:1091000008700549087010BD5C420020CC000020AA
:10911000D0000020D1000020D200002010B5002097
:10912000F8F7FCFD08B1012010BD0120F8F7F6FDAD
:1091300008B10120F8E70220F8F7F0FD08B101209E
:10914000F2E70020F0E7000010B50020F8F7E6FD98
:10915000044654B10648007838B90648C07B10B1BF
:109160000120FFF7C7FE00F07DF90148047010BD33
:10917000D20000205C42002070B53148006A00F245
:10918000E7304FF47A71B0FBF1F42D4890F82400E9
:1091900048B12C48007828B1F8F77EFEF8F772FF46
:1091A000F8F79CFE70BD2748007808B9F8F7AAFECA
:1091B000F8F772FE2249487BFFF706FF05462A466C
:1091C00000210846F9F7B7F81FA208210020F9F797
:1091D000B2F81B480423102142680020F9F716F862
:1091E0001BA220210020F9F7A6F815480423282106
:1091F00082680020F9F70AF817A238210020F9F751
:109200009AF80F49087CFFF709FE05462A463821DF
:109210000C20F9F790F811A238214E20F9F78BF8BD
:109220000223224638215A20F9F75EF80CA2382191
:109230006620F9F780F8F8F725FF00BFB2E70000D5
:109240005C420020A40000204C61743A0000000041
:109250004C6F6E3A00000000413A0000533A0000A3
:1092600073000000022800D070470949097B49B10A
:1092700007494968064A516111468968916101218F
:10928000117702E00021024A117700BFECE70000ED
:109290005C42002010B504460948C07B08B9084864
:1092A000047401200649C873002081F8240047F2A5
:1092B000305008620348007808B9F8F723FE10BD63
:1092C0005C420020A400002010B5FFF73DFFFFF72F
:1092D00025FF10B100F0C6F810BD0F48C07B10B1DB
:1092E00000F0C0F8F8E70C4890F8240010B1FCF743
:1092F0007FFCF1E70848006A022805D90648006AA1
:10930000801E0549086204E0002003490862FFF757
:1093100045FE00BFE0E700005C420020FFF7C4FE0E
:1093200000BF1E480068401C1C490860FFF7CCFFC6
:109330001A4800680521B0FBF1F201FB120008B9E0
:10934000F8F798FD154800683221B0FBF1F201FBF7
:10935000120038B9FFF784FD00F022F8FFF728FD6E
:10936000FFF7AEFD0D480068FA21B0FBF1F201FBFA
:10937000120008B9FFF700FF084800684FF4FA71BF
:10938000B0FBF1F201FB120018B9FFF74FFEFFF737
:10939000D5FD0220FEF704FEC3E700005C4200207A
:1093A0002DE9F04786B02C48807B28B900202B4956
:1093B000087006B0BDE8F08701A8F8F719FD00B9FC
:1093C000F7E70599084601F0DBFC8046049908465A
:1093D00001F0D6FC81460399084601F0D1FC824693
:1093E000494601F0FBFA0746414601F0F7FA064606
:1093F000FFF752FC05464FF07E51284601F080FEF3
:1094000004460021204601F087FC01D284F000448C
:109410001349204601F080FD13D21048007803283C
:1094200004D20E480078401C0C4908700B480078A4
:1094300003280ED30120FFF72DFF002007490870F5
:1094400007E00648007820B104480078401E034930
:10945000087000BFADE700005C420020D000002093
:109460009A99993E10B50020064981F8240047F2E8
:1094700030500862FCF7CDFB0348007808B9F8F7D4
:1094800041FD10BD5C420020A400002010B500BFCB
:109490000220FEF785FDFBE701460A69D1E90130AC
:1094A0009860D1E9010358605068884201D188680A
:1094B0005060002008611068401E106010687047FE
:1094C000034B0360034B0B60802313607047000065
:1094D0004C0A0020A80A0020034B0360034B0B60DA
:1094E0004FF4807313607047A80C0020040D002017
:1094F00000F1080141604FF0FF31816000F1080187
:10950000C160016100210160704700210161704765
:1095100010B502460B685C1C0CB9106907E002F13B
:10952000080000E04068446824689C42FAD9446816
:109530004C604C68A160886041600A611468641CDA
:10954000146010BD42684A6093688B6093685960EC
:109550009160086103685B1C0360704700BF502086
:1095600080F31188BFF34F8FBFF36F8F00BF0E489A
:109570000068401C0C49086008460068012812D1A8
:109580000A480068C0B208B9012000E0002050B9C4
:1095900000BF502080F31188BFF34F8FBFF36F8F50
:1095A00000BF00BFFEE770479000002004ED00E020
:1095B0000D48006850B900BF502080F31188BFF3F8
:1095C0004F8FBFF36F8F00BF00BFFEE706480068F4
:1095D000401E054908600846006820B9002080F355
:1095E000118800BF00BF70479000002070B506468C
:1095F0003546002E44D0083D2C4622496068096853
:10960000084008B1012000E0002050B900BF502000
:1096100080F31188BFF34F8FBFF36F8F00BF00BF80
:10962000FEE7206808B9012000E0002050B900BF23
:10963000502080F31188BFF34F8FBFF36F8F00BFAF
:1096400000BFFEE70F49606809680840C0B12068A4
:10965000B0B90C49606809688843606000F07CF923
:109660000949606809680844074908602046FEF710
:10967000CBFF06480068401C0449086000F040FF2A
:1096800070BD00008C0000207C00002088000020BD
:1096900000204FF0E02108618861064800684FF41F
:1096A0007A71B0FBF1F0401E4FF0E02148610720D5
:1096B000086170471800002070B5F6F7BBFD04463E
:1096C000102C16D304F1E02090F8F05315480078E0
:1096D000854201DB012000E0002050B900BF50208E
:1096E00080F31188BFF34F8FBFF36F8F00BF00BFB0
:1096F000FEE70D48006800F4E0600C490968884204
:1097000001D8012000E0002050B900BF502080F3B4
:109710001188BFF34F8FBFF36F8F00BF00BFFEE70D
:1097200070BD0000940000200CED00E098000020C7
:10973000024600200BE0084B53F8303033B9064B9B
:1097400043F8301003EBC0035A6002E0401C0828C5
:10975000F1D300BF70470000300400202DE9F04134
:1097600005460E4617462C46FFF7F8FE94F94400CE
:10977000401C10B9002084F8440094F94500401CB6
:1097800010B9002084F84500FFF712FFA06B28B93C
:109790003A46314604F1240000F062F82046FFF713
:1097A00084F9BDE8F081000070B504460025D4B10D
:1097B0001248006808B9012000E0002050B900BF3D
:1097C000502080F31188BFF34F8FBFF36F8F00BF1E
:1097D00000BFFEE700F0C0F800212046FEF792FC33
:1097E00000F08EFE05463DB94FF0805004490860F8
:1097F000BFF34F8FBFF36F8F70BD00005400002088
:1098000004ED00E00349096801600349096841600B
:109810007047000044000020300000200120014972
:10982000086070474000002070B504460D4654B9EA
:1098300000BF502080F31188BFF34F8FBFF36F8FAD
:1098400000BF00BFFEE70548016818312046FFF75A
:109850005FFE01212846FEF755FC70BD1C0000206C
:1098600070B505460E46144655B900BF502080F32A
:109870001188BFF34F8FBFF36F8F00BF00BFFEE7AC
:109880000648016818312846FFF75CFE0CB14FF01E
:10989000FF3621463046FEF735FC70BD1C00002027
:1098A00010B586B000200590049003AA04A905A86D
:1098B000FFF706FE0022DDE904101346CDE9002182
:1098C00002901EA11F48039A00F066FC1E49086022
:1098D0000846006808B1012400E00024012C02D1F0
:1098E00000F090FE0446012C15D100BF502080F3FB
:1098F0001188BFF34F8FBFF36F8F00BF4FF0FF3062
:1099000012490860012012490860002011490860CE
:1099100000F072F810E0601C08B1012000E00020A7
:1099200050B900BF502080F31188BFF34F8FBFF3B1
:109930006F8F00BF00BFFEE706B010BD49444C4525
:109940000000000091840008500000204C0000201E
:10995000380000203000002002480068401C014907
:1099600008607047540000201E48006818B10120AC
:109970001D49086034E000201B4908601B4801684D
:109980000CE051B900BF502080F31188BFF34F8F16
:10999000BFF36F8F00BF00BFFEE7491E01EB8100E0
:1099A000134A52F8200008B9012000E000200028E6
:1099B000E7D101EB81020E4B03EB82004268526853
:1099C000426000F108024368934202D14268526843
:1099D00042604268D268074B1A600448016000BFC9
:1099E0007047000054000020400000203400002098
:1099F000700400201C0000201CB53849084600787F
:109A00000190FF200A4610700846007800909DF8EB
:109A1000000000F0F0009DF80020904201D10120EC
:109A200000E0002050B900BF502080F31188BFF340
:109A30004F8FBFF36F8F00BF00BFFEE79DF80000A0
:109A400000F05000264A10700720264A106009E0F6
:109A500024480068401E234A10609DF8000040061C
:109A6000000E00909DF8000000F080008028EFD0EC
:109A70001C480068C0F10700042801D1012000E063
:109A8000002050B900BF502080F31188BFF34F8FE2
:109A9000BFF36F8F00BF00BFFEE7124800680002EF
:109AA000104A10601046008800F4E06010600B4A15
:109AB000019810700C48006840F470000A49086072
:109AC0000846006840F070400860FFF7E1FD0020A4
:109AD00006490860F6F778FB00201CBD00E400E0B2
:109AE000940000209800002020ED00E0900000206D
:109AF00010B500BF502080F31188BFF34F8FBFF324
:109B00006F8F00BF00F0BCFB18B14FF080500449CC
:109B1000086000BF002080F3118800BF10BD000066
:109B200004ED00E02DE9F84380460E4617461D4639
:109B3000DDF82090B8F1000F01D0012000E00020F6
:109B400050B900BF502080F31188BFF34F8FBFF38F
:109B50006F8F00BF00BFFEE70DB1012000E00020C5
:109B600050B900BF502080F31188BFF34F8FBFF36F
:109B70006F8F00BF00BFFEE707B10EB1012000E00C
:109B8000002050B900BF502080F31188BFF34F8FE1
:109B9000BFF36F8F00BF00BFFEE707B90EB901200A
:109BA00000E0002050B900BF502080F31188BFF3BF
:109BB0004F8FBFF36F8F00BF00BFFEE750200090B4
:109BC0000098502801D1012000E0002050B900BFCA
:109BD000502080F31188BFF34F8FBFF36F8F00BF0A
:109BE00000BFFEE700BF2C464CB1012084F84600C0
:109BF0004B463A46314640460094FEF75DFC20460F
:109C0000BDE8F88370B505460E462C4654B900BF32
:109C1000502080F31188BFF34F8FBFF36F8F00BFC9
:109C200000BFFEE7FFF79AFCD4E90F12206801FBA2
:109C30000200A0600020A06320686060E06B401E0E
:109C4000226C216800FB0211E160FF2084F84400CF
:109C500084F845009EB9206908B9012000E0002081
:109C6000A8B904F1100000F0FFFB80B14FF0805064
:109C700009490860BFF34F8FBFF36F8F07E004F10E
:109C80001000FFF735FC04F12400FFF731FCFFF76B
:109C90008FFC012070BD000004ED00E02DE9FF43C2
:109CA00083B0064688461D464FF00009344654B935
:109CB00000BF502080F31188BFF34F8FBFF36F8F29
:109CC00000BF00BFFEE7B8F1000F01D1206C08B95A
:109CD000012000E0002050B900BF502080F311881F
:109CE000BFF34F8FBFF36F8F00BF00BFFEE7022DA2
:109CF00002D1E06B012801D1012000E0002050B921
:109D000000BF502080F31188BFF34F8FBFF36F8FD8
:109D100000BF00BFFEE700F09DFA08B9059808B93A
:109D2000012000E0002050B900BF502080F31188CE
:109D3000BFF34F8FBFF36F8F00BF00BFFEE700BFC1
:109D4000FFF70CFCA06BE16B884201D3022D28D1F8
:109D50002A4641462046FEF7E2FA0746606A08B9FD
:109D6000012000E0002068B904F1240000F07CFB31
:109D700088B14FF0805032490860BFF34F8FBFF376
:109D80006F8F08E03FB14FF080502D490860BFF35E
:109D90004F8FBFF36F8FFFF70BFC012007B0BDE8BB
:109DA000F083059818B9FFF703FC0020F6E7B9F136
:109DB000000F04D101A8FFF725FD4FF00109FFF7BF
:109DC000F7FBFFF7C9FDFFF7C9FB94F94400401CFE
:109DD00010B9002084F8440094F94500401C10B9E3
:109DE000002084F84500FFF7E3FB05A901A800F077
:109DF0005BF9F0B92046FEF774FCA0B104F1100045
:109E00000599FFF711FD2046FEF74FFE00F078FBA5
:109E1000002895D14FF0805009490860BFF34F8F5B
:109E2000BFF36F8F8CE72046FEF73FFE00F068FB24
:109E300086E72046FEF739FE00F062FB0020ADE722
:109E400004ED00E02DE9F84F07468A4690461E468D
:109E50003C4654B900BF502080F31188BFF34F8FA8
:109E6000BFF36F8F00BF00BFFEE7BAF1000F01D153
:109E7000206C08B9012000E0002050B900BF50203C
:109E800080F31188BFF34F8FBFF36F8F00BF00BF08
:109E9000FEE7022E02D1E06B012801D1012000E093
:109EA000002050B900BF502080F31188BFF34F8FBE
:109EB000BFF36F8F00BF00BFFEE7FFF7FDFB00BFE2
:109EC0005021EFF3118081F31188BFF34F8FBFF35F
:109ED0006F8F00BF0546A06BE16B884201D3022E55
:109EE00025D194F945B0A06B0090324651462046EA
:109EF000FEF715FA0BF1010088B9606A08B9012074
:109F000000E0002050B904F1240000F0ADFA28B1BF
:109F1000B8F1000F02D00120C8F8000004E00BF1F6
:109F2000010040B284F845004FF0010901E04FF014
:109F3000000900BF85F3118800BF4846BDE8F88FCF
:109F40002DE9F74183B005460E464FF000082C4638
:109F500054B900BF502080F31188BFF34F8FBFF377
:109F60006F8F00BF00BFFEE70EB9206C08B901205B
:109F700000E0002050B900BF502080F31188BFF3EB
:109F80004F8FBFF36F8F00BF00BFFEE700F062F995
:109F900008B9059808B9012000E0002050B900BFB9
:109FA000502080F31188BFF34F8FBFF36F8F00BF36
:109FB00000BFFEE700BFFFF7D1FAA76BF7B131464C
:109FC0002046FEF797F9781EA063206908B90120A2
:109FD00000E0002060B904F1100000F045FA38B14B
:109FE0004FF080502F490860BFF34F8FBFF36F8F42
:109FF000FFF7DEFA012006B0BDE8F081059818B938
:10A00000FFF7D6FA0020F6E7B8F1000F04D101A857
:10A01000FFF7F8FB4FF00108FFF7CAFAFFF79CFCC7
:10A02000FFF79CFA94F94400401C10B9002084F812
:10A03000440094F94500401C10B9002084F8450004
:10A04000FFF7B6FA05A901A800F02EF8F0B92046EE
:10A05000FEF73AFBA0B104F124000599FFF7E4FBF9
:10A060002046FEF722FD00F04BFA0028A3D14FF066
:10A0700080500C490860BFF34F8FBFF36F8F9AE792
:10A080002046FEF712FD00F03BFA94E72046FEF76B
:10A090000CFD00F035FA2046FEF716FB00288AD0AA
:10A0A0000020A8E704ED00E070B505460C4655B960
:10A0B00000BF502080F31188BFF34F8FBFF36F8F25
:10A0C00000BF00BFFEE754B900BF502080F31188E5
:10A0D000BFF34F8FBFF36F8F00BF00BFFEE7FFF7E7
:10A0E0003DFA124802686868131A2068401C08B9D3
:10A0F000002617E00E4928680968884204D068687D
:10A10000904201D801260DE02068984207D92068C6
:10A11000C01A20602846FFF775FB002602E00020E9
:10A1200020600126FFF744FA304670BD3000002061
:10A13000440000202DE9FF4F85B080468946174630
:10A14000DDE912ABB800FEF7EFFC064656B15C2025
:10A15000FEF7EAFC04460CB1266304E03046FFF744
:10A1600045FA00E000248CB1002084F85900CDE9C4
:10A1700000ABCDE902403A4649464046089BFEF70F
:10A18000B0F92046FDF7FCFF012501E04FF0FF3557
:10A19000284609B0BDE8F08F2DE9F04F85B007469D
:10A1A000884691469A46DDE90EB6109C0EB1012014
:10A1B00000E0002050B900BF502080F31188BFF3A9
:10A1C0004F8FBFF36F8F00BF00BFFEE70CB10120C0
:10A1D00000E0002050B900BF502080F31188BFF389
:10A1E0004F8FBFF36F8F00BF00BFFEE75C2003906F
:10A1F00003985C2801D1012000E0002050B900BF85
:10A20000502080F31188BFF34F8FBFF36F8F00BFD3
:10A2100000BFFEE700BFB4B1AEB125462C462E63A9
:10A22000022085F85900002004A953464A46CDE98A
:10A2300000B1CDE9025041463846FEF752F92846B2
:10A24000FDF79EFF01E000200490049805B0BDE8F2
:10A25000F08F00000549096809B9012005E00449AB
:10A26000096809B9022000E000207047380000208A
:10A2700054000020014908687047000030000020A9
:10A280002DE9F0414FF000084348006800287BD1D9
:10A2900042480068451C4148056015BB40480068BD
:10A2A000006808B9012000E0002050B900BF50202C
:10A2B00080F31188BFF34F8FBFF36F8F00BF00BFD4
:10A2C000FEE7374807683748006835490860354871
:10A2D000076035480068401C33490860FEF736FBCC
:10A2E00000BF3248006885423BD300BF2C4800685D
:10A2F000006808B9012000E0002020B14FF0FF30D5
:10A300002A4908602CE026480068C068C46866686E
:10A31000B54202D22548066022E0201DFFF7BCF8B6
:10A32000A06A18B104F11800FFF7B6F82049E06AF6
:10A330000968884202D91E49E06A0860E16A01EBB7
:10A3400081011C4A02EB8100211DFFF7FBF81A492D
:10A35000E06A0968C96A8842C8D34FF00108C5E7B6
:10A3600000BF15480068C06A00EB8000114951F831
:10A370002000012801D94FF001081048006808B1F9
:10A380004FF0010805E0FFE70D480068401C0C494C
:10A3900008604046BDE8F0815400002030000020F5
:10A3A0002000002024000020440000204C00002059
:10A3B00034000020700400201C0000204000002019
:10A3C0003C00002070B505462C460026002D43D0E9
:10A3D00022480068844201D1012000E0002050B9E9
:10A3E00000BF502080F31188BFF34F8FBFF36F8FF2
:10A3F00000BF00BFFEE7206D50B900BF502080F3C2
:10A400001188BFF34F8FBFF36F8F00BF00BFFEE710
:10A41000206D401E2065E16CE06A88421CD0206DF2
:10A42000D0B9201DFFF738F8E06CE062E06AC0F1B7
:10A430003800A0610A49E06A0968884202D90849DF
:10A44000E06A0860E16A01EB8101064A02EB8100E3
:10A45000211DFFF777F80126304670BD1C00002053
:10A46000340000207004002070B50646F068C4680F
:10A4700054B900BF502080F31188BFF34F8FBFF352
:10A480006F8F00BF00BFFEE704F11800FFF704F86C
:10A4900015480068A0B9201DFEF7FEFF1349E06AC9
:10A4A0000968884202D91149E06A0860E16A01EB53
:10A4B00081010F4A02EB8100211DFFF743F804E000
:10A4C00004F118010B48FFF73DF80B49E06A0968F1
:10A4D000C96A884204D9012501200849086000E0C2
:10A4E0000025284670BD00005400002034000020E4
:10A4F00070040020F80800201C000020400000200C
:10A5000070B5002400263648006850B900BF5020BE
:10A5100080F31188BFF34F8FBFF36F8F00BF00BF71
:10A52000FEE7FFF71BF82E480068401E2C49086024
:10A530000846006800284ED12A48006800284AD002
:10A5400023E02948C068C46804F11800FEF7A4FF9E
:10A55000201DFEF7A1FF2549E06A0968884202D95B
:10A560002249E06A0860E16A01EB8101204A02EBBE
:10A570008100211DFEF7E6FF1E49E06A0968C96AED
:10A58000884202D301201C4908601748006808B9B6
:10A59000012000E000200028D3D00CB1FEF7D6F94E
:10A5A0001648056865B100BFFFF76AFE10B10120CB
:10A5B000114908606D1E002DF6D100200F4908607A
:10A5C0000D48006838B1012630070D490860BFF317
:10A5D0004F8FBFF36F8FFEF7EBFF304670BD00006B
:10A5E000540000202C000020F80800203400002037
:10A5F000700400201C000020400000203C000020CF
:10A6000004ED00E010B586B00024FDF715FE1648F5
:10A610000068D0B100200590049003AA04A905A801
:10A62000FEF75AFF0222DDE904100023CDE90021E4
:10A6300002900EA10F48039AFFF7AEFD0E49086085
:10A640000846006800B1012400BF54B900BF502083
:10A6500080F31188BFF34F8FBFF36F8F00BF00BF30
:10A66000FEE7204606B010BD60000020546D722049
:10A6700053766300918A0008640000202DE9FF47AB
:10A6800004460D4616461F46DDF830804FF000099F
:10A6900054B900BF502080F31188BFF34F8FBFF330
:10A6A0006F8F00BF00BFFEE71448006810B300952D
:10A6B00001960294062D15DAFFF7CCFD022808D189
:10A6C0000023424669460D480068FFF7E7FA8146D5
:10A6D00010E000231A46694608480068FFF7DEFAD2
:10A6E000814607E000233A46694604480068FFF7C0
:10A6F000A9FB8146484604B0BDE8F0876000002011
:10A7000010B500290AD00878002807D005487844F9
:10A71000F5F796FE002801D0002010BD02487844CD
:10A7200010BD0000FE100000F610000010B500295A
:10A730000AD00878002807D005487844F5F780FE4D
:10A74000002801D0002010BD0248784410BD000050
:10A75000EE100000E610000021F00042A2F160526D
:10A76000B2F5801F01F0004328BFD2F17F6C0BD9F6
:10A770005FEA001C43EAC20242EB507018BF704708
:10A7800028BF20F001007047B2F5801FBCBF1846FB
:10A7900070474FEA410C1CF5001F02D2084600F03A
:10A7A000B6BB70B500F096F800000089FFF7F6BF61
:10A7B0004FF00040A0F580007047000002494FF0C4
:10A7C000000000F015BD00BF0000F87F491058BF21
:10A7D000C1F140415B1058BFC3F140438B42EFF3DE
:10A7E0000080704751EA030C17D41CF5801F58BF36
:10A7F000BCF5801F00F10680994218BF704708BF62
:10A800009042704707D711F5801F58BF13F5801F7E
:10A8100019D499427047894270471CF5801F08D5AA
:10A82000BCF5801FF7D58B4218BF704708BF824226
:10A8300070474FF4001C1CEB410F38BF1CEB430F5B
:10A8400001D28B42704770B500F044F89224490061
:10A850004FF000514FF08053FFF7B8BF51EA030C9F
:10A8600017D41CF5801F58BFBCF5801F00F106806F
:10A87000994218BF704708BF9042704707D711F53B
:10A88000801F58BF13F5801F19D499427047894221
:10A8900070471CF5801F08D5BCF5801FF7D58B428B
:10A8A00018BF704708BF824270474FF4001C1CEB72
:10A8B000410F38BF1CEB430F01D28B42704770B57C
:10A8C00000F008F8922449004FF000514FF08053F7
:10A8D000FFF77CBF0EF1020E2EF0030E5EF8046B44
:10A8E000364205D4012A43EB030515F5001F12D8A3
:10A8F000012841EB010C1CF5001F0CD80ED14FEACA
:10A90000D17C15F5001F0CEB4C0C0CF1020C08BFB0
:10A910004CEBD37C04E04FF0080C01E04FEAD37C11
:10A920000CEB4C0526FA05F606F00706B6F1040C0A
:10A9300006D20EEB860CBDE870404CF0010C60476F
:10A94000DFE80CF0090B02024FF000414FF000006D
:10A95000A1F5002170BD19461046012851EB0104F4
:10A9600018BFD4F5001484BF002001F0004170BD71
:10A9700053EA010C17D41CF5801F58BFBCF5801F8B
:10A9800000F106808B4218BF704708BF82427047B3
:10A9900007D713F5801F58BF11F5801F19D48B42BC
:10A9A00070479B4270471CF5801F08D5BCF5801F7F
:10A9B000F7D5994218BF704708BF904270474FF4CF
:10A9C000001C1CEB430F38BF1CEB410F01D2994216
:10A9D00070470FB40CBC03BCFFF771BF90EA010FC6
:10A9E00048BF81F0004100F19283421A3CBF801AB7
:10A9F00089184FEAD0524FF07F4C1CEA410FA2EB6E
:10AA0000D15318BF9CEA026F00F03B804FF0004C1E
:10AA10004CEA00204CEA012121FA03FC10EB0C0C5B
:10AA20001ED202F1FF325FEA1C2040EBC25038BF59
:10AA300070471CF07F0F4FEA400C18BFBCF17F4FEE
:10AA400038BF7047C3F12003994008BF20F00100D0
:10AA5000BCF17F4F38BF7047A0F1C04000F057BA3B
:10AA60004FEA3C00000A40EBC25028BF1CF0FF0F29
:10AA70004FEA400CE6D018BFBCF17F4F38BF70479B
:10AA8000EAE79CEA026F05D010EA5C0F08BF00F00D
:10AA90000040704710B500F0F4F900BF64FBBE3E03
:10AAA000014800F0A5BB00BF0000C07F401058BFA8
:10AAB000C0F14040491058BFC1F140418142EFF31D
:10AAC000008070474FF47F0C1CEAD0121EBF1CEAB6
:10AAD000D11392EA0C0F93EA0C0F00F0858090EAF4
:10AAE000010F48BF42F4807240F4000C41F40000B2
:10AAF0002CF07F4120F07F4000B58142A2EB0302A1
:10AB00000FF2081CACEB504EC0F100009EF800E0C4
:10AB10004FEA4E0E00FB0EFC38BF49004FEA2C1CDA
:10AB200002F5FA020CFB0EF34FEACE1E4FEA112C8F
:10AB30004FEAC1210EEB635E42EB22420EFB0CFC9E
:10AB40004FEA1C5300FB03114FEA112C4FEA01316D
:10AB50000EFB0CFC4FEADC4C00FB0C11C14228BF81
:10AB600009184CEB03335DF804EB10EB410143EBA8
:10AB7000C250B2F57C0F38BF704729D512F0F00FE4
:10AB80001CBF00F1C04000F000407047008182838C
:10AB90008485868788898B8C8D8E8F9192939596EC
:10ABA00097999A9C9D9FA0A2A3A5A7A8AAACAEB076
:10ABB000B2B3B5B7B9BCBEC0C2C5C7C9CCCED1D47B
:10ABC000D7D9DCDFE2E6E9ECF0F3F7FAFE000000AB
:10ABD0004FEA400C0CF1807CBCF17E4F28BF7047DF
:10ABE000B0F1C04000F093B990EA010F0CEAD11324
:10ABF00048BF42F48072624538BF634507D213F400
:10AC00007F0F16D080EA010000F00040704710B5B9
:10AC100000F037F9097EFC3E00F005B880EA01003B
:10AC200000F00040704780EA010000F0004000F0B2
:10AC30006EB912F47F0F04BF0248704780EA01002A
:10AC400000F065B90000C07F41000B0ED3F19E02F9
:10AC500008D950F400034FEA032323FA02F048BF57
:10AC60004042704710B500F00CF900BF49922480B3
:10AC7000002070476FF0004282EA20007047000019
:10AC8000C10DD1F19E0206DB4FEA002343F00043E1
:10AC900023FA02F07047004207D54FEA4001B1F1B4
:10ACA000FE4F02D24FF00000704710B500F0E9F8F7
:10ACB00049922480002070476FEA2000704700000E
:10ACC00010F0004148BF4042B0FA80F310FA03F29E
:10ACD000C3F19D030BD051EAC35101EB122053067F
:10ACE00038BF704700F1010008BF20F00100704735
:10ACF000B0FA80F310FA03F2C3F19D030AD0D9052C
:10AD000001EB1220530638BF704700F1010008BF65
:10AD100020F001007047000050EA010C00F11380A0
:10AD20001CF5000F58BFBCF5000F01D488427047D6
:10AD300007D710F5000F58BF11F5000F15D4884242
:10AD40007047894270471CF5000F04D5BCF5000F11
:10AD5000F7D5814270474FF0807C1CEB400F38BF25
:10AD60001CEB410F01D28142704710B500F089F809
:10AD7000922449004FF000504FF08051FFF796BEEB
:10AD80004FF47F0C1CEAD0121EBF1CEAD11392EACA
:10AD90000C0F93EA0C0F00F0478090EA010F48BFB8
:10ADA00042F480724FF0004C4CEA00204CEA012142
:10ADB00002EB0302A0FB0113A2F50002002918BF59
:10ADC00043F001035B0028BF4FEA330342EB22420A
:10ADD0005FEA132C4CEBC2502EBFBCEB436FB2F5B5
:10ADE0007C0F70474FEA036CBCF1004F08BF20F0A6
:10ADF0000100B2F57C0F38BF70470BD582F0FF021F
:10AE000012F5803FC8BF704700F1C040D8BF00F0C6
:10AE10000040704700F5000C5FEA4C0C48BF7047DB
:10AE2000B0F1C04000F073B890EA010F0CEAD11302
:10AE300048BF42F48072624538BF634504D280EA5D
:10AE4000010000F00040704710B500F01AF800BF94
:10AE50008900013E00F007B800F009B85FEA410C34
:10AE60005FEA1C6C08D080EA010000F050B85FEA8D
:10AE7000400C5FEA1C6CF6D14FF00040A0F580005A
:10AE800070470EF1020E2EF0030E5EF8044B2442C2
:10AE900004D44FEA4102B2F17F4F11D84FEA400388
:10AEA000B3F17F4F0CD80ED14FEAD07CB2F17F4F77
:10AEB0000CEB4C0C0CF1020C08BF4CEBD17C04E009
:10AEC0004FF0080C01E04FEAD17C0CEB4C0324FA64
:10AED00003F404F00704B4F1040C06D20EEB840C66
:10AEE000BDE810404CF0010C6047DFE80CF00708AB
:10AEF00002024FF00040A0F5800010BD084642005D
:10AF000018BFD2F1807288BF00F0004010BDFF2151
:10AF100041EAD050C005704751EA000C00F113809F
:10AF20001CF5000F58BFBCF5000F01D481427047DB
:10AF300007D711F5000F58BF10F5000F15D4814247
:10AF40007047894270471CF5000F04D5BCF5000F0F
:10AF5000F7D5884270474FF0807C1CEB410F38BF1B
:10AF60001CEB400F01D28842704780EA010081EA61
:10AF7000000180EA0100FFF7F8BE00005FEA400C24
:10AF80005FEA1C6CBCF17F0314D4D3F1170240F3C9
:10AF90001C804FF0010C0CFA02FCACF101030340E1
:10AFA000B3EB5C0220EA030008BF10EA0C0F88BF75
:10AFB00060447047B3F1FF3F28BF5FEA002C00F008
:10AFC000004088BF40F07E507047BCF1FF0FB8BF13
:10AFD000704710B5FFF755FF40DBB6BE80F000406C
:10AFE00090EA010F7FF501AD81F0004100F08FB8CC
:10AFF0004FEAD051002988BFD1F1FF0240F275809D
:10B0000001F17D014FEA002070B5490840F0004091
:10B0100038BF40080EA2430E040CD25C02FB02F3C0
:10B0200004FB03F3C3F14043A3FB0254ED0D45EAD7
:10B03000442202FB02F3A0FB03546D42C4F14044DE
:10B0400038BF641EA2FB05350023E2FB0453EA0B64
:10B0500042EA4342A0FB023212F14004A2F1210372
:10B06000E40903F07F031F2B32D904EBC15070BDFC
:10B07000FEFAF7F3F0ECE9E6E4E1DEDCD9D7D4D26E
:10B08000D0CECCCAC8C6C4C2C1BFBDBCBAB9B7B69F
:10B09000B4B3B2B0AFAEACABAAA9A8A7A6A4A3A202
:10B0A000A1A09F9E9E9D9C9B9A99989797969594F8
:10B0B0009393929190908F8E8E8D8C8C8B8A8A89AF
:10B0C000898887878686858484838382828181803C
:10B0D00004FB04F6B6EB004603D5E64248BF641C09
:10B0E000C3E7A64258BF641CBFE711F0FF0F02D1AF
:10B0F00000F00040704710B5FFF7C3FE7FDBFFBED6
:10B1000090EA010F48BF81F000413FF56EAC421A52
:10B1100004D882F00042A0EB020011444FEAD05262
:10B120004FF07F4C1CEA410FA2EBD15318BF9CEAB1
:10B13000026F4AD04FF0004C4CEA00204CEA01214B
:10B1400021FA03FCB0EB0C0C0FD412F0FE0F36D03A
:10B150005FEA4C001DD5001240EBC25038BF70476B
:10B160001CF03F0F18BF70470BE0A2F101025FEA2D
:10B170001C2040EBC25038BF70471CF07F0F18BF37
:10B180007047C3F12003994014BF401E20F0010016
:10B19000704780084FEA122308BF7047B0FA80FC5E
:10B1A000A2EB0C02CCF1280C60FA0CF093EA122FFF
:10B1B00004BF00EBC25070474FEAC3707047130AD8
:10B1C0005FEADC1008BF7047F6E79CEA026F04D024
:10B1D00010EA5C0F08BF0020704710B5FFF751FE62
:10B1E00040DFF63E81F0004070474FF000007047AE
:10B1F0000CF00F03092B08BF082000F085800A2BF4
:10B200000BD0082B18BF704708BF1CF0400F0AD0A6
:10B210004FF000004FF0000170471CF0400F18BFC6
:10B220004FF0004070471CF0100F08D020F0704322
:10B2300000F07F4242EAD3014FEA4370704700F0CA
:10B24000604021F07F4242EA000201F07F4040EA84
:10B25000727070474FF0FF0C4CF4E06C1CEA115315
:10B260001CBF9CEA030C9445C2BFDA4201EB0251B9
:10B270007047002B0DD0BCF1000F0FD0002A01F059
:10B280000041A4BF41F0E04141F07F614FF0000078
:10B29000704701F000414FF00000704750EA013361
:10B2A0004FF09B0C18BF4CF0806C7FF487AA70475E
:10B2B0004FF0FF0212EAD0521CBF92F0FF038B4204
:10B2C000C2BFD14200EBC1507047002A0AD0002B08
:10B2D0000BD0002900F00040A4BF40F0FE4040F435
:10B2E0000000704700F00040704743024FF00B0C25
:10B2F00018BF4CF0806C7FF4D3AB7047F5F7FEBA03
:10B30000F5F7CEBCF5F75CBE1CF4801F11D01CF421
:10B31000E02F03D06FEACC31490070474FF0405026
:10B32000EFF3008222F0704242EA000282F30088CA
:10B3300070474FF000007047D0B7000800000000D1
:10B3400000000000000000000000000000080000F5
:10B35000180000000000000000000000B8B700085E
:10B3600000000000000000000000000000000000DD
:10B3700000080000180000000000000000000000AD
:10B38000C4B700080000000000000000000000003A
:10B39000000000000008000018000000000000008D
:10B3A0000000000002030405060708090A0B0C0D43
:10B3B0000E0F1010010202030405060708090A0B0C
:10B3C0000C0D0E0F10100102000000000000000024
:10B3D000010203040607080900000000010203043B
:10B3E0000B0A0E01000000000000000000002F000A
:10B3F0000000000700070000147F147F1400242AB7
:10B400007F2A120062640813230036495522500037
:10B41000000503000000001C224100000041221C26
:10B42000000014083E08140008083E080800000048
:10B43000A060000008080808080000606000000024
:10B440002010080402003E5149453E0000427F4062
:10B4500000004261514946002141454B310018141A
:10B46000127F10002745454539003C4A49493000C4
:10B470000171090503003649494936000649492941
:10B480001E0000363600000000563600000008148A
:10B490002241000014141414140000412214080066
:10B4A000020151090600324959513E007C12111225
:10B4B0007C007F49494936003E41414122007F419D
:10B4C00041221C007F49494941007F0909090100C7
:10B4D0003E4149497A007F0808087F0000417F41CA
:10B4E00000002040413F01007F08142241007F40BE
:10B4F000404040007F020C027F007F0408107F0064
:10B500003E4141413E007F09090906003E4151216B
:10B510005E007F0919294600464949493100010169
:10B520007F0101003F4040403F001F2040201F009E
:10B530003F4038403F006314081463000708700858
:10B540000700615149454300007F41410000552AF1
:10B55000552A55000041417F000004020102040009
:10B560004040404040000001020400002054545478
:10B5700078007F484444380038444444200038442C
:10B5800044487F00385454541800087E09010200D2
:10B5900018A4A4A47C007F080404780000447D4023
:10B5A00000004080847D00007F102844000000419E
:10B5B0007F4000007C04180478007C0804047800B4
:10B5C000384444443800FC24242418001824241847
:10B5D000FC007C0804040800485454542000043F34
:10B5E000444020003C4040207C001C2040201C00A7
:10B5F0003C4030403C004428102844001CA0A0A03F
:10B600007C004464544C44141414141414000000BA
:10B610000008014010000101000801402000010164
:10B620000008014000010101000C014080000101FF
:10B63000000C014004000101000C01401000010158
:10B64000000C014020000101000C0140000101013B
:10B65000000C014000100101000C0140002001011C
:10B66000000C014000400001000C0140008000017E
:10B670000010014000400100001001400080010066
:10B6800000100140002000010008014000100101ED
:10B69000000801400008010105060F10FFFF00002F
:10B6A000040100200000000004010020040000004C
:10B6B000000000000000000000000000000000008A
:10B6C0004C010020000000004C010020040000009C
:10B6D0004C010020080000004C0100200C0000007C
:10B6E00094010020000000000000000000000000A5
:10B6F0000000000000000000940100200C00000089
:10B7000000010100000000006E83F9A22915444EDB
:10B71000D15727FCC0DD34F5999562DB4190433C5D
:10B72000AB6351FE02400000000000A000000000DA
:10B7300005400000000000C8000000000C400000B0
:10B740000000409C00000000194000000020BCBE2A
:10B750000000000034400000BFC91B8E0000000440
:10B76000B5400000504BCFD06607E2CF010000008B
:10B770006C4100003E8251AADFEEA73401000000B8
:10B78000D9420000DCB5A0E23A301F97FFFFFFFF6F
:10B79000B4450000FD25A0C8E9A3C14FFFFFFFFF8E
:10B7A000FF3F00000000008000000000FF3F00009D
:10B7B0000000008000000000757365725461736BB7
:10B7C0005F310000757365725461736B5F32000006
:10B7D00064656661756C745461736B0038B90008F8
:10B7E00000000020D4000000280100080CBA000866
:10B7F000D4000020144800004401000800000000AC
:10B800000000F07FFFFFFFFFFFFFEF7F1C00000045
:10B8100043000000F8FFFFFF0C0000000E000000D6
:10B820000F0000002E000000100100004300000087
:10B83000F8FFFFFF00404040404040404040414151
:10B8400041414140404040404040404040404040F5
:10B85000404040404005020202020202020202028F
:10B86000020202020220202020202020202020028C
:10B87000020202020202909090909090101010101C
:10B8800010101010101010101010101010101010B8
:10B89000020202020202888888888888080808084C
:10B8A0000808080808080808080808080808080818
:10B8B0000202020240000000000000000000000040
:10B8C0000000000000000000000000000000000078
:10B8D0000000000000000000000000000000000068
:10B8E0000000000000000000000000000000000058
:10B8F0000000000000000000000000000000000048
:10B900000000000000000000000000000000000037
:10B910000000000000000000000000000000000027
:10B920000000000000000000000000000000000017
:10B930000000000000000000000000000000000007
:10B9400000000000000000001000000001000000E6
:10B9500000127A000000000000000000000000005B
:10B9600000000000000000000000000000000000D7
:10B9700000000000000000000000000000000000C7
:10B9800000000000000000000000000000000000B7
:10B9900000000000000000000000000000000000A7
:10B9A0000000000000000000000000000000000097
:10B9B0000000000000000000000000000000000087
:10B9C0000000000000000000AAAAAAAA00000000CF
:10B9D0000000000000000000000000000000000067
:10B9E0000000000000000000DC0100202402002014
:10B9F0006C020020000000000000000000000000B9
:0CBA00000000000000000000000000003A
:04000005080000ED02
:00000001FF
