:020000040800F2
:10000000004A002021020008094500088D3F000831
:10001000054500087D050008D555000800000000D2
:10002000000000000000000000000000890100083E
:10003000A10E000800000000CD010008214C0008BE
:100040003B0200083B0200083B0200083B0200089C
:100050003B0200083B0200083B0200083B0200088C
:100060003B0200083B0200083B0200083B0200087C
:100070003B0200083B0200088105000891050008CA
:10008000A1050008B10500083B0200083B0200087A
:100090003B0200083B0200083B0200083B0200084C
:1000A0003B020008BD4C00083B0200083B02000870
:1000B0003B0200083B0200083B0200083B0200082C
:1000C0003B0200083B0200083B0200083B0200081C
:1000D0003B020008A5550008B5550008C5550008A5
:1000E0003B0200083B0200083B02000800F002F857
:1000F00000F03AF80AA090E8000C82448344AAF188
:100100000107DA4501D100F02FF8AFF2090EBAE885
:100110000F0013F0010F18BFFB1A43F0010318473B
:10012000D48B0000F48B0000103A24BF78C878C14B
:10013000FAD8520724BF30C830C144BF04680C60ED
:10014000704700000023002400250026103A28BF35
:1001500078C1FBD8520728BF30C148BF0B60704739
:100160001FB51FBD10B510BD00F058F91146FFF7BF
:10017000F7FF05F0EEFE00F076F903B4FFF7F2FFAB
:1001800003BC00F07DF90000224B19680868B0E854
:10019000F00F80F30988BFF36F8F4FF0000080F3FA
:1001A00011884EF00D0E70470000000006480068F0
:1001B000006880F3088862B661B6BFF34F8FBFF363
:1001C0006F8F00DF00BF00BF08ED00E0EFF3098094
:1001D000BFF36F8F0F4B1A6820E9F00F106008B55E
:1001E0004FF0500080F31188BFF34F8FBFF36F8F34
:1001F00007F072FA4FF0000080F31188BDE8084064
:1002000019680868B0E8F00F80F30988BFF36F8FB2
:10021000704700BF1C000020EFF30580704700000E
:100220000948804709480047FEE7FEE7FEE7FEE78A
:10023000FEE7FEE7FEE7FEE7FEE7FEE704480549C6
:10024000054A064B70470000BB4C0008ED00000853
:1002500000440020004A0020004600200046002004
:10026000B2F120030AD5C2F1200320FA02F001FA0C
:1002700003F321FA02F140EA0300704721FA03F088
:100280004FF000017047032A40F2308010F0030C59
:1002900000F0158011F8013BBCF1020F624498BFD9
:1002A00011F801CB00F8013B38BF11F8013BA2F176
:1002B000040298BF00F801CB38BF00F8013B11F0F1
:1002C000030300F02580083AC0F0088051F8043B91
:1002D000083A51F804CBA0E80810F5E7121D5CBFFE
:1002E00051F8043B40F8043BAFF30080D20724BF31
:1002F00011F8013B11F801CB48BF11F8012B24BFC5
:1003000000F8013B00F801CB48BF00F8012B704713
:1003100010B5203AC0F00B80B1E81850203AA0E8A0
:100320001850B1E81850A0E81850BFF4F5AF5FEAD4
:10033000027C24BFB1E81850A0E8185044BF18C987
:1003400018C0BDE810405FEA827C24BF51F8043B2E
:1003500040F8043B08BF7047D20728BF31F8023B82
:1003600048BF11F8012B28BF20F8023B48BF00F816
:10037000012B704702F0FF0343EA032242EA0242E4
:1003800000F02CB84FF0000200B513469446964694
:10039000203922BFA0E80C50A0E80C50B1F1200198
:1003A000BFF4F7AF090728BFA0E80C5048BF0CC046
:1003B0005DF804EB890028BF40F8042B08BF7047A4
:1003C00048BF20F8022B11F0804F18BF00F8012B16
:1003D00070477047704770474FF000020429C0F023
:1003E000128010F0030C3FF4CFAFCCF1040CBCF141
:1003F000020F18BF00F8012BA8BF20F8022BA1EBB9
:100400000C01FFF7C1BF5FEAC17C24BF00F8012BDC
:1004100000F8012B48BF00F8012B7047754600F02B
:100420002BF8AE4605006946534620F00700854686
:1004300018B020B5FFF702FFBDE820404FF00006DE
:100440004FF000074FF000084FF0000B21F00701BC
:10045000AC46ACE8C009ACE8C009ACE8C009ACE8FF
:10046000C0098D46704710B50446AFF300802046A2
:10047000BDE81040FFF781BE004870479C43002054
:1004800001491820ABBEFEE726000200704770B598
:10049000044600252068806800F0010018B3206839
:1004A000806820F001002168886001F09FFF054608
:1004B00013E001F09BFF401B02280ED920688068E2
:1004C00000F0010048B1A06A40F01000A062E06AAC
:1004D00040F00100E062012070BD2068806800F0FB
:1004E00001000028E5D10020F6E7000038B50446F9
:1004F0000025002000902068806800F0010078BB93
:100500002068806840F00100216888601948006810
:100510001949B0FBF1F0009002E00098401E0090F5
:1005200000980028F9D101F061FF054619E001F0BB
:100530005DFF401B022814D92068806800F001008C
:1005400078B9A06A40F01000A062E06A40F00100B3
:10055000E06200BF002084F8240000BF012038BD05
:1005600005E02068806800F001000028DFD000204E
:10057000F5E700001800002040420F0000BFFEE732
:1005800010B5024801F072FB10BD000060030020AE
:1005900010B5024801F06AFB10BD00001C030020EA
:1005A00010B5024801F062FB10BD0000A40300205A
:1005B00010B5024801F05AFB10BD0000E80300200E
:1005C00030B590F840500124AC40C56B6C600468B5
:1005D00063604468102C04D10468A2600468E16080
:1005E00003E00468A1600468E26030BD014609B917
:1005F000002070471148807D08B90020F9E70F48B6
:10060000407808700D48801C0268C1F801204268DB
:10061000C1F805200089A1F8090009480A680260AC
:100620004A6842600A8902818A7A82720020044AFA
:10063000D072024A90750120DBE700005C41002087
:100640006C3900202DE9F04104460D4616460C4851
:100650000021C160016181825DB10A2E01D90A20A9
:1006600000E0304607463A46294605480C30FFF779
:100670000AFE2146002004F02DFABDE8F0810000BA
:100680005C41002010B52148808C50B9204800788A
:1006900030B10021082004F025F900201C49087021
:1006A00010BD1A48808C4FF6FF7188420AD1184855
:1006B000007830B91749082004F014F901201449D2
:1006C0000870EDE71248007858B903F077FF124937
:1006D00008601049082004F005F901200C49087051
:1006E000DEE703F06BFF04460B480068201A074959
:1006F000898C884208D30021082004F0F3F80020F8
:10070000024988840249087000BFC9E79C3900206B
:10071000A00000200000C8429C00002010B503F09B
:10072000B1FF0021012000F015F90121002000F0A7
:1007300011F900F0C1F800200549888405490870C6
:10074000054908600021082004F0CCF810BD000025
:100750009C390020A00000209C00002070B503F010
:100760002DFF064600249EE0204600F0DFF80546F7
:10077000002D7CD0012004EB44014D4A02F82100F9
:1007800004EB44004B4911F82000B0B9012004EB00
:100790004401484A02F8210004EB4400114601EBF1
:1007A00080004660002004EB440102EB81010872E6
:1007B00004EB440102EB8101487204EB44003D4923
:1007C00001EB8000007AF0B904EB44000A4602EB2A
:1007D00080004168304604F00CFF322813D301201A
:1007E00004EB4401334A02EB8101087204EB44003C
:1007F0002F4901EB80004068401C04EB44012C4A67
:1008000002EB8101486004EB44002A4901EB8000BF
:10081000007A50B304EB440001EB8000407A20BB27
:1008200004EB44000A4602EB80004168304604F0C5
:10083000E0FEB0F57A7F34D3012004EB44011D4A79
:1008400002EB8101487204EB4401194A02EB810179
:10085000487004EB4400114601EB80008068401CA6
:1008600004EB440102EB810188601AE0FFE70020FD
:1008700004EB44010E4A02F8210004EB440102EBB0
:100880008101487004EB44010A4A02F8210004EB9C
:10089000440102EB8101087204EB440102EB810187
:1008A0004872601CC4B2032CFFF45EAF70BD000040
:1008B0009C3900207839002010B503F07FFE0446F3
:1008C00000202CE0002100EB4002164B03F8221020
:1008D00000EB40011A4602EB81014C60002100EB65
:1008E000400203EB8202517200EB400203EB8202F2
:1008F000117200EB40020C4B03F8221000EB400297
:1009000003EB8202517000EB400203EB8202516064
:1009100000EB400203EB82029160411CC8B2032845
:10092000D0D310BD783900209C39002010B5044682
:10093000204600F005F808B9012010BD0020FCE7B2
:1009400010B504460249085D03F060FE10BD0000CA
:100950008089000870B504460D460DB9012000E0FD
:10096000002006460249085D314603F069FE70BD6D
:100970008389000800200CE0002106E00022064BDD
:1009800003EBC0135A544A1CD1B28029F6D3411C40
:10099000C8B20828F0D37047C439002010B5044607
:1009A00024B90021A62004F032FE03E00021A72094
:1009B00004F02DFE10BD000010B500218D2004F0C4
:1009C00026FE0021142004F022FE0021AF2004F0B6
:1009D0001EFE01200149087010BD0000A10000208A
:1009E00010B5044644B90021C82004F010FE0021CF
:1009F000A12004F00CFE07E00021C02004F007FE57
:100A00000021A02004F003FE10BD0000F0B50B464D
:100A1000D90803F007050126AE40F4B24AB10A4EE8
:100A200006EBC116365C2643074F07EBC1173E5451
:100A300008E0054E06EBC116365CA643024F07EBF5
:100A4000C1173E54F0BD0000C439002010B503F0BA
:100A5000B7FE0021AE2004F0DAFD0021084604F0C4
:100A6000D6FD0021102004F0D2FD0021402004F02A
:100A7000CEFD0021812004F0CAFD0021CF2004F02A
:100A8000C6FD0021A12004F0C2FD0021C82004F011
:100A9000BEFD0021A62004F0BAFD0021A82004F02C
:100AA000B6FD00213F2004F0B2FD0021D32004F068
:100AB000AEFD0021084604F0AAFD0021D52004F077
:100AC000A6FD0021802004F0A2FD0021D92004F021
:100AD0009EFD0021F12004F09AFD0021DA2004F0AF
:100AE00096FD0021122004F092FD0021DB2004F08D
:100AF0008EFD0021302004F08AFD0021202004F02A
:100B000086FD0021022004F082FD00218D2004F0EA
:100B10007EFD0021142004F07AFDFFF72BFF002159
:100B2000AF2004F074FDFFF747FF0020FFF736FF0A
:100B30000020FFF755FF10BD38B5002419E004F17F
:100B4000B001C8B2002104F062FD0021084604F0A3
:100B50005EFD0021102004F05AFD80200090064820
:100B600000EBC41340227821002003F06DFE601CCE
:100B7000C4B2082CE3D338BDC43900202DE9F04FAE
:100B80000746884615469946202D01DB7E2D00DD5F
:100B90002025A5F1200000F0FF0A00242AE00AEB3E
:100BA0004A00164901EB400010F804B000261DE091
:100BB0000BF0010040B108EB0602D1B23A19D0B2F5
:100BC0004A46FFF723FF0DE0B9F1000F01D10123E1
:100BD00000E000231A4608EB0603D9B23B19D8B24D
:100BE000FFF714FF4FEA6B0B701CC6B2082EDFD361
:100BF000601CC4B2062CD2D3BDE8F08F85890008F2
:100C00002DE9F0470646884617461D4600241AE09F
:100C1000281B401EC1B20A2004F0EEFCB7FBF0F026
:100C20000A21B0FBF1F201FB120909F13001CAB24D
:100C300004EB440106EB4101C8B201234146FFF732
:100C40009DFF601CC4B2AC42E2DBBDE8F0872DE939
:100C5000F0410546884616462F46344608E022787D
:100C6000012341463846FFF789FFB81DC7B2641C0F
:100C700020780028F3D1BDE8F08100002DE9F04193
:100C800005460F46164605EBC500244901EB8004D6
:100C9000C6B9002004F8200F6070A070203C2049E5
:100CA000485D40F2DC5103F079FE002005EB450180
:100CB0001C4A02F8210005EB450102EB8101087294
:100CC000BDE8F08194F82200042800D3F8E794F8F6
:100CD000210004F8307094F8210004EBC000466055
:100CE00014F8210F401C00F0030020706078401CB5
:100CF0006070213C05EB45000A4911F8200018B945
:100D0000284604F097FC07E094F8220005EB450123
:100D1000044A02EB8101087200BFD1E7FC3D0020CC
:100D2000AD8B0008443E002010B5002418E004EB11
:100D300044000D4911F8200000B90FE004EB440213
:100D4000094B03EB82025168084A52F8240003F071
:100D5000D7FC10B1204604F06DFC00BF601CC4B28B
:100D6000022CE4D310BD0000443E0020BC00002053
:100D700070B504460D461348007808B904F0C4FC69
:100D8000022C00D370BD40F2B630854201DD05462D
:100D900003E015F57A7F00DA0B4D04EB44010B4AB2
:100DA0008818294604F0CEFC284604F0A5FC064627
:100DB00004EB4401054A505C314603F0EFFD00BFEF
:100DC000E0E70000D400002018FCFFFFAF8B000814
:100DD00010B50E4800210160818020210C48FFF7EA
:100DE000D1FA0A210B48FFF7CDFA0B480021016028
:100DF000416081600020094908600949086004F0E9
:100E0000E1FC0849012003F0A7FE10BDA40000206A
:100E1000C43D0020F03D0020E43D0020AC00002057
:100E2000B00000207158000818494979A9B1174944
:100E30000978174A11701549497851701349897812
:100E400091701249C978117410490979D170012142
:100E5000117100210D4A517102E000210C4A1171FB
:100E60000C4909680A4A91600B490968D160002061
:100E700008E00A4951F820200549143141F82020A2
:100E8000411CC8B20328F4D370470000A40000201E
:100E9000C43D0020AC000020B0000020E43D002054
:100EA000704772B600BFFEE70021074AD1610749CB
:100EB000096941F00401054A11611146096941F0CF
:100EC00040011161704700007804002000200240BA
:100ED0000021074AD1610749096941F00201054A29
:100EE000116111464861096941F040011161704783
:100EF00078040020002002400022054BDA61054AF8
:100F0000126942F00102034B1A6101807047000030
:100F1000780400200020024000201E49C96801F02A
:100F2000100139B11C49C96941F002011A4AD16165
:100F300040F010001749C96801F0040139B11649A1
:100F4000C96941F00101144AD16140F0040011491E
:100F5000C96901F0010169B10F49C96941F0040192
:100F60000D4AD16100BF0B49C96921F00101094A4D
:100F7000D16100BF00BF40F20111884206D105498E
:100F8000C96921F00101034AD16101E00149C8604A
:100F900000BF7047002002407804002070B504466E
:100FA00001F024FA054609E0601C38B124B101F0D3
:100FB0001DFA401BA04201D9032070BD1248C06831
:100FC00000F001000028EFD10F48C06800F02000B9
:100FD00020B100BF20200C49C86000BF0A48C0688B
:100FE00000F0100048B90848C06900F0010020B9BD
:100FF0000548C06800F0040018B1FFF78DFF01201C
:10100000DBE70020D9E700000020024010B558219E
:101010000C48FFF7B7F909200A4908700A20C8727E
:101020000B2088750C2081F82100132081F82C00FA
:10103000142081F83700152081F84200162081F82D
:101040004D0010BDB44100203EB503F08FFD684651
:10105000FFF7CCFA00B93EBD9DF80000132803D37A
:101060009DF80000162800D9F5E79DF800000F381C
:10107000C4B204EB440000EBC40037490844DDF877
:10108000011040F8011FDDF805104160BDF809109E
:1010900001813149D1F82D0004F09EFA2F4988646E
:1010A0002D49D1F8310004F097FA2C49C8642A4838
:1010B00090F8350081F84400274890F8361027480A
:1010C00041652549886B04F087FA244988652249DF
:1010D000C86B04F081FA2149C8651F4890F8401098
:1010E0001E4801661C4890F841101C4841661A4988
:1010F000D1F8430004F070FA184988661649D1F80F
:10110000470004F069FA1549C866134890F84B1077
:1011100012480167104890F84C10104841670E497A
:10112000D1F84E0004F058FA0C4988670A49D1F802
:10113000520004F051FA0949C867074890F8561060
:101140000648C0F88010044890F857100348C0F8CB
:10115000841000BF7FE70000B44100200C42002053
:1011600010B5324840683249C1F801002F48816803
:101170002F48C0F805102D48017B2D4841722B489F
:10118000017C2B488172294841692948C160274860
:101190008169274801612548017F25480175234859
:1011A00090F82010224841752048416A2048C0F834
:1011B00017101E48816A1E48C0F81B101B4890F883
:1011C0002C101B48C177194890F83010184880F847
:1011D00020101648416B1648C0F822101348816B46
:1011E0001348C0F82610114890F83C10104880F8B9
:1011F0002A100E4890F840100D4880F82B1000245B
:1012000010E004EB440202EBC402094B1A44511CE7
:1012100004EB440202EBC402985C0A22FFF712FAC4
:10122000601CC4B2042CECD310BD00000C420020A2
:10123000B441002010B5FFF707FFFFF791FF10BD85
:10124000F8B5044600260020009000BF94F8240062
:10125000012801D10220F8BD012084F8240000BF3C
:101260002046FFF714F906462046FFF73FF90646E9
:10127000002E69D1A06A20F4885040F00200A062DC
:10128000022001F0BBF934490968B1FBF0F04000DD
:10129000009002E00098401E009000980028F9D1CC
:1012A0002068806840F008002168886001F09EF89E
:1012B000054616E001F09AF8401B0A2811D920686B
:1012C000806800F0080060B1A06A20F0020040F0E1
:1012D0001000A06200BF002084F8240000BF01209D
:1012E000B9E72068806800F008000028E2D1206893
:1012F000806840F004002168886001F077F80546B6
:1013000016E001F073F8401B0A2811D920688068A4
:1013100000F0040060B1A06A20F0020040F010006C
:10132000A06200BF002084F8240000BF012092E7E3
:101330002068806800F004000028E2D1A06A20F054
:10134000020040F00100A06200BF002084F82400E9
:1013500000BF30467FE700001800002038B5024685
:1013600000230020009000BF92F82400012801D142
:10137000022038BD012082F8240000BF48680728F9
:1013800012D21068406B0C79641E04EB84051F2494
:10139000AC40A0430D796D1E05EB85050C68AC4093
:1013A00020431468606327E048680D2812D2106853
:1013B000006B0C79E41F04EB84051F24AC40A043B0
:1013C0000D79ED1F05EB85050C68AC4020431468D2
:1013D000206311E01068C06A0C790D3C04EB8405B1
:1013E0001F24AC40A0430D790D3D05EB85050C682D
:1013F000AC4020431468E06208680A2812D31068E1
:10140000C0680C780A3C04EB44050724AC40A043B8
:101410000D780A3D05EB45058C68AC402043146807
:10142000E0600FE0106800690C7804EB44050724C5
:10143000AC40A0430D7805EB45058C68AC402043DB
:10144000146820610868102802D00868112827D184
:10145000174C1068A0421ED11068806800F400008C
:10146000F0B91068806840F400001468A060086853
:10147000102815D10F4800680F4CB0FBF4F000EBBA
:1014800080004000009002E00098401E009000980C
:101490000028F9D104E0906A40F020009062012316
:1014A00000BF002082F8240000BF184661E700005A
:1014B000002401401800002040420F000146086847
:1014C000C06C70472DE9F041044600270025002636
:1014D000A84614B90120BDE8F081A06810B1207DB4
:1014E00000B100BFA06A30B90020E06284F8240097
:1014F000204600F089F82046FEF7C9FF0746A06A9B
:1015000000F01000002873D1002F71D1A06A20F4E0
:10151000885040F00200A062E16960680843217BC6
:1015200040EA41000643A068B0F5807F02D0A06881
:10153000012802D14FF4807000E000200543207D97
:10154000012811D1207B38B9A069401E4FF40061F9
:1015500041EA4030054307E0A06A40F02000A06265
:10156000E06A40F00100E0622068406820F46940D1
:10157000284321684860206880682149084030433A
:1015800021688860A068B0F5807F02D0A06801283B
:1015900002D14FF4807000E00020B0F5807F03D1CD
:1015A000208A401E4FEA00582068C06A20F470006C
:1015B00040EA08002168C862206880681149084034
:1015C000B04208D10020E062A06A20F0020040F0A2
:1015D0000100A06211E0A06A20F0020040F01000BB
:1015E000A062E06A40F00100E062012705E0FFE749
:1015F000A06A40F01000A062012738466BE70000A7
:10160000FDF7E1FFFE0E1FFF10B586B00446002077
:10161000029003900490059014492068884222D1DA
:1016200000BF1348806940F4007011498861084682
:10163000806900F40070019000BF00BF00BF084641
:10164000806940F0040088610846806900F0040069
:10165000019000BF00BF012002900320039002A967
:10166000044800F025FD06B010BD00000024014034
:101670000010024000080140F8B504460D4600265F
:1016800000200090002700F0B1FE06462068806828
:1016900000F4807050B1A06A40F02000A06200BF4A
:1016A000002084F8240000BF0120F8BD20684068B5
:1016B00000F4807020BB2068C06A00F47000F8B9A4
:1016C00017E0681CA8B125B100F090FE801BA8426D
:1016D0000FD92068006800F0020050B9A06A40F0FD
:1016E0000400A06200BF002084F8240000BF032093
:1016F000DBE72068006800F002000028E1D053E03A
:10170000022000F07BFF38490968B1FBF0F0216846
:101710000969364A114091B92168C968921111408E
:1017200069B921680969324A114031B92168C9682B
:101730009211114009B9142117E0292115E02168FF
:1017400009692B4A114021B92168C96892111140D9
:1017500041B121680969274A114029B92168C9683E
:10176000114009B9542100E0FC2100FB01F718E009
:10177000681C98B125B100F039FE801BA8420DD934
:101780000098B8420AD2A06A40F00400A06200BFEC
:10179000002084F8240000BF032086E70098401C46
:1017A00000900098B842E3D36FF0120021680860FF
:1017B000A06A40F40070A0622068806800F4602095
:1017C000B0F5602F0DD1207B58B9A06A20F480704D
:1017D000A062A06A00F4805018B9A06A40F001002D
:1017E000A062002061E70000180000202449922434
:1017F000922449124992240070B50446002500BF86
:1018000094F82400012801D1022070BD012084F841
:10181000240000BF2046FEF769FE0546002D77D163
:10182000A06A40F20121884340F48070A0623C49E4
:101830002068884208D13B48006800F4702008B94D
:10184000012002E0002000E0012078B1A06A20F42D
:101850008010A0622068406800F4806000B3A06A35
:1018600020F4005040F48050A06219E0A06A40F4D7
:101870008010A0622B49091F2068884203D02849A4
:101880002068884204D12748006800F4806000E0A6
:10189000002028B1A06A20F4005040F48050A062DB
:1018A000A06A00F4805020B1E06A20F00600E062F7
:1018B00001E00020E06200BF002084F8240000BFA7
:1018C000C01E216808602068806800F46020B0F5C0
:1018D000602F16D112492068884208D1114800684B
:1018E00000F4702008B9012002E0002000E001208F
:1018F00038B12068806840F4A000216888600CE05E
:1019000006E02068806840F480102168886004E068
:1019100000BF002084F8240000BF284675E70000BF
:10192000002801400424014070B50446002500BF92
:1019300094F82400012801D1022070BD012084F810
:10194000240000BF2046FEF7A2FD05462DB9A06A7F
:1019500020F4885040F00100A06200BF002084F80D
:10196000240000BF2846E8E770B504460CB9012002
:1019700070BD94F8200010B9204600F0AFF8206840
:10198000006840F001002168086000F02FFD054666
:101990000DE000F02BFD401B0A2808D9606A40F4D6
:1019A00000306062052084F820000120E0E7206814
:1019B000406800F001000028EBD02068006820F0AB
:1019C00002002168086000F011FD05460DE000F0FE
:1019D0000DFD401B0A2808D9606A40F4003060629F
:1019E000052084F820000120C2E72068406800F04C
:1019F00002000028EBD1207E012806D12068006873
:101A000040F080002168086005E02068006820F050
:101A1000800021680860607E012806D12068006887
:101A200040F040002168086005E02068006820F070
:101A3000400021680860A07E012806D12068006867
:101A400040F020002168086005E02068006820F070
:101A5000200021680860E07E012806D12068006827
:101A600020F010002168086005E02068006840F060
:101A7000100021680860207F012806D120680068D6
:101A800040F008002168086005E02068006820F048
:101A9000080021680860607F012806D1206800687E
:101AA00040F004002168086005E02068006820F02C
:101AB000040021680860D4E9020108432169084351
:101AC000616908436168491E08432168C8610020B4
:101AD0006062012084F82000002049E710B586B03C
:101AE0000446002002900390049005901A49206853
:101AF00088422ED100BF1948C06940F000701749D4
:101B0000C8610846C06900F00070019000BF00BFC6
:101B100000BF0846806940F004008861084680697B
:101B200000F00400019000BF00BFC8140290002024
:101B30000390049002A90A4800F0BAFA4FF48050CA
:101B40000290022003900320059002A9044800F0AF
:101B5000AFFA06B010BD0000006400400010024063
:101B6000000801400146002291F82100022808D017
:101B70000420886300BF002081F8200000BF0120FE
:101B800070470868006820F00E000B68186008684D
:101B9000006820F001000B68186091F840300120C7
:101BA0009840CB6B5860012081F8210000BF0020D5
:101BB00081F8200000BF1046E2E7000070B504463F
:101BC000002594F82100022803D00420A0630125F9
:101BD00048E02068006820F00E0021680860206856
:101BE000006820F00100216808601F4920688842D1
:101BF00001D1012026E01C4914312068884201D11E
:101C000010201FE0184928312068884201D1801532
:101C100018E015493C312068884201D1801411E058
:101C2000114950312068884202D14FF4803009E0D8
:101C30000D4964312068884202D14FF4801001E0E0
:101C40004FF08070084908394860012084F821006D
:101C500000BF002084F8200000BF606B10B1204658
:101C6000616B8847284670BD0800024070B5044685
:101C7000E06B05682068066894F8401004208840EE
:101C80002840002846D006F00400002842D02068F2
:101C9000006800F0200028B92068006820F00400E7
:101CA0002168086057492068884201D1042027E054
:101CB000544914312068884201D1402020E0514924
:101CC00028312068884201D1001519E04D493C3186
:101CD0002068884202D14FF4804011E049495031D8
:101CE0002068884202D14FF4802009E045496431E0
:101CF0002068884202D14FF4800001E04FF08060FC
:101D0000404908394860E06A00287AD02046E16AF4
:101D1000884776E094F84010022088402840A0B31D
:101D200006F0020088B32068006800F0200040B987
:101D30002068006820F00A0021680860012084F80B
:101D4000210030492068884201D1022028E02D4935
:101D500014312068884201D1202021E0294928310E
:101D60002068884201D140151AE026493C3120689C
:101D7000884202D14FF4005012E0224950312068CD
:101D8000884203D14FF400300AE017E01D49643166
:101D90002068884202D14FF4001001E04FF000703B
:101DA00018490839486000BF002084F8200000BFAF
:101DB000A06A30B32046A16A884722E094F8401018
:101DC000082088402840E0B106F00800C8B120682B
:101DD000006820F00E002168086094F8401001208F
:101DE0008840E16B48600120A06384F8210000BFB7
:101DF000002084F8200000BF206B10B12046216B2A
:101E0000884770BD080002400146002209B9012040
:101E10007047164B0868C01A1423B0FBF3F080001B
:101E2000086412480838C863022081F82100086855
:101E3000026843F6F0708243D1E901031843CB688E
:101E400018430B6918434B6918438B691843CB69D6
:101E5000184302430868026000208863012081F86B
:101E60002100002081F8200000BFD1E708000240D7
:101E70002DE9F04104460D4616461F464FF0000876
:101E800000BF94F82000012802D10220BDE8F081B3
:101E9000012084F8200000BF94F8210001282CD1F3
:101EA000022084F821000020A0632068006820F050
:101EB0000100216808603B46324629462046FEF76D
:101EC0007FFBE06A30B12068006840F00E002168B6
:101ED00008600BE02068006820F0040021680860BA
:101EE0002068006840F00A002168086020680068E7
:101EF00040F001002168086006E000BF002084F87F
:101F0000200000BF4FF002084046BFE72DE9F04136
:101F100004460E460127002500BF2648007E012802
:101F200002D10220BDE8F08101202249087600BFDD
:101F30002068022813D14CF25030FFF72FF890BBE5
:101F40000120FEF7B1FF4CF25030FFF727F80746AB
:101F50001948006920F004001749086123E04CF299
:101F60005030FFF71BF8F0B94FF0FF303060A56834
:101F700012E02846FEF7ACFF4CF25030FFF70EF8A7
:101F800007460D48006920F002000B4908610FB1B7
:101F9000356007E005F58065D4E9021001EB80208B
:101FA000A842E6D800BF00BF00200249087600BF63
:101FB0003846B7E778040020002002400348006953
:101FC00040F0800001490861002070470020024075
:101FD0002DE9FE4F05468B461746984601260024FC
:101FE0000020029000BF2448007E012802D1022078
:101FF000BDE8FE8F01202049087600BF4CF250302A
:10200000FEF7CCFF064686BB012D02D101200290CF
:1020100006E0022D02D10220029001E0042002908D
:1020200000241EE02201B946C24648465146FEF74A
:1020300017F980B20190022000FB04B000900199D2
:10204000FEF75AFF4CF25030FEF7A8FF06460B4849
:10205000006920F001000949086106B104E0601C34
:10206000C4B202988442DDDB00BF00BF00200249F9
:10207000087600BF3046BBE778040020002002400D
:1020800000200849096901F0800151B10649054A5B
:102090005160064951601146096901F0800101B1A2
:1020A000012070470020024023016745AB89EFCD36
:1020B0002DE9F8470346002294466EE14FF00108EF
:1020C00008FA02F4D1F8008008EA0400A0427DD1A9
:1020D000DFF8DCA2D1F80480A8EB0A09D0453AD099
:1020E00014DCB8F1030F50D009DCB8F1000F31D087
:1020F000B8F1010F1CD0B8F1020F49D120E0B8F1BE
:10210000110F18D0B8F1120F42D11EE0B9F5881F97
:1021100025D006DCB9F5803F20D0B9F5801F37D136
:102120001AE0B9F5001F18D0B9F5041F30D117E037
:10213000D1F80CC02DE0D1F80C8008F1040C28E097
:10214000D1F80C8008F1080C23E0D1F80C8008F1DC
:102150000C0C1EE000BF00BF00BF00BF00BF00BFEF
:10216000D1F80880B8F1000F02D14FF0040C0BE059
:10217000D1F80880B8F1010F03D14FF0080C1C61B1
:1021800002E04FF0080C5C6103E04FF0000C00E04F
:1021900000BF00BFFF2801D8984601E003F1040802
:1021A0004646FF2802D84FEA820803E0A2F1080859
:1021B0004FEA88084746D6F800804FF00F0909FA21
:1021C00007F928EA09080CFA07F900E088E048EA6C
:1021D0000908C6F80080D1F8048008F08058B8F1EA
:1021E000805F7DD100BFDFF8CC81D8F8188048F03F
:1021F0000108DFF8C091C9F81880C846D8F81880DF
:1022000008F00108CDF8008000BF00BF4FEAB938E0
:102210004FEA920958F829504FEA82784FEA187924
:102220004FF00F0808FA09F825EA0805DFF8888159
:10223000434502D14FF0000816E0DFF880814345A6
:1022400002D14FF001080FE0DFF87481434502D15D
:102250004FF0020808E0DFF86C81434502D14FF0EF
:10226000030801E04FF004084FEA82794FEA197938
:1022700008FA09F848EA0505DFF84C814FEA9209A7
:1022800048F82950D1F8048008F48018B8F5801F68
:102290000AD1DFF83881D8F8008048EA0008DFF872
:1022A0002C91C9F8008009E0DFF82081D8F800807F
:1022B00028EA0008DFF81491C9F80080D1F80480FA
:1022C00008F40018B8F5001F10D1DFF8008108F1FC
:1022D0000408D8F8008048EA0008DFF8F09000E031
:1022E0005AE009F10409C9F800800DE0DFF8DC804C
:1022F00008F10408D8F8008028EA0008DFF8CC903C
:1023000009F10409C9F80080D1F8048008F4003804
:10231000B8F5003F0ED1DFF8B480A8F10408D8F872
:10232000008048EA0008DFF8A490A9F10409C9F880
:1023300000800DE0DFF89480A8F10408D8F8008050
:1023400028EA0008DFF88490A9F10409C9F80080A0
:10235000D1F8048008F48038B8F5803F0ED1DFF85A
:102360006C80A8F10808D8F8008048EA0008DFF877
:102370005C90A9F10809C9F800800DE0DFF84C80F5
:10238000A8F10808D8F8008028EA0008DFF83C9097
:10239000A9F10809C9F80080521CD1F8008028FA78
:1023A00002F8B8F1000F7FF489AEBDE8F8870000AD
:1023B000000011100010024000080140000C014014
:1023C00000100140001401400800014008040140D1
:1023D000024693680B400BB1012000E000207047DB
:1023E0000AB1016101E00B04036170470148006814
:1023F000704700000C00002003480068034909787A
:1024000008440149086070470C00002014000020B7
:1024100010B50848006840F0100006490860032025
:1024200000F0D8F80F2000F007F800F055F8002071
:1024300010BD000000200240F0B587B00446002621
:102440000027002500BF1F48806940F400601D4937
:1024500088610846806900F40060009000BF00BFFA
:1024600001A902A800F0A6FA00F0DCFA0646164818
:10247000B6FBF0F0471E15481549086040F2E731F9
:102480001348C1604760002101618160816100F0F3
:1024900087FD054695B90E4800F0F4FD05466DB977
:1024A000192000F049F8102C07D2002221461920EB
:1024B00000F052F80748046000E00125284607B004
:1024C000F0BD00000010024040420F00002C01400F
:1024D0002C0400201000002008B500BF14488069BB
:1024E00040F00100124988610846806900F001004F
:1024F000009000BF00BF00BF0846C06940F0805098
:10250000C8610846C06900F08050009000BF00BF5D
:1025100000220F21901E00F01FF800BF05494868F7
:1025200020F0E06040F00070486000BF08BD00008F
:10253000001002400000014001460846002809DB67
:1025400000F01F0301229A4043099B0003F1E0239E
:10255000C3F8002100BF70472DE9F05F80460D46AB
:102560001646002703F072FA074639462A463346D4
:1025700001F00700C0F1070ABAF1040F02D94FF0C9
:10258000040A01E0C0F1070AD14600F1040ABAF1D9
:10259000070F02D24FF0000A01E0A0F1030AD4466F
:1025A0004FF0010A0AFA09FAAAF1010A0AEA020A34
:1025B0000AFA0CFA4FF0010B0BFA0CFBABF1010B12
:1025C0000BEA030B4AEA0B042146404603F046FAA5
:1025D000BDE8F09F00BF00F00702064B19684FF6F8
:1025E000FF031940044B0B4343EA0221014B1960DE
:1025F00000BF70470CED00E00000FA052DE9F04740
:1026000006464FF00008002500270024A146012EB1
:1026100031D0022E56D0102E5FD132484468006867
:1026200000F0807008B33048C4F38341475C04F481
:10263000803078B12B484068C0F340402B4911F8F6
:10264000008004F4803040B12948B0FBF8F000FB72
:1026500007F502E0274807FB00F52248406800F430
:102660008000B0F5800F01D1A94603E06800032186
:10267000B0FBF1F932E01B48046A04F44070B0F595
:10268000807F05D104F0020010B14FF4004918E03A
:1026900004F44070B0F5007F07D11248406A00F0A2
:1026A000020010B149F640490BE004F44070B0F567
:1026B000407F06D10B48006800F4003008B14FF2AB
:1026C00024490BE000F0AEF906494968C1F38131B5
:1026D000491C4900B0FBF1F900E000BF00BF4846CB
:1026E000BDE8F0870010024056890008668900089E
:1026F00000127A0000093D00F8B5044600260025C6
:10270000207800F0010000286BD000274348C06902
:1027100000F0805070B900BF4048C06940F0805060
:102720003E49C8610846C06900F08050009000BF73
:1027300000BF01273A48006800F48070B0B93848FB
:10274000006840F4807036490860FFF74FFE064687
:1027500006E0FFF74BFE801B642801D90320F8BD7B
:102760002F48006800F480700028F2D02B48006ADF
:1027700000F440752DB3A08800F44070A84220D02A
:102780002648006A20F44075012026490860002090
:1027900008602248056205F0010090B1FFF726FEAF
:1027A000064608E0FFF722FE801B41F2883188428E
:1027B00001D90320D3E71948006A00F0020000287D
:1027C000F0D01648006A20F440706168084313494D
:1027D0000862012F04D10846C06920F08050C8610A
:1027E00000BF207800F00200022807D10B484068A3
:1027F00020F44040A168084308494860207800F070
:102800001000102807D10548406820F48000E168D6
:102810000843024948600020A1E700000010024080
:10282000007000404004424270B504460D460CB9A9
:10283000012070BD5A48006800F00700A8420ED27F
:102840005748006820F007002843554908600846AB
:10285000006800F00700A84201D00120E9E72078D5
:1028600000F0020002281DD1207800F004000428A6
:1028700005D14C48406840F4E0604A4948602078FF
:1028800000F00800082805D14648406840F4605030
:10289000444948604348406820F0F000A16808437C
:1028A00040494860207800F0010078B36068012852
:1028B00006D13C48006800F4003090B90120B8E728
:1028C0006068022806D13748006800F0007040B9FF
:1028D0000120AEE73348006800F0020008B901208B
:1028E000A7E73048406820F00300616808432D499D
:1028F0004860FFF77BFD064609E0FFF777FD801B88
:1029000041F28831884202D9032092E707E0254846
:10291000406800F00C006168B0EB810FEDD12048F9
:10292000006800F00700A8420ED91D48006820F09A
:10293000070028431A4908600846006800F00700AD
:10294000A84201D0012074E7207800F00400042898
:1029500007D11448406820F4E060E1680843114959
:102960004860207800F00800082808D10D48406829
:1029700020F46050216940EAC1000A49486000F033
:1029800061F808494968C1F30311074A515CC8401E
:102990000649086006480068FFF74EFD002048E73A
:1029A0000020024000100240688900081800002042
:1029B000100000200F2202600D4A526802F003024C
:1029C00042600B4A526802F0F0028260084A526884
:1029D00002F4E062C260064A526802F46052D20811
:1029E0000261044A126802F007020A6070470000A0
:1029F00000100240002002400148006870470000BB
:102A00001800002000B5FFF7F7FF04494968C1F33B
:102A10000221034A515CC84000BD00000010024082
:102A20007889000800B5FFF7E7FF04494968C1F35A
:102A3000C221034A515CC84000BD000000100240A2
:102A40007889000870B500210022002400230020AE
:102A5000134D696801F00C05F5B1042D02D0082D65
:102A600019D101E00F4819E00F4DC1F38346AB5D6A
:102A700001F4803555B10A4D6D68C5F340450B4EE4
:102A8000725D084D5D43B5FBF2F402E0084D03FBB7
:102A900005F4204602E000BF024800BF00BF70BD41
:102AA0000010024000127A0044890008548900088E
:102AB00000093D00F8B504460CB90120F8BD2078A6
:102AC00000F00100002878D0F848406800F00C00C1
:102AD00004280CD0F548406800F00C00082811D1FB
:102AE000F248406800F48030B0F5803F0AD1EF48EA
:102AF000006800F4003000285FD0606800285CD1D6
:102B00000120DBE700BF6068B0F5803F06D1E748F1
:102B1000006840F48030E549086028E0606858B9F2
:102B2000E248006820F48030E04908600846006808
:102B300020F4802008601AE06068B0F5A02F0BD167
:102B4000DA48006840F48020D849086008460068E8
:102B500040F4803008600AE0D448006820F48030F7
:102B6000D24908600846006820F48020086000BF51
:102B7000606888B1FFF73AFC054606E0FFF736FCCF
:102B8000401B642801D9032098E7C848006800F476
:102B900000300028F2D010E0FFF728FC054606E0E0
:102BA000FFF724FC401B642801D9032086E7BF48B7
:102BB000006800F400300028F2D1207800F0020014
:102BC000022857D1B948406800F00C0050B1B7480E
:102BD000406800F00C00082818D1B448406800F4A0
:102BE000803098B9B148006800F0020020B1206937
:102BF000012801D0012061E7AC48006820F0F8000E
:102C0000616940EAC100A949086033E02069E8B180
:102C10000120A7490860FFF7E9FB054606E0FFF73A
:102C2000E5FB401B022801D9032047E79F480068C5
:102C300000F002000028F2D09C48006820F0F80064
:102C4000616940EAC1009949086013E00020984991
:102C50000860FFF7CBFB054606E0FFF7C7FB401B0C
:102C6000022801D9032029E79048006800F00200FB
:102C70000028F2D1207800F0080008282DD1A069A2
:102C8000B8B101208B490860FFF7B0FB054606E0AC
:102C9000FFF7ACFB401B022801D903200EE7834855
:102CA000406A00F002000028F2D0012001F02EFC62
:102CB00013E000207F490860FFF798FB054606E017
:102CC000FFF794FB401B022801D90320F6E6774862
:102CD000406A00F002000028F2D1207800F00400E1
:102CE000042873D100277148C06900F0805070B982
:102CF00000BF6E48C06940F080506C49C86108460A
:102D0000C06900F08050009000BF00BF01276A48F2
:102D1000006800F48070B0B96748006840F48070C3
:102D200065490860FFF762FB054606E0FFF75EFBBA
:102D3000401B642801D90320C0E65F48006800F406
:102D400080700028F2D000BFE068012806D1574803
:102D5000006A40F001005549086227E0E06858B970
:102D60005248006A20F00100504908620846006A93
:102D700020F00400086219E0E06805280BD14B48F8
:102D8000006A40F00400494908620846006A40F0C1
:102D9000010008620AE04548006A20F0010043494A
:102DA00008620846006A20F00400086200BFE0687C
:102DB000A0B1FFF71BFB054609E0FFF717FB401B1F
:102DC00041F28831884202D9032077E622E0374871
:102DD000006A00F002000028EFD012E0FFF706FBC7
:102DE000054608E0FFF702FB401B41F288318842AC
:102DF00001D9032062E62D48006A00F00200002895
:102E0000F0D1012F05D12948C06920F08050274911
:102E1000C86100BFE069C8B32448406800F00C00F6
:102E2000082860D0E069022848D1002020490866BF
:102E3000FFF7DCFA054606E0FFF7D8FA401B022848
:102E400001D903203AE61948006800F00070002814
:102E5000F2D1206AB0F5803F07D11448406820F4D1
:102E60000030A168084311494860D4E908010843CB
:102E70000E49496821F4741108430C494860012047
:102E80000B490866FFF7B2FA054607E03DE0FFF799
:102E9000ADFA401B022801D903200FE60348006861
:102EA00000F000700028F2D02FE000000010024077
:102EB0000000424280044242007000400020144959
:102EC0000866FFF793FA054606E0FFF78FFA401B06
:102ED000022801D90320F1E50E48006800F00070D7
:102EE0000028F2D111E0E069012800D1E6E50948A7
:102EF000466806F48031206A814204D106F47011DC
:102F0000606A814201D00120D8E50020D6E50000AA
:102F100000004242001002407047704730B5024640
:102F20000B4600BF92F83C00012801D1022030BDC1
:102F3000012082F83C0000BF022082F83D001068AA
:102F400044681068816824F07004186804431068AD
:102F50004460104D1068A8420BD01068B0F1804F4B
:102F600007D00D4D1068A84203D00C4D1068A84240
:102F700005D121F08001586801431068816001206B
:102F800082F83D0000BF002082F83C0000BF00BF77
:102F9000CDE70000002C0140000400400008004084
:102FA00010B504460CB9012010BD94F83D0028B9B5
:102FB000002084F83C00204600F026F8022084F827
:102FC0003D00211D206801F081FE012084F84600AB
:102FD00000BF84F83E0001213F20015540200155EB
:102FE0004120015500BF00BF012084F8420043206A
:102FF0000155442001554520015500BF012084F8AA
:103000003D000020D0E7000008B50168B1F1804F15
:103010000DD100BF1849C96941F00101164AD161BB
:103020001146C96901F00101009100BF23E0134A74
:10303000016891420DD100BF0F49C96941F00201F9
:103040000D4AD1611146C96901F00201009100BF2A
:1030500011E00B4A016891420DD100BF0649C969D0
:1030600041F00401044AD1611146C96901F004012B
:10307000009100BF00BF08BD0010024000040040E6
:1030800000080040014691F83D00012801D00120D0
:103090007047022081F83D000868C06840F00100D8
:1030A0000B68D860124B086898420BD00868B0F1E2
:1030B000804F07D00F4B0868984203D00E4B08682A
:1030C00098420CD10868806800F00702062A0CD0EC
:1030D0000868006840F001000B68186005E00868A7
:1030E000006840F001000B6818600020D0E7000085
:1030F000002C014000040040000800402DE9F04190
:1031000004460D46002700BF94F83C00012802D178
:103110000220BDE8F081012084F83C0000BF0220BD
:1031200084F83D002068866826F0770626F47F46FE
:10313000206886602868502833D00CDC202850D0C6
:1031400004DC00284BD0102851D149E0302849D068
:1031500040284CD139E060282DD0702807D0B0F538
:10316000805F03D0B0F5005F41D10DE041E0D5E9CB
:1031700002136A68206801F0FCFD2068866846F04A
:1031800077062068866034E0D5E902136A68206813
:1031900001F0EFFD2068806840F48040216888607D
:1031A00027E0EA686968206801F0B4FE50212068D1
:1031B00001F0EAFD1DE0EA686968206801F0BDFEE3
:1031C0006021206801F0E0FD13E0EA68696820688A
:1031D00001F0A0FE4021206801F0D6FD09E000BF0B
:1031E00000BF00BF2968206801F0CEFD01E0012783
:1031F00000BF00BF012084F83D0000BF002084F81C
:103200003C0000BF384684E7704770B5044620682C
:10321000C5682068066906F00200022819D105F089
:103220000200022815D1401F216808610120207783
:103230002068806900F0030018B12046FFF7E4FF22
:1032400005E0204600F03AF9204600F0EEF90020B3
:10325000207706F00400042819D105F004000428A2
:1032600015D1C04321680861022020772068806959
:1032700000F4407018B12046FFF7C6FF05E0204675
:1032800000F01CF9204600F0D0F90020207706F06D
:103290000800082819D105F00800082815D1C043F6
:1032A00021680861042020772068C06900F00300CD
:1032B00018B12046FFF7A8FF05E0204600F0FEF811
:1032C000204600F0B2F90020207706F01000102808
:1032D00019D105F01000102815D1C04321680861EC
:1032E000082020772068C06900F4407018B120469B
:1032F000FFF78AFF05E0204600F0E0F8204600F0E6
:1033000094F90020207706F0010048B105F0010093
:1033100030B16FF0010021680861204600F0F0F93B
:1033200006F08000802809D105F08000802805D1B2
:10333000C043216808612046FFF7EEFD06F040001B
:10334000402809D105F04000402805D1C04321683C
:103350000861204600F0E0F906F02000202809D19D
:1033600005F02000202805D1C043216808612046CF
:10337000FFF7D3FD70BD000010B586B004460020F5
:1033800002900390049005902068B0F1804F38D1EE
:1033900000BF4448806940F0040042498861084603
:1033A000806900F00400019000BF00BF00BF084624
:1033B000806940F0080088610846806900F00800D4
:1033C000019000BF00BF4FF4004002900220039024
:1033D000059002A93448FEF76BFE082002900220F7
:1033E0000390059002A93148FEF762FE00BF304904
:1033F000486820F4407040F0E06040F4807048601D
:103400004DE02C49206888422DD100BF25488069B5
:1034100040F00400234988610846806900F00400F8
:10342000019000BF00BF00BF0846806940F008005F
:1034300088610846806900F00800019000BF00BF65
:10344000C020029002200390059002A91648FEF7C2
:103450002FFE0320029002200390059002A913483A
:10346000FEF726FE1BE014492068884217D100BFF2
:103470000C48806940F008000A4988610846806964
:1034800000F00800019000BF00BF4FF410700290E0
:1034900002200390059002A90448FEF709FE06B039
:1034A00010BD00000010024000080140000C014067
:1034B00000000140000400400008004070472DE972
:1034C000F04104460D461646002700BF94F83C0024
:1034D000012802D10220BDE8F081012084F83C00DF
:1034E00000BF36B1042E1BD0082E31D00C2E5ED179
:1034F00045E02946206801F051FC2068806940F0D1
:103500000800216888612068806920F00400216833
:10351000886120688069296908432168886148E0DA
:103520002946206801F06AFC2068806940F4006048
:10353000216888612068806920F480602168886142
:1035400020688069296940EA01202168886130E0AB
:103550002946206801F086FC2068C06940F0080018
:103560002168C8612068C06920F004002168C86132
:103570002068C069296908432168C86119E02946A3
:10358000206801F0A3FC2068C06940F40060216855
:10359000C8612068C06920F480602168C861206823
:1035A000C069296940EA01202168C86101E001275A
:1035B00000BF00BF00BF002084F83C0000BF3846B9
:1035C00089E710B504460CB9012010BD94F83D0000
:1035D00028B9002084F83C00204600F025F802209D
:1035E00084F83D00211D206801F070FB012084F863
:1035F000460000BF84F83E0001213F2001554020D5
:1036000001554120015500BF00BF012084F8420050
:1036100043200155442001554520015500BF01209C
:1036200084F83D000020D0E77047704770B504462D
:103630000D4615B994F83E000BE0042D02D13F2051
:10364000005D06E0082D02D14020005D01E0412030
:10365000005D012801D0012070BD1DB9022084F851
:103660003E000EE0042D03D102213F20015508E069
:10367000082D03D102214020015502E00221412002
:10368000015501222946206801F062FB1949206892
:10369000884201D1012000E0002028B12068406C60
:1036A00040F40040216848641249206888420BD0E9
:1036B0002068B0F1804F07D00F492068884203D0BE
:1036C0000E49206888420CD12068806800F0070607
:1036D000062E0CD02068006840F0010021680860C8
:1036E00005E02068006840F00100216808600020C3
:1036F000B2E70000002C0140000400400008004038
:1037000010B5044603492068884201D1FEF774FED3
:1037100010BD0000002C01407047704738B50446CA
:10372000204602F08DFA054605B938BD00BF0020DD
:10373000009020680068009020684068009000BFFA
:1037400000BF00BF00200090206800680090206843
:103750004068009000BF00BF00BF002000902068BC
:103760000068009020684068009000BF00BF20689B
:1037700002F098FA48B1802205F10D01204600F0D0
:10378000FDFA0020A5F88E0005E0012205F1D40124
:10379000204600F009FB287910B9284602F030FBDA
:1037A00000BFC2E72DE9F84F04462068056820688D
:1037B000C668206847694FF00009CA4605F00F093E
:1037C000B9F1000F0AD105F0200038B106F0200051
:1037D00020B1204601F0EFFCBDE8F88FB9F1000FF1
:1037E0007BD007F0010018B906F49070002874D05F
:1037F00005F0010030B106F4807018B1606C40F043
:103800000100606405F0040030B107F0010018B158
:10381000606C40F00200606405F0020030B107F017
:10382000010018B1606C40F00400606405F008000D
:1038300048B106F0200010B907F0010018B1606C23
:1038400040F008006064606C002845D005F020005E
:1038500028B106F0200010B1204601F0ACFC206831
:103860004069C0F3801A606C00F0080010B9BAF12A
:10387000000F2CD0204601F045FC2068406900F084
:10388000400000B300BF00BF2168143151E8001FA1
:1038900021F040002168143141E80002002AF3D1F0
:1038A00000BFE06B50B17748E16B4863E06BFEF717
:1038B00085F988B1E06B416B88470DE02046FFF742
:1038C0002DFF09E009E02046FFF728FF04E020462D
:1038D000FFF724FF002060647EE7206B012877D18A
:1038E00005F01000002873D006F010000028FAD070
:1038F00000BF0020009020680068009020684068A9
:10390000009000BF00BF2068406900F04000002820
:103910005FD0E06B006840681FFA80F8B8F1000FD4
:1039200055D0A08D404552DDA4F82E80E06B806913
:10393000202843D000BF00BF21680C3151E8001F90
:1039400021F4807021680C3141E80002002AF3D193
:1039500000BF00BF00BF2168143151E8001F21F0F3
:1039600001002168143141E80002002AF3D100BFB0
:1039700000BF00BF2168143151E8001F21F0400052
:103980002168143141E80002002AF3D100BF202051
:1039900084F842000020206300BF00BF21680C3182
:1039A00051E8001F21F0100021680C3141E80002AD
:1039B000002AF3D100BFE06BFEF7D4F80220606369
:1039C000A08DE28D801A81B22046FFF7A6FE03E7A4
:1039D00042E0A08DE18D401A1FFA80F8E08DD0B34F
:1039E000B8F1000F37D000BF00BF21680C3151E89B
:1039F000001F21F4907021680C3141E80002002A78
:103A0000F3D100BF00BF00BF2168143151E8001F8F
:103A100021F001002168143141E80002002AF3D1AD
:103A200000BF202084F842000020206300BF00BFB8
:103A300021680C3151E8001F21F0100021680C3181
:103A400041E80002002AF3D100BF02206063414632
:103A50002046FFF762FEBFE605F0800030B106F0B9
:103A6000800018B1204601F027FDB5E605F04000C2
:103A700030B106F0400018B1204601F079FBABE60A
:103A800000BFA9E6634F000810B504460CB9012039
:103A900010BDA06900B100E000BF94F8410028B952
:103AA000002084F84000204600F02AF8242084F802
:103AB00041002068C06820F400502168C86020469A
:103AC00001F0F8FB2068006920F49040216808614B
:103AD0002068406920F02A00216848612068C06899
:103AE00040F400502168C86000206064202084F801
:103AF000410084F842000020606300BFC8E7000076
:103B000010B586B004460020029003900490059002
:103B10008F49206888426CD100BF8E48806940F48C
:103B200080408C4988610846806900F4804001909B
:103B300000BF00BF00BF0846806940F004008861F4
:103B40000846806900F00400019000BF00BF4815DE
:103B50000290022003900320059002A97E48FEF700
:103B6000A7FA4FF48060029000200390049002A90D
:103B70007948FEF79DFA7948794908600020486045
:103B80000021774881608021C1600021016141618D
:103B9000202181610021C161FEF736F908B1FDF7EE
:103BA00080F900BF6E48E063446200BF6B48143880
:103BB0006C4908601020486000216A4881608021BB
:103BC000C1600021016141618161C161FEF71CF9A1
:103BD00008B1FDF766F900BF6248A063446200BF08
:103BE000002205212520FEF7B7FC2520FEF7A4FCC6
:103BF000ABE05D49206888426CD100BF5548C06980
:103C000040F400305349C8610846C06900F40030F0
:103C1000019000BF00BF00BF0846806940F004006B
:103C200088610846806900F00400019000BF00BF71
:103C300004200290022003900320059002A9464828
:103C4000FEF736FA0820029000200390049002A9A3
:103C50004148FEF72DFA41481430444908600020DD
:103C600048600021414881608021C16000210161DC
:103C70004161202181610021C161FEF7C5F808B1D1
:103C8000FDF70FF900BF3948E063446200BF3348D5
:103C9000283037490860102048600021344881608E
:103CA0008021C1600021016141618161C161FEF734
:103CB000ABF808B1FDF7F5F800BF2D48A0634462EA
:103CC00000BF002205212620FEF746FC2620FEF735
:103CD00033FC3AE027492068884236D100BF1D48AE
:103CE000C06940F480201B49C8610846C06900F4DF
:103CF0008020019000BF00BF00BF0846806940F0EF
:103D0000080088610846806900F00800019000BF43
:103D100000BF08150290022003900320059002A91D
:103D20001548FEF7C5F94FF400600290002003909B
:103D3000049002A91048FEF7BBF9002205212720B4
:103D4000FEF70AFC2720FEF7F7FB06B010BD0000C7
:103D500000380140001002400008014058000240B5
:103D60001C0300206003002000440040A403002046
:103D7000E803002000480040000C014070B50446F4
:103D80000D46164694F8420020280BD105B10EB915
:103D9000012070BD0020206332462946204601F0F4
:103DA00007FBF6E70220F4E770B504460D46164619
:103DB00094F8420020280BD105B10EB9012070BD46
:103DC0000020206332462946204601F055FBF6E7E5
:103DD0000220F4E770B50546284601F031FF04469D
:103DE00074B1286801F05EFF50B994F8D4102046F1
:103DF00002F026F8012204F1D4012846FFF7D4FF8F
:103E000070BD70472DE9F84F04460E461746994697
:103E10004FF0000A94F84100202850D106B117B99C
:103E20000120BDE8F88F00206064212084F8410063
:103E3000FEF7DCFA8246A784E784A068B0F5805FCD
:103E400004D1206910B90025B04602E035464FF094
:103E500000081EE05346002280212046CDF8009045
:103E600001F05AFB20B1202084F841000320D8E75C
:103E700045B9B8F80000C0F308002168486008F1AF
:103E8000020803E02878216848606D1CE08C401E21
:103E9000E084E08C0028DDD15346002240212046FA
:103EA000CDF8009001F038FB20B1202084F84100CB
:103EB0000320B6E7202084F841000020B1E702206B
:103EC000AFE70000F7B50446154694F841002028F6
:103ED00036D1019800B10DB90120FEBD01982062D4
:103EE000A584E58400206064212084F84100154801
:103EF000A16B88621448A16BC8621448A16B086367
:103F00000020A16B486301AE23681A1D31682B465F
:103F1000A06BFDF7ADFF6FF040002168086000BFA7
:103F200000BF2168143151E8001F41F08000216872
:103F3000143141E80002002AF3D100BF0020CCE791
:103F40000220CAE79F500008F7500008774F00088A
:103F500010B5034693F84100202813D101B10AB9E6
:103F6000012010BD19629A84DA840020586421204F
:103F700083F841001868C06840F080001C68E06069
:103F80000020EEE70220ECE77047704700BFFEE735
:103F90000EB500200090019002901248124908606E
:103FA000002111488160017301754FF46021C161E6
:103FB00000200D49486001210B480161FDF782FA9C
:103FC00008B1FCF76EFF0020009001200190002056
:103FD000029069460448FDF7C1F908B1FCF761FF9A
:103FE0000EBD0000002401401401002010B50B4854
:103FF0000B49086010204860002109488160C160B9
:1040000001614161017641768176C1760177417720
:10401000FDF7AAFC08B1FCF744FF10BD00640040A6
:104020004401002008B500BF1648406940F0010077
:10403000144948610846406900F00100009000BF43
:1040400000BF002205210E20FEF786FA0E20FEF7A3
:1040500073FA002205210F20FEF77EFA0F20FEF7EB
:104060006BFA002205211020FEF776FA1020FEF7E9
:1040700063FA002205211120FEF76EFA1120FEF7E7
:104080005BFA08BD0010024010B50B4A00210B4836
:1040900002F0B6F80A4908600A4A00210A4802F00C
:1040A000AFF80A4908600A4A00210A4802F0A8F855
:1040B0000949086010BD0000D88800089570000804
:1040C00000000020FC880008817100080400002026
:1040D00020890008FD7100080800002000B585B0A7
:1040E0000020019002900390049000BF4648806930
:1040F00040F01000444988610846806900F01000D3
:10410000009000BF00BF00BF0846806940F020005B
:1041100088610846806900F02000009000BF00BF61
:1041200000BF0846806940F0040088610846806945
:1041300000F00400009000BF00BF00BF0846806987
:1041400040F0080088610846806900F0080000908F
:1041500000BF00BF00224FF440412C48FEF740F959
:1041600000224FF498712A48FEF73AF9002243F2F0
:10417000B4112848FEF734F94FF4005001900020A4
:1041800002900120039001A92048FDF791FF4FF410
:10419000404001900120029002200390049001A968
:1041A0001A48FDF785FF4FF49870019001200290A6
:1041B00003900220049001A91548FDF779FF43F20E
:1041C000A41001900120029003900220049001A904
:1041D0001048FDF76DFF4FF4404001900020029021
:1041E0000120039001A90B48FDF762FF1020019008
:1041F00011200290012003900220049001A905489B
:10420000FDF756FF05B000BD001002400010014050
:1042100000080140000C014000B58DB0002009905D
:104220000A900B900C90079008901C216846FCF7B0
:10423000A9F84FF0804024490860472048600021D9
:104240002148816044F61F61C160002101618161E4
:10425000FEF7A6FE08B1FCF724FE4FF4805009904B
:1042600009A91948FEF74AFF08B1FCF71AFE1648DB
:10427000FFF7A7F908B1FCF714FE0020079008909B
:1042800007A91148FEF74AFE08B1FCF70AFE6020B4
:1042900000904FF47A700190002002900490002268
:1042A00069460948FFF70BF908B1FCF7FAFD04224B
:1042B00069460548FFF703F908B1FCF7F2FD02482B
:1042C000FFF75AF80DB000BD6C01002000B58DB0AD
:1042D000002009900A900B900C90079008901C21E8
:1042E0006846FCF74FF82D482D4908604720486084
:1042F00000212B48816040F2E731C160002101615B
:104300008161FEF74DFE08B1FCF7CBFD4FF4805004
:10431000099009A92248FEF7F1FE08B1FCF7C1FD9A
:104320001F48FFF74EF908B1FCF7BBFD00200790CE
:10433000089007A91A48FEF7F1FD08B1FCF7B1FD96
:10434000602000904FF4FA700190002002900490D9
:10435000002269461248FFF7B2F808B1FCF7A1FD48
:10436000042269460E48FFF7AAF808B1FCF799FD48
:10437000082269460A48FFF7A2F808B1FCF791FD48
:104380000C2269460648FFF79AF808B1FCF789FD48
:104390000348FEF7F1FF0DB000BD0000000400402F
:1043A000B401002000B58DB0002009900A900B9058
:1043B0000C90079008901C216846FBF7E3FF254806
:1043C000254908604720486000212348816040F269
:1043D000E731C160002101618161FEF7E1FD08B1B3
:1043E000FCF75FFD4FF48050099009A91A48FEF7C9
:1043F00085FE08B1FCF755FD1748FFF7E2F808B154
:10440000FCF74FFD00200790089007A91248FEF71F
:1044100085FD08B1FCF745FD602000904FF4FA706F
:104420000190002002900490002269460A48FFF79C
:1044300046F808B1FCF735FD0C2269460648FFF73F
:104440003EF808B1FCF72DFD0348FEF795FF0DB0CF
:1044500000BD000000080040FC01002010B50B4822
:104460000B4908604FF4E130486000210848816042
:10447000C16001610C21416100218161C161FFF7CF
:1044800003FB08B1FCF70DFD10BD00000038014032
:104490004402002010B50B480B4908604FF4E1308E
:1044A0004860002108488160C16001610C214161C0
:1044B00000218161C161FFF7E7FA08B1FCF7F1FC67
:1044C00010BD0000004400408C02002010B50B48D5
:1044D0000B4908604FF4165048600021084881607D
:1044E000C16001610C21416100218161C161FFF75F
:1044F000CBFA08B1FCF7D5FC10BD00000048004025
:10450000D402002000BFFEE700BFFEE708B508495F
:104510000968C9084FF47A72B1FBF2F14143009186
:1045200000BF00BF00994A1E00920029F9D108BDC2
:10453000180000200EB5002000900190029009485C
:10454000FCF77EFE002000900120019005200290E3
:1045500069460448FCF702FF0020034908804860D0
:104560000EBD000014010020EC00002070B50F48C3
:10457000FDF742F90A210D48FDF77EF888B90B488E
:10458000FCF79CFF0A490880088804F05FF805469C
:10459000084904F0A3F80446074904F09FF80449C9
:1045A00048600248FDF7C0F970BD0000140100200A
:1045B000EC0000206740533A0000404010B5FDF782
:1045C00015FF10BD10B500241AE0204601F05AFA7C
:1045D00000B913E00C4800EBC400807901280CD12D
:1045E000094B03EBC403DA79074B03EBC403998847
:1045F000054B53F83400FDF7F3FE00BF601CC4B256
:104600000F2CE2D310BD0000BC8B000870B504462F
:10461000204601F037FA08B9002070BD074A02EBC6
:10462000C4029188054A52F83400FDF7D1FE0546D0
:10463000012D00D1F1E70020EFE70000BC8B00085E
:1046400070B504460D46204601F01CFA00B970BD55
:104650000B4800EBC4008079012800D0F7E70DB1CA
:10466000012300E000231A46054B03EBC40399889D
:10467000034B53F83400FDF7B3FE00BFE7E700003B
:10468000BC8B000810B5FFF79DFF10BD03484068C4
:104690000349C8600846C06870470000001000E089
:1046A000A44100201148006840F080700F49086064
:1046B00000200F4948600846006840F0010008608B
:1046C0000C4800680C4908600A4800684FF47A7189
:1046D000B0FBF1F008494860064800680749B0FBA4
:1046E000F1F0054988600020C8607047FCED00E0EB
:1046F000001000E018000020A441002040420F00FC
:10470000024606484068831A054840684843834289
:1047100001D3012070470020FCE70000001000E0FA
:10472000A441002010B50C4801F056F904460B488E
:10473000844208D10A480849091D0968016001201E
:104740000849087007E0064800210160002005497B
:10475000087000F009F810BD00FC000834125AA5DA
:10476000F8000020F400002000B585B00020019082
:104770001048039001200490FDF782FC694601A8CF
:10478000FDF7C4FB18B1FDF719FC05B000BD0A49DF
:10479000084801F046F910B1FDF710FCF5E70422D6
:1047A00006490448001D01F01AF9FDF707FC00BF97
:1047B000EBE7000000FC000834125AA5F8000020C6
:1047C00010B500240CE0204601F084F900B905E0A2
:1047D000054901EB440001F071F900BF601CC4B24F
:1047E000032CF0D310BD0000348C00082DE9F041FB
:1047F0000446884615461E46204601F06BF908B966
:10480000BDE8F0810F4800EB4407384601F0A7F9F6
:104810004146384601F07FF9384601F0CCF9294687
:10482000384601F078F9384601F0C5F93146384686
:1048300001F071F9384601F0BEF9384601F0A8F9E7
:1048400000BFDDE7348C00082DE9F04705468946B6
:1048500016461F46DDF820A0284601F03BF908B9AE
:10486000BDE8F087124800EB4508404601F077F9B3
:104870004946404601F04FF9404601F09CF9314667
:10488000404601F048F9404601F095F9002408E05F
:10489000395D404601F03FF9404601F08CF9601C5B
:1048A00084B25445F4DB404601F072F900BFD7E70B
:1048B000348C000810B500240EE0094850F834008C
:1048C00040B1074A02EBC4025168054A52F834006D
:1048D000FEF7ACFE601CC4B20C2CEED310BD000081
:1048E0003C8C00082DE9F04704460E460C2C03D200
:1048F000284850F8340008B9BDE8F0870021304658
:1049000003F0B8FE00D200262349304603F0B2FF80
:1049100000D2214E1F4850F834000068C76A781C46
:1049200003F094FE81461C49304603F0ADFD8246FB
:10493000494603F0D3FE804603F068FE054615485D
:1049400000EBC400406828B9124850F834000068F1
:1049500045631CE00F4800EBC4004068042805D103
:104960000C4850F834000068856310E0094800EBFB
:10497000C4004068082805D1064850F83400006893
:10498000C56304E0034850F834000068056400BFC4
:10499000B2E700003C8C00080000C84210B50A468F
:1049A0000C2803D21C4C54F8304004B910BD1A4CEA
:1049B00054F830402468E46A631C1146994200D3DD
:1049C0001946154C04EBC00464682CB9124C54F819
:1049D0003040246861631CE00F4C04EBC004646841
:1049E000042C05D10C4C54F830402468A16310E02D
:1049F000094C04EBC0046468082C05D1064C54F83B
:104A000030402468E16304E0034C54F830402468EB
:104A1000216400BFCAE700003C8C000870B5002587
:104A200041E0284800EB0524274850F82500206085
:104A30002648405D207125730020A4F8D000A4F81A
:104A4000D200A4F88E00C4F8F800C4F8FC00C4F842
:104A5000F400204601F0D4F90020C5EBC50101EBBC
:104A600005111B4A5054C5EBC50101EB051111445A
:104A70004870C5EBC50101EB05111144887521682B
:104A8000086801F00FF930B1802204F10D012068AF
:104A9000FFF774F905E0012204F1D4012068FFF763
:104AA00083F9681CC5B2032DBBD3002406E0054979
:104AB00001EB042001F0D6F9601CC4B2032CF6D33C
:104AC00070BD00005C3E0020E00000209C8C0008CF
:104AD0005C4100202DE9F04106460F46032E01D32C
:104AE000BDE8F0811A4800EB0624C6EBC60000EBD7
:104AF000061018494518207900B1F1E7552084F8CF
:104B0000D500AA21D6200155D7200755002008E05E
:104B100005F10C010B5CC11C04F1D5025354411C7E
:104B2000C8B20A28F4D30021E22001552978E320F5
:104B300001552878401C2870FF21E42001551022DF
:104B400004F1D501204601F0B1F900BFC8E700002B
:104B50005C3E00205C410020032803D2024A02EBA5
:104B600000229160704700005C3E0020F8B5FDF720
:104B70003DFC064600254DE0284800EB0524216851
:104B8000086801F08FF8D8B12068C06B00684068F1
:104B9000C0F1800087B20EE0B4F88E2004F10D0061
:104BA000815C204601F04CF994F88E00401C00F026
:104BB0007F00A4F88E00B4F88E00B842ECD100BF9C
:104BC000207978B994F8E50060B1D4F8F400301A8F
:104BD000322807D9D4F8FC00401CC4F8FC00204659
:104BE00001F00EF90EE0207938B1A06850B1207BB9
:104BF0009DF80010A268904704E09DF80010204640
:104C000001F080F86946204601F001F90028EAD059
:104C1000681CC5B2032DAFD3F8BD00005C3E002078
:104C200010B54FF0E020006903F0CCF9012801D065
:104C300002F016FE10BD00B593B0282109A8FBF7BD
:104C4000A1FB142104A8FBF79DFB0020009001901C
:104C5000029003900120099000040A9000200B901C
:104C600001200D9002201090C10311914FF4E0112A
:104C7000129109A8FDF71EFF08B1FCF712F90F20E9
:104C8000049002200590002006904FF48060079069
:104C900000200890022104A8FDF7C6FD08B1FCF72A
:104CA00000F902200090800302906846FDF724FD81
:104CB00008B1FCF7F6F813B000BD704710B5024814
:104CC000FEF7A3FA10BD00002C04002010B5026806
:104CD0001C4B984208D0B0F1804F05D01A4B984237
:104CE00002D01A4B984203D122F070024B681A434B
:104CF000144B984208D0B0F1804F05D0124B984227
:104D000002D0124B984203D122F44072CB681A436E
:104D100022F080034C6943EA040202608B68C3629C
:104D20000B688362074B984201D10B69036301232F
:104D30004361036903F001031BB1036923F001031D
:104D4000036110BD002C0140000400400008004039
:104D500030B501F01F05012404FA05F3046A9C43F1
:104D60000462046A01F01F0502FA05F52C4304628F
:104D700030BD30B50C46816821F47F4142EA0325FD
:104D800025432943816030BD0A46816821F07001C6
:104D900042F00703194381607047000030B5026A92
:104DA000056A25F0010505624368846924F07004F2
:104DB00024F003040D682C4322F002028D682A437C
:104DC0000D4DA84206D100BF22F00802CD682A434B
:104DD00022F00402084DA84207D123F4807323F483
:104DE00000734D692B438D692B43436084614D688B
:104DF0004563026230BD0000002C014030B5026AFC
:104E0000056A25F0100505624368846924F4E044CE
:104E100024F440740D6844EA052422F020028D68D1
:104E200042EA05120E4DA84207D100BF22F08002CF
:104E3000CD6842EA051222F04002094DA84209D18C
:104E400023F4806323F400634D6943EA85038D698D
:104E500043EA8503436084614D688563026230BD27
:104E6000002C014030B5026A056A25F480750562A0
:104E70004368C46924F0700424F003040D682C43D3
:104E800022F400728D6842EA05220F4DA84207D134
:104E900000BF22F40062CD6842EA052222F480625B
:104EA000094DA84209D123F4805323F400534D69DE
:104EB00043EA05138D6943EA05134360C4614D68F5
:104EC000C563026230BD0000002C014030B5036AAA
:104ED000056A25F4805505624468C26922F4E042FF
:104EE00022F440720D6842EA052223F400538D68D3
:104EF00043EA0533064DA84204D124F480444D69A9
:104F000044EA85144460C2614D680564036230BDA3
:104F1000002C014030B50B461446026A056A25F0A4
:104F200001050562816921F0F00141EA041122F0D6
:104F30000A021A438161026230BD30B50B46144645
:104F4000026A056A25F010050562816921F4704145
:104F500041EA043122F0A00242EA031281610262B6
:104F600030BD70B505466C6A0020E085E0842046BF
:104F7000FEF7D4FB70BD70B506460025746A206844
:104F80004069C0F3C01594F84100212805D125B12E
:104F90000020E084204600F0FBF820684069C0F360
:104FA000801594F84200222805D125B10020E08523
:104FB000204600F0A7F8606C40F0100060642046C6
:104FC000FEF7ACFB70BD70B505466C6A28680068DA
:104FD00000F02000002842D1E08500BF00BF21681A
:104FE0000C3151E8001F21F4807021680C3141E838
:104FF0000002002AF3D100BF00BF00BF21681431B6
:1050000051E8001F21F001002168143141E800023D
:10501000002AF3D100BF00BF00BF2168143151E85E
:10502000001F21F040002168143141E80002002AED
:10503000F3D100BF202084F84200206B01280ED15C
:1050400000BF00BF21680C3151E8001F21F01000A3
:1050500021680C3141E80002002AF3D100BF002092
:105060006063206B012804D1A18D2046FEF755FB1B
:1050700002E02046FEF7AEFE70BD70B505466C6AD4
:1050800001206063206B012805D1A08D41082046D6
:10509000FEF743FB02E02046FEF7B3FE70BD70B59D
:1050A00005466C6A2868006800F02000F8B9002006
:1050B000E08400BF00BF2168143151E8001F21F0D7
:1050C00080002168143141E80002002AF3D100BFBA
:1050D00000BF00BF21680C3151E8001F41F04000C3
:1050E00021680C3141E80002002AF3D102E0204699
:1050F000FEF74AFF70BD70B50446656A2846FEF7A4
:1051000044FF70BD00BF00BF02680C3252E8002FA0
:1051100022F4907102680C3242E80013002BF3D1A4
:1051200000BF00BF00BF0268143252E8002F22F017
:1051300001010268143242E80013002BF3D100BFD2
:10514000016B01290ED100BF00BF02680C3252E88A
:10515000002F22F0100102680C3242E80013002BED
:10516000F3D100BF202180F8421000210163704775
:1051700010B504462068C06820F040002168C8606F
:10518000202084F841002046FEF7FEFE002010BDDE
:1051900000BF00BF02680C3252E8002F22F0C001AD
:1051A00002680C3242E80013002BF3D100BF20212B
:1051B00080F841107047F8B5044694F84200222860
:1051C00075D1A068B0F5805F0CD1206950B9002579
:1051D000A66A20684068C0F308003080A06A801C7E
:1051E000A06215E0A56A0026A068B0F5805F03D034
:1051F000A06828B9206918B920684068287004E0C0
:105200002068406800F07F002870A06A401CA062FF
:10521000E08D401E80B2E085002846D12068C0683D
:1052200020F020002168C8602068C06820F48070E9
:105230002168C8602068406920F001002168486149
:10524000202084F8420000206063206B012826D1D2
:105250000020206300BF00BF21680C3151E8001F0F
:1052600021F0100021680C3141E80002002AF3D13E
:1052700000BF2068006800F0100010280AD100BFAD
:10528000002000902068006800902068406800902E
:1052900000BF00BFA18D2046FEF73FFA02E0204686
:1052A000FEF798FD0020F8BD01E00020FBE702209A
:1052B000F9E7000070B504462168096921F44051FE
:1052C000E2681143226811612269A1681143626991
:1052D00041EA02052168C96841F20C629143294301
:1052E0002268D1602168496921F44071A2691143A3
:1052F000226851612D4A2168914202D1FDF792FB4B
:1053000001E0FDF77FFB00EBC00101EB00116268DB
:105310009200B1FBF2F100EBC00202EB00126368F5
:105320009B00B2FBF3F26423B2FBF3F202EBC20385
:1053300003EB0212A1EB8201322202EB0111642283
:10534000B1FBF2F101F0F00100EBC00202EB001240
:1053500063689B00B2FBF3F26423B2FBF3F201EB50
:10536000021200EBC00101EB001163689B00B1FB6E
:10537000F3F100EBC00303EB00136668B600B3FB68
:10538000F6F36426B3FBF6F303EBC30606EB031355
:10539000A1EB8301322303EB01116423B1FBF3F191
:1053A00001F00F0111442268916070BD0038014086
:1053B00077B581B0044615460298A062A585002005
:1053C0006064222084F842002848E16B8862284803
:1053D000E16BC8622748E16B08630020E16B48631A
:1053E00002AE32682368191D2B46E06BFCF740FDC6
:1053F00000BF00200090206800680090206840688E
:10540000009000BF00BF206970B100BF00BF2168DD
:105410000C3151E8001F41F4807021680C3141E8E3
:105420000002002AF3D100BF00BF00BF2168143181
:1054300051E8001F41F001002168143141E80002E9
:10544000002AF3D100BF00BF00BF2168143151E82A
:10545000001F41F040002168143141E80002002A99
:10546000F3D100BF002004B070BD0000C74F00089A
:105470007B500008774F000810B5034699629A8563
:10548000DA8500205864222083F84200186928B188
:105490001868C06840F480701C68E0601868406953
:1054A00040F001001C6860611868C06840F020008E
:1054B0001C68E060002010BD014691F841002128E1
:1054C00028D18868B0F5805F0BD1086948B90A6AAD
:1054D0001088C0F308000B685860086A801C0862D6
:1054E00005E00B6A581C086218780B685860C88C75
:1054F000401E80B2C88458B90868C06820F0800097
:105500000B68D8600868C06840F040000B68D8603D
:10551000002070470220FCE72DE9F84304460D46C1
:1055200017469846089E31E0701C70B3FCF75EFF8A
:10553000A0EB0800B04200D816B90320BDE8F883FC
:105540002068C06800F00400F8B1802D1ED0402D06
:105550001CD020680068C0F3C000B0B100BF0020BC
:10556000009020680068009020684068009000BFAC
:1055700000BF2046FFF7C6FD0820606400BF002082
:1055800084F8400000BF0120D8E7FFE720680068EA
:105590002840A84201D1012000E00020B842C3D039
:1055A0000020CBE710B50248FEF7FCF810BD000064
:1055B0004402002010B50248FEF7F4F810BD0000C8
:1055C0008C02002010B50248FEF7ECF810BD000078
:1055D000D402002000BFFEE70146080601F47F4226
:1055E00040EA022001F47F0240EA122040EA116002
:1055F00070470246501A704710B50246012000E07D
:1056000050430B1EA1F10104E1B2F9D110BD70B5F8
:1056100004460D46012D06D1234640227821002064
:10562000FFF7E4F805E02346002278211046FFF753
:10563000DDF870BD2DE9F041044604EBC4002A49B1
:1056400001EB800595F8220090B92849085D40F2E9
:10565000DC51FFF7A3F9002004EB4401244A02F8CF
:10566000210004EB440102EB81010872BDE8F081E6
:1056700095F8200005EBC00615F8200F401C00F03F
:1056800003002870A878401EA870203D307810B91B
:105690004FF47A7001E04FF4FA6007461349085D51
:1056A0003946FFF77BF9012004EB4401104A02F868
:1056B0002100307804EB440102EB8101487004EBD7
:1056C000440102EB81017068486095F8220004EB08
:1056D000440102EB81010872FEF7D8FF054941F849
:1056E000240000BFC2E70000FC3D0020AD8B000895
:1056F000443E0020BC0000200146002902DA484256
:1057000080B2704788B2FCE710B500240FE004EBCC
:1057100044010A4A8818002100F014F804EB4401FF
:10572000064A505C0021FFF7DDF8601CC4B2022C71
:10573000EDD301200249087010BD0000AF8B0008B6
:10574000D400002070B504460D46002D08DD6078B9
:105750000121FEF775FFA0780021FEF771FF12E02E
:10576000002D08DA60780021FEF76AFFA078012199
:10577000FEF766FF07E060780021FEF761FFA07882
:105780000021FEF75DFF70BD484000220BE000F0F5
:10579000800323B1072383EA4003D8B201E0430624
:1057A000180E531CDAB2082AF1D37047014631298A
:1057B00002D0322904D101E0002070470120FCE72B
:1057C0000220FAE7002006490870064908700649D9
:1057D0000870064908700649087006490870704745
:1057E000B4000020B5000020B6000020B700002063
:1057F000B8000020B900002070B517480078FF28D5
:1058000001D0012000E0002004461348007813492D
:1058100008701148407848700F48807888701048A8
:105820000078C87008460471012048710D4800686E
:10583000401C0C49086074B10B480068401C0A49C0
:10584000086005490878FFF7B1FF084901EB8005BA
:105850002868401C286070BDF03D0020A400002096
:10586000B7000020AC000020B0000020E43D002084
:1058700070B505460C46012D00D070BD4F4800782C
:10588000072872D2DFE800F004102B4D64797F0006
:10589000552C08D121460020FFF776FF48490870B3
:1058A00001204649087086E0AA2C0AD121464448C6
:1058B0000078FFF769FF4249087002203F490870ED
:1058C0000CE0FFF77FFF552C08D121460020FFF7A1
:1058D0005BFF3B4908700120384908706BE0012CE0
:1058E00011D10A213748FAF74DFD002036490870DA
:1058F000214633480078FFF747FF314908700320FD
:105900002E4908700CE0FFF75DFF552C08D12146A9
:105910000020FFF739FF2A49087001202749087045
:1059200049E0294801780078401C274A1070254832
:105930004454214622480078FFF726FF204908708A
:10594000214800780A2802D304201C49087032E05C
:105950001E4804701CB901201D49087009E0184850
:105960000078844202D1012001E021E000201849A2
:1059700008700520114908701DE0164804700620C3
:105980000E49087017E0FF2C04D11148007808B1C7
:10599000FFF732FFFFF716FF552C08D121460020F4
:1059A000FFF7F2FE0649087001200449087002E082
:1059B000FFF708FF00BF00BF00BF5EE7B400002094
:1059C000B8000020F03D0020B5000020B600002007
:1059D000B9000020B70000200146086870472DE993
:1059E000F04780460D461646002416E0601CB04283
:1059F00004D2295D285C41EA002901E015F80490F1
:105A000008EB04014A4600230120FCF7E1FA0746AF
:105A100017B13846BDE8F087A41CB442E6D3002095
:105A2000F8E738B505460C46E0B28DF80000200ACC
:105A30008DF80100200C8DF80200200E8DF8030077
:105A4000042269462846FFF7CAFF38BD02480068AD
:105A5000C0F30220704700000CED00E010B50028F4
:105A600004DB0A07130E054A135406E00A07140E56
:105A7000034A00F00F031B1FD45410BD00E400E0E4
:105A800018ED00E001460F2901D3002070470448BB
:105A900050F8310008B90020F8E70120F6E70000CF
:105AA000BC8B000808B50320009000BF9DF80000E3
:105AB000411EC9B200910028F8D108BD10B50446B6
:105AC00020780121FEF7BCFD60780121FEF7B8FDCA
:105AD00010BD000010B50446204600F015F808B9C6
:105AE000002010BD074810F81400FF2805D0054815
:105AF00000EB44004078FF2801D10020F1E70120AD
:105B0000EFE70000348C00080146032901D3002090
:105B100070470120FCE770B504460D4600261BE0E7
:105B200005F0800020B120780121FEF789FD03E017
:105B300020780021FEF784FDFFF7B4FF6078012193
:105B4000FEF77EFDFFF7AEFF60780021FEF778FDDF
:105B50006806050E701CC6B2082EE1D370BD10B5E4
:105B6000044620780121FEF76BFD60780121FEF7E5
:105B700067FDFFF797FF20780021FEF761FDFFF733
:105B800091FF60780021FEF75BFDFFF78BFF10BDF2
:105B900010B5044620780021FEF752FD60780121FF
:105BA000FEF74EFDFFF77EFF20780121FEF748FD4E
:105BB000FFF778FF10BD10B5044620780121FEF7ED
:105BC0003FFDFFF76FFF60780121FEF739FDFFF71A
:105BD00069FF60780021FEF733FDFFF763FF10BD1A
:105BE000484000220CE000F0800323B1072383EA41
:105BF0004003DBB201E043061B0E1846531CDAB229
:105C0000082AF0D37047000010B5017BC1EBC10337
:105C100003EB0111094BCA1890F8E61051700021EE
:105C200006E000F1E7035C5C931C5C544B1CD9B2AA
:105C30000A29F6D30121917510BD00005C410020B6
:105C4000024600210BE0084800EB0120006890426A
:105C500003D1054800EB01207047481CC1B203295D
:105C6000F1D30020F8E700005C3E002001460A4A1C
:105C70000868904201D131207047084A0868904274
:105C800001D13220F8E7064A0868904201D133205A
:105C9000F2E75820F0E700000038014000440040DF
:105CA0000048004001460848814201D10020704769
:105CB0000648814201D10020F9E70548814201D11F
:105CC0000020F4E70020F2E70038014000440040E3
:105CD0000048004001460848814201D10020704739
:105CE0000648814201D10020F9E70548814201D1EF
:105CF0000020F4E70020F2E70038014000440040B3
:105D00000048004070B504460D46FCF76FFBC4F830
:105D1000F40094F8E50007286CD2DFE800F00410E6
:105D2000303D54585C00552D08D129460020FFF71E
:105D300057FF84F8F200012084F8E5005EE0AA2D08
:105D400009D1E534607B2946FFF74AFF60730220E2
:105D500004F8E50912E0D4F8FC00401CC4F8FC008B
:105D6000204600F04DF8552D08D129460020FFF7B8
:105D700037FF84F8F200012084F8E5003EE0E534C6
:105D80006570607B2946FFF72BFF6073002020734E
:105D9000032004F8E50931E014F8F11F2078401CD5
:105DA00004F8F10904F1E7004554F134607829461C
:105DB000FFF716FF607014F8F1090A2802D30420D7
:105DC00084F8E5001AE0052084F8E50016E00620D6
:105DD00084F8E50012E0FF2D03D12046FFF714FF01
:105DE00004E0D4F8FC00401CC4F8FC00204600F09D
:105DF00007F803E0204600F003F800BF00BF70BDC5
:105E0000002100F8E51F01734173E5387047024631
:105E1000B2F8D000B2F8D230984202D14FF0FF3041
:105E20007047B2F8D23002F19000C05C087092F86E
:105E3000D200401C00F03F00A2F8D2000020EFE7A3
:105E400010B590F8D0305B1C03F03F02B0F8D230B0
:105E5000934206D0B0F8D04000F190031955A0F855
:105E6000D02010BD10B588B004461C2208A101A89E
:105E7000FAF74EFA2068FFF7F9FE8DF809004FF4A3
:105E80007A73192201A92068FDF7BCFF08B010BD84
:105E900055534152547820494E4954205355434359
:105EA00045535346554C4C590A00000070B5044602
:105EB0000D461646206800F014F800B970BD216840
:105EC0000868FFF707FF28B1324629462068FDF72A
:105ED000F9FF04E0324629462068FEF739F800BF92
:105EE000ECE770B50446FCF781FA054606E0FCF7DE
:105EF0007DFA401B322801D9002070BD94F8410082
:105F00002028F4D10120F8E70246FF2A01D10AA097
:105F1000704700210BE00A4810F83100904204D18C
:105F2000074800EBC1004068F2E7481CC1B20329F2
:105F3000F1D304A0ECE700004E4F4E4520000000D6
:105F4000A08C0008554E4B4E20000000EFF305805A
:105F50007047FCF75DFAFEF76EFEFEF7BFF8FEF73E
:105F600061F8FEF7B3F9FEF779FAFEF793FAFEF758
:105F7000ADFAFEF717FAFEF70BF8FEF737F8FEF763
:105F80004BF900F0F7F8FEF77FF800F009F900BFD1
:105F9000FEE7000010B50D48B0F9000040F2B63140
:105FA000884206DA094800880A3000B207490880AA
:105FB00003E040F2B63005490880044800884042BA
:105FC00001B20020FAF7D4FE10BD00000C01002041
:105FD00010B5FAF7B1FD42A200210520FAF737FE0D
:105FE000414800686421B0FBF1F4042322460021FB
:105FF0002320FAF705FE012205213C20FAF706FDD1
:10600000394800680A21B0FBF1F0B0FBF1F201FB66
:1060100012040123224600213F20FAF7F1FD33A2AA
:1060200000214820FAF713FE2F48007928B130A24A
:106030000B210520FAF70BFE04E031A20B2105200D
:10604000FAF705FE3248806828B132A216210520F1
:10605000FAF7FDFD04E033A216210520FAF7F7FD5B
:1060600034A221210520FAF7F2FD29488278032382
:1060700021212320FAF7C4FD30A22C210520FAF7B4
:10608000E6FD30480078FFF73FFF044622462C210A
:106090002320FAF7DCFD2CA237210520FAF7D7FDE3
:1060A0001B480423372142691120FAF7A9FD27A2D2
:1060B00037212920FAF7CBFD1548042337218269BF
:1060C0003B20FAF79DFD22A237215320FAF7BFFDAE
:1060D0000F4804233721C2696520FAF791FD10BDEE
:1060E00074696D653A00000094420020730000005E
:1060F0005359533A20454E41424C45200000000080
:106100005359533A2044495341424C450000000042
:10611000C43D002043414D3A20434F4E4E45435429
:106120004544200043414D3A204E4F20434F4E4EB0
:10613000202020004650533A200000004F424A31B0
:106140003A0000000E010020413A000020423A00CF
:1061500020433A0070B50546FFF7F8FE10B16FF026
:10616000050404E0002415B1284601F0D5F92046C5
:1061700070BD000010B5FFF7E9FE10B16FF0050427
:1061800009E00648006820B901200449086000249D
:1061900001E04FF0FF34204610BD00006C000020ED
:1061A00070B5FFF7D3FE10B16FF005041FE0114882
:1061B0000068012819D100BF801F0021002804DBDE
:1061C0000A07130E0C4A135406E00A07150E0B4A71
:1061D00000F00F031B1FD55400BF00BF022005496C
:1061E000086001F015FA002401E04FF0FF3420466A
:1061F00070BD00006C00002000E400E018ED00E03D
:106200002DE9FF4780468946144600200390FFF79A
:106210009DFE00284ED1B8F1000F4BD080261825E6
:106220008246471E44B3206808B1D4F800A0A06994
:1062300000B1A5692DB1382D03D8207900F00100F7
:1062400018B1002004B0BDE8F087606908B160694A
:106250008608A06840B1E0685C2805D3206918B1C1
:10626000606908B1012708E0A06830B9E06820B98A
:10627000206910B9002700E00027012F0CD1216907
:10628000A0684B463246CDE9005102905146404647
:1062900001F03AFE03900DE067B903A8B2B24B4695
:1062A0005146CDE90050404601F0FCFD012801D0E7
:1062B000002003900398C5E74948C07800B97047AB
:1062C00000204749C870084600784649097901EB23
:1062D0004101454A02F8210000204249097901EBB9
:1062E000410102EB810148723D480078FF2803D04C
:1062F0003B4800783D49087039480078312802D081
:1063000032282CD115E0374800683949096808441B
:106310003449097901EB4101334A02EB81014860BC
:1063200000203049097901EB410102EB810108723B
:1063300027E02C4800682F49096808442949097951
:1063400001EB4101284A02EB810148600120254907
:10635000097901EB410102EB8101087211E0002093
:106360002049097901EB41011F4A02EB8101486094
:10637000FF201C49097901EB410102EB8101087200
:1063800000BF00BF1748007900EB4000164911F824
:106390002000194908701248007B88721148007962
:1063A00000EB4000104901EB800040681249486052
:1063B0000C48007900EB40000B4901EB8000007AAB
:1063C0000D49087207480079401C064908710846C3
:1063D0000079142801D30020087100BF6FE7000086
:1063E000C43D002004010020A04200200E01002036
:1063F000FC00002000010020904300202DE9F04126
:1064000005460E461648076816480068001D00F04D
:10641000FBFE681C38B936B112480168091D1248E4
:1064200000F048FF1AE07C190E4800684460BC4246
:1064300007D20C480168091D0C48006800F020FFD5
:106440000CE008480168091D0948006800F018FFC1
:1064500008480068844201D206480460BDE8F08123
:10646000300000201C0000208809002024000020AB
:10647000200000204C00002010B5044600F026FF4C
:1064800024480068401C234908602348006840B93C
:10649000214804600846006801280DD100F0FCF98D
:1064A0000AE01E48006838B91B480068C06AE16A03
:1064B000884201D81848046019480068401C1849EF
:1064C00008600846006860641649E06A0968884206
:1064D00002D91449E06A0860E16A01EB8101124ABD
:1064E00002EB8100211D00F0E5FE00F019FF0B48D2
:1064F000006868B108480068C06AE16A884207D24B
:106500004FF0805009490860BFF34F8FBFF36F8F82
:1065100010BD00002C0000201C00002038000020CE
:106520004800002034000020D804002004ED00E0E2
:1065300008B500F0CBFE12480068E8B9114800F039
:106540008FFE114800F08CFE0E48104908600E487E
:106550000F49086000200F4B0F4A102100900A20BD
:1065600001F098F9064908600846006820B10BA1BF
:106570000348006800F094FF00F0D2FE08BD000060
:10658000600000209C090020B00900205800002075
:106590005C000020C4090020140A0020546D7251D0
:1065A0000000000010B516E000F090FE0C48C06836
:1065B000C468201D00F028FE0A480068401E0949F2
:1065C000086009480068401E0749086000F0A8FEFE
:1065D000204600F05FF8044800680028E4D110BDB0
:1065E000740900202C0000202800002070B504460B
:1065F0000D46206C70B1216CE0680144E160D4E983
:106600000210884201D32168E1602846226CE168CB
:10661000F9F739FE70BD2DE9F04104460F461546E5
:106620004FF00008A66B206C48B9206800282CD1D8
:10663000A06801F07FFD80460020A06025E07DB9C4
:106640003946226C6068F9F71EFE216C60680844C8
:106650006060D4E90101884217D32068606014E0CB
:106660003946226CE068F9F70EFE216CE068411AA9
:10667000E1602168E068884203D2216CA068411A79
:10668000E160022D01D106B1761E701CA063404668
:10669000BDE8F08110B5044694F8590030B9206B7C
:1066A00000F05CFE204600F059FE1AE094F8590014
:1066B000012803D1204600F051FE12E094F8590061
:1066C000022801D1012000E0002050B900BF502075
:1066D00080F31188BFF34F8FBFF36F8F00BF00BFF0
:1066E000FEE710BD0146084A126812680AB9012285
:1066F00000E000220A600A6822B9034A1268D268E0
:10670000106800E0002070475800002030B54FF4BA
:106710002053174800F007042CB1C01D20F00700DB
:10672000134C041B1B1B0246124C22600024114D0B
:106730006C60D018083820F007000F4C206000244F
:106740000D4D2D686C600C4D2D682C601146441A5F
:106750004C60094C24680C60084D4C682C60084D56
:106760004C682C604FF00044064D2C6030BD00009A
:106770006C110020700000207800002080000020B4
:106780007C0000208C00002000BFFFF70BFF0648B4
:1067900000680128F9D94FF0805004490860BFF320
:1067A0004F8FBFF36F8FF0E7D804002004ED00E0B7
:1067B0002DE9F04106460D4617469846069C0DB950
:1067C000246000E02760E66325640121204601F093
:1067D000D1F884F84C80BDE8F0812DE9F05F824665
:1067E0000E4690469B460A9F0C9C4FEA8801A522C4
:1067F000206BF9F7BFFDA8F10100216B01EB8009C7
:1068000029F0070909F0070008B9012000E000207D
:1068100050B900BF502080F31188BFF34F8FBFF3F2
:106820006F8F00BF00BFFEE786B1002507E0715DF6
:1068300004F134004155705D00B902E06D1C102D6B
:10684000F5D300BF00214320015502E0002084F869
:106850003400382F00D33727E762E7640020206533
:10686000201D00F00AFD04F1180000F006FD24616F
:10687000C7F13800A06164620020606584F85800A8
:106880005A465146484600F071FB20600B9808B10B
:106890000B980460BDE8F09F10B5002407E004EBFE
:1068A00084010F4A02EB810000F0DAFC641C382CF2
:1068B000F5D30C4800F0D4FC0B4800F0D1FC0B4899
:1068C00000F0CEFC0A4800F0CBFC0A4800F0C8FCFF
:1068D00004480949086004480849086010BD0000E0
:1068E000D8040020380900204C090020600900204D
:1068F00074090020880900202000002024000020C6
:1069000010B50146164800E0006803688B42FBD3CF
:106910000246436813448B4204D143684C682344C5
:10692000436001460A464B6813440468A34211D1F0
:106930000C4C03682468A34208D04B680468646860
:1069400023444B6003681B680B6005E0054B1B6824
:106950000B6001E003680B60884200D0016010BD4D
:1069600070000020780000202DE9F04104460D461B
:1069700016461F464FF0000865602461B5420CD8EA
:10698000F01BA169884202D34FF0010811E0211DDC
:106990000948006800F074FC0BE0BE4204D2BD421E
:1069A00002D34FF0010804E0211D0448006800F004
:1069B00067FC4046BDE8F0815C00002058000020E4
:1069C00070B5054600F082FCA86B08B9012400E010
:1069D000002400F0A5FC204670BD70B5054600F00F
:1069E00075FCA86BE96B884201D1012400E000240A
:1069F00000F096FC204670BDF8B505460F461A48D3
:106A00000068C068C468201D00F0FEFB94F82800F0
:106A100000F00400E8B1A06941192B463A4620462F
:106A2000FFF7A2FFD8B1002003462A460146009096
:106A3000204601F0DBFC064656B900BF502080F32B
:106A40001188BFF34F8FBFF36F8F00BF00BFFEE70A
:106A500005E094F8280020F0010084F82800204682
:106A6000216A8847F8BD000058000020F0B587B0C3
:106A7000A0E00398002811DA04AE56B900BF5020F8
:106A800080F31188BFF34F8FBFF36F8F00BF00BF3C
:106A9000FEE7D6E90020B168904700BF03980028C0
:106AA000E6DB059C606908B9012000E0002010B910
:106AB000201D00F0A9FB02A800F0DEF805460398AF
:106AC0000A2875D2DFE800F0090507394163060896
:106AD0003A4200BF00BF00BF00BF94F8280040F05A
:106AE000010084F828000498A269811803462A4608
:106AF0002046FFF739FFF8B12046216A884794F80D
:106B0000280000F00400B8B1002000900498A169AA
:106B1000421800231946204601F068FC074657B981
:106B200000BF502080F31188BFF34F8FBFF36F8FEA
:106B300000BF00BFFEE700BF3BE000BF94F82800A5
:106B400020F0010084F8280033E000BF94F828000A
:106B500040F0010084F828000498A061A06908B101
:106B6000012000E0002050B900BF502080F31188C0
:106B7000BFF34F8FBFF36F8F00BF00BFFEE7A06969
:106B800041192B462A462046FFF7EEFE11E094F805
:106B9000280000F0020018B9204600F0DFFB05E0F5
:106BA00094F8280020F0010084F8280001E0FFE7B5
:106BB00000BF00BF002203A90448006801F078F874
:106BC00000287FF456AF07B0F0BD00006000002041
:106BD000F8B505460C4600F077FD684600F04CF825
:106BE0000646009820BB44B9B54206D801F040FBE8
:106BF00031462846FFF700FF1CE03CB10E48006814
:106C0000006808B9012000E000200446A91B2246C4
:106C10000A48006800F05AFC01F02AFB50B94FF016
:106C2000805007490860BFF34F8FBFF36F8F01E0BB
:106C300001F01EFBF8BD00005C0000206000002099
:106C400004ED00E00A490968096809B9012100E07A
:106C5000002121B14FF0FF31064A116006E00449DE
:106C60000968C968C868034A416811607047000034
:106C7000200000204C00002070B5044601F0B2F95D
:106C8000054607480068854204D200F00BF8012051
:106C9000206001E00020206001480560284670BDAA
:106CA000680000202DE9F84334E025480068C068FA
:106CB000056823480068C068C468201D00F0A4FA75
:106CC0002046216A884794F8280000F0040008B3A1
:106CD000A0694619AE4207D966602461211D184893
:106CE000006800F0CDFA15E0002003462A46014670
:106CF0000090204601F07AFB074657B900BF5020AC
:106D000080F31188BFF34F8FBFF36F8F00BF00BFB9
:106D1000FEE700BF0A480068006808B9012000E0EB
:106D200000200028C1D00648D0F80080054800683F
:106D3000034908600348C0F80080BDE8F8830000FC
:106D4000580000205C0000200E480068401C08B974
:106D5000012000E0002050B900BF502080F31188CE
:106D6000BFF34F8FBFF36F8F00BF00BFFEE700BFC1
:106D7000502080F31188BFF34F8FBFF36F8F00BF98
:106D800000BFFEE79000002008B500BF6846FFF78F
:106D9000A9FC044620460099FFF71AFFFFF766FE9C
:106DA000F4E770B5044600F091FA94F9455010E00C
:106DB000606A08B9012000E0002038B904F124001D
:106DC00001F00AFA18B100F0E1FB00E003E0681EF0
:106DD00045B2002DECDC00BFFF2084F8450000F038
:106DE0009FFA00F073FA94F9445010E0206908B952
:106DF000012000E0002048B904F1100001F0ECF996
:106E000008B100F0C3FB681E45B200E001E0002DB0
:106E1000ECDC00BFFF2084F8440000F081FA70BD74
:106E20002DE9F04104464FF0000800F04DFC4948C0
:106E3000006808B9FFF76AFC47480068204000284E
:106E400070D1D4B1083404F00700B0B104F00700E9
:106E5000C0F10800044404F0070008B9012000E074
:106E6000002050B900BF502080F31188BFF34F8F2E
:106E7000BFF36F8F00BF00BFFEE7002C52D0374832
:106E8000006884424ED8364E3046056801E02E46F2
:106E90002D686868A04202D228680028F7D12D48E2
:106EA000006885423ED0306800F1080828683060EC
:106EB0006868001B102819D92F1907F0070008B9B6
:106EC000012000E0002050B900BF502080F311885D
:106ED000BFF34F8FBFF36F8F00BF00BFFEE768683F
:106EE000001B78606C603846FFF70AFD1B49686834
:106EF0000968081A194908600846006819490968AC
:106F0000884203D21548006816490860124968682B
:106F10000968084368600020286013480068401C26
:106F20001149086001F0A4F908F0070008B9012030
:106F300000E0002050B900BF502080F31188BFF35B
:106F40004F8FBFF36F8F00BF00BFFEE74046BDE825
:106F5000F0810000780000208C0000207C000020E0
:106F6000700000208000002084000020001F4FF0EF
:106F700080730360001F21F001030360001F034BB7
:106F8000036014380260203870470000496D000823
:106F900010B5002422E01348005D01281CD164B91B
:106FA00040F2DC5201210020F9F768FE40F2DC5289
:106FB00000210846F9F762FE0BE040F2DC520121A5
:106FC0000846F9F75BFE40F2DC5200210120F9F798
:106FD00055FE002103480155601CC4B2022CDAD3CF
:106FE00010BD000009010020002036E000EB400148
:106FF0001C4A02EB8101497A69BB00EB400102EBBC
:107000008101097AFF2926D01749096800EB40025F
:10701000144B03EB82025268891A1CD400EB400126
:107020001A4602EB8101097A19B901210E4A517100
:107030000AE000EB40010B4A02EB8101097A0129C9
:1070400002D1012208498A71012100EB4002054B5F
:1070500003EB82025172411CC8B203490979814293
:10706000C4DC7047A04200200401002010B5FDF7E9
:1070700019FBFDF707FBFDF71DFCFDF7A1FBFDF775
:10708000CDFCFDF757FAFDF74DFBF9F747FBF9F794
:10709000BDFF10BDFFF7EAFF00BF27480068401C96
:1070A00025490860FDF762FDF9F758FBF9F7EAFAA0
:1070B0002148C07928B9C8202049888401201E4968
:1070C000C8711D4800680A21B0FBF1F201FB1200F3
:1070D00008B9FAF7AFF8184800683221B0FBF1F2AE
:1070E00001FB120008B9FDF741FA134800684FF49C
:1070F0007A71B0FBF1F201FB120008B9FDF734FB25
:107100000E48007900F0010018B101200A49087109
:1071100002E0002008490871094890F8440018B1BD
:1071200001200549487102E00020034948710A2006
:10713000FFF710F8B1E70000944200209C390020CE
:107140000C42002010B5F9F743FE6420FFF702F867
:10715000F9F77CFC002211461046F9F78FFD00225A
:1071600011460120F9F78AFD282201210020F9F7B4
:1071700085FD282201210846F9F780FD10BD000099
:10718000FFF7E0FF00BF1A480068401C184908607C
:1071900018480068401C17490860F9F7C5FD1648F3
:1071A000007930B1FFF720FFFEF7F4FEFFF7F0FEA5
:1071B00003E000210846F9F7DBFD0D4800680521D2
:1071C000B0FBF1F201FB120018B9F9F72DFEFFF741
:1071D00073F8074800683221B0FBF1F201FB12009E
:1071E00008B9FEF7F5FE0220FEF7B4FFCBE700007A
:1071F00010010020040100209442002010B500BFBF
:107200000220FEF7A7FFFBE701460A69D1E901303A
:107210009860D1E9010358605068884201D18868BC
:107220005060002008611068401E106010687047B0
:10723000034B0360034B0B60802313607047000017
:10724000B40A0020100B0020034B0360034B0B60BB
:107250004FF4807313607047100D00206C0D0020F8
:1072600000F1080141604FF0FF31816000F1080139
:10727000C160016100210160704700210161704718
:1072800010B502460B685C1C0CB9106907E002F1EE
:10729000080000E04068446824689C42FAD94468C9
:1072A0004C604C68A160886041600A611468641C8D
:1072B000146010BD42684A6093688B60936859609F
:1072C0009160086103685B1C0360704700BF502039
:1072D00080F31188BFF34F8FBFF36F8F00BF0E484D
:1072E0000068401C0C49086008460068012812D15B
:1072F0000A480068C0B208B9012000E0002050B977
:1073000000BF502080F31188BFF34F8FBFF36F8F02
:1073100000BF00BFFEE770479000002004ED00E0D2
:107320000D48006850B900BF502080F31188BFF3AA
:107330004F8FBFF36F8F00BF00BFFEE706480068A6
:10734000401E054908600846006820B9002080F307
:10735000118800BF00BF70479000002070B506463E
:107360003546002E44D0083D2C4622496068096805
:10737000084008B1012000E0002050B900BF5020B3
:1073800080F31188BFF34F8FBFF36F8F00BF00BF33
:10739000FEE7206808B9012000E0002050B900BFD6
:1073A000502080F31188BFF34F8FBFF36F8F00BF62
:1073B00000BFFEE70F49606809680840C0B1206857
:1073C000B0B90C49606809688843606000F07CF9D6
:1073D0000949606809680844074908602046FFF7C2
:1073E0008FFA06480068401C0449086000F040FF1E
:1073F00070BD00008C0000207C0000208800002070
:1074000000204FF0E02108618861064800684FF4D1
:107410007A71B0FBF1F0401E4FF0E0214861072087
:10742000086170471800002070B5F8F7F5FE0446B3
:10743000102C16D304F1E02090F8F0531548007892
:10744000854201DB012000E0002050B900BF502040
:1074500080F31188BFF34F8FBFF36F8F00BF00BF62
:10746000FEE70D48006800F4E0600C4909688842B6
:1074700001D8012000E0002050B900BF502080F367
:107480001188BFF34F8FBFF36F8F00BF00BFFEE7C0
:1074900070BD0000940000200CED00E0980000207A
:1074A000024600200BE0084B53F8303033B9064B4E
:1074B00043F8301003EBC0035A6002E0401C082878
:1074C000F1D300BF70470000980400202DE9F0417F
:1074D00005460E4617462C46FFF7F8FE94F9440081
:1074E000401C10B9002084F8440094F94500401C69
:1074F00010B9002084F84500FFF712FFA06B28B9EF
:107500003A46314604F1240000F062F82046FFF7C5
:1075100048FCBDE8F081000070B504460025D4B1F8
:107520001248006808B9012000E0002050B900BFEF
:10753000502080F31188BFF34F8FBFF36F8F00BFD0
:1075400000BFFEE700F0C0F800212046FEF756FF1E
:1075500000F08EFE05463DB94FF0805004490860AA
:10756000BFF34F8FBFF36F8F70BD0000540000203A
:1075700004ED00E0034909680160034909684160BE
:107580007047000044000020300000200120014925
:10759000086070474000002070B504460D4654B99D
:1075A00000BF502080F31188BFF34F8FBFF36F8F60
:1075B00000BF00BFFEE70548016818312046FFF70D
:1075C0005FFE01212846FEF719FF70BD1C00002058
:1075D00070B505460E46144655B900BF502080F3DD
:1075E0001188BFF34F8FBFF36F8F00BF00BFFEE75F
:1075F0000648016818312846FFF75CFE0CB14FF0D1
:10760000FF3621463046FEF7F9FE70BD1C00002013
:1076100010B586B000200590049003AA04A905A81F
:10762000FFF706FE0022DDE904101346CDE9002134
:1076300002901EA11F48039A00F066FC1E490860D4
:107640000846006808B1012400E00024012C02D1A2
:1076500000F090FE0446012C15D100BF502080F3AD
:107660001188BFF34F8FBFF36F8F00BF4FF0FF3014
:107670001249086001201249086000201149086081
:1076800000F072F810E0601C08B1012000E000205A
:1076900050B900BF502080F31188BFF34F8FBFF364
:1076A0006F8F00BF00BFFEE706B010BD49444C45D8
:1076B0000000000089670008500000204C000020F6
:1076C000380000203000002002480068401C0149BA
:1076D00008607047540000201E48006818B101205F
:1076E0001D49086034E000201B4908601B48016800
:1076F0000CE051B900BF502080F31188BFF34F8FC9
:10770000BFF36F8F00BF00BFFEE7491E01EB810092
:10771000134A52F8200008B9012000E00020002898
:10772000E7D101EB81020E4B03EB82004268526805
:10773000426000F108024368934202D142685268F5
:1077400042604268D268074B1A600448016000BF7B
:10775000704700005400002040000020340000204A
:10776000D80400201C0000201CB5384908460078C9
:107770000190FF200A4610700846007800909DF89E
:10778000000000F0F0009DF80020904201D101209F
:1077900000E0002050B900BF502080F31188BFF3F3
:1077A0004F8FBFF36F8F00BF00BFFEE79DF8000053
:1077B00000F05000264A10700720264A106009E0A9
:1077C00024480068401E234A10609DF800004006CF
:1077D000000E00909DF8000000F080008028EFD09F
:1077E0001C480068C0F10700042801D1012000E016
:1077F000002050B900BF502080F31188BFF34F8F95
:10780000BFF36F8F00BF00BFFEE7124800680002A1
:10781000104A10601046008800F4E06010600B4AC7
:10782000019810700C48006840F470000A49086024
:107830000846006840F070400860FFF7E1FD002056
:1078400006490860F8F7B2FC00201CBD00E400E027
:10785000940000209800002020ED00E0900000201F
:1078600010B500BF502080F31188BFF34F8FBFF3D6
:107870006F8F00BF00F0BCFB18B14FF0805004497F
:10788000086000BF002080F3118800BF10BD000019
:1078900004ED00E02DE9F84380460E4617461D46EC
:1078A000DDF82090B8F1000F01D0012000E00020A9
:1078B00050B900BF502080F31188BFF34F8FBFF342
:1078C0006F8F00BF00BFFEE70DB1012000E0002078
:1078D00050B900BF502080F31188BFF34F8FBFF322
:1078E0006F8F00BF00BFFEE707B10EB1012000E0BF
:1078F000002050B900BF502080F31188BFF34F8F94
:10790000BFF36F8F00BF00BFFEE707B90EB90120BC
:1079100000E0002050B900BF502080F31188BFF371
:107920004F8FBFF36F8F00BF00BFFEE75020009066
:107930000098502801D1012000E0002050B900BF7C
:10794000502080F31188BFF34F8FBFF36F8F00BFBC
:1079500000BFFEE700BF2C464CB1012084F8460072
:107960004B463A46314640460094FEF721FF2046FA
:10797000BDE8F88370B505460E462C4654B900BFE5
:10798000502080F31188BFF34F8FBFF36F8F00BF7C
:1079900000BFFEE7FFF79AFCD4E90F12206801FB55
:1079A0000200A0600020A06320686060E06B401EC1
:1079B000226C216800FB0211E160FF2084F8440082
:1079C00084F845009EB9206908B9012000E0002034
:1079D000A8B904F1100000F0FFFB80B14FF0805017
:1079E00009490860BFF34F8FBFF36F8F07E004F1C1
:1079F0001000FFF735FC04F12400FFF731FCFFF71E
:107A00008FFC012070BD000004ED00E02DE9FF4374
:107A100083B0064688461D464FF00009344654B9E7
:107A200000BF502080F31188BFF34F8FBFF36F8FDB
:107A300000BF00BFFEE7B8F1000F01D1206C08B90C
:107A4000012000E0002050B900BF502080F31188D1
:107A5000BFF34F8FBFF36F8F00BF00BFFEE7022D54
:107A600002D1E06B012801D1012000E0002050B9D3
:107A700000BF502080F31188BFF34F8FBFF36F8F8B
:107A800000BF00BFFEE700F09DFA08B9059808B9ED
:107A9000012000E0002050B900BF502080F3118881
:107AA000BFF34F8FBFF36F8F00BF00BFFEE700BF74
:107AB000FFF70CFCA06BE16B884201D3022D28D1AB
:107AC0002A4641462046FEF7A6FD0746606A08B9E9
:107AD000012000E0002068B904F1240000F07CFBE4
:107AE00088B14FF0805032490860BFF34F8FBFF329
:107AF0006F8F08E03FB14FF080502D490860BFF311
:107B00004F8FBFF36F8FFFF70BFC012007B0BDE86D
:107B1000F083059818B9FFF703FC0020F6E7B9F1E8
:107B2000000F04D101A8FFF725FD4FF00109FFF771
:107B3000F7FBFFF7C9FDFFF7C9FB94F94400401CB0
:107B400010B9002084F8440094F94500401C10B995
:107B5000002084F84500FFF7E3FB05A901A800F029
:107B60005BF9F0B92046FEF738FFA0B104F1100030
:107B70000599FFF711FD2046FFF713F900F078FB98
:107B8000002895D14FF0805009490860BFF34F8F0E
:107B9000BFF36F8F8CE72046FFF703F900F068FB17
:107BA00086E72046FFF7FDF800F062FB0020ADE716
:107BB00004ED00E02DE9F84F07468A4690461E4640
:107BC0003C4654B900BF502080F31188BFF34F8F5B
:107BD000BFF36F8F00BF00BFFEE7BAF1000F01D106
:107BE000206C08B9012000E0002050B900BF5020EF
:107BF00080F31188BFF34F8FBFF36F8F00BF00BFBB
:107C0000FEE7022E02D1E06B012801D1012000E045
:107C1000002050B900BF502080F31188BFF34F8F70
:107C2000BFF36F8F00BF00BFFEE7FFF7FDFB00BF94
:107C30005021EFF3118081F31188BFF34F8FBFF311
:107C40006F8F00BF0546A06BE16B884201D3022E07
:107C500025D194F945B0A06B00903246514620469C
:107C6000FEF7D9FC0BF1010088B9606A08B9012060
:107C700000E0002050B904F1240000F0ADFA28B172
:107C8000B8F1000F02D00120C8F8000004E00BF1A9
:107C9000010040B284F845004FF0010901E04FF0C7
:107CA000000900BF85F3118800BF4846BDE8F88F82
:107CB0002DE9F74183B005460E464FF000082C46EB
:107CC00054B900BF502080F31188BFF34F8FBFF32A
:107CD0006F8F00BF00BFFEE70EB9206C08B901200E
:107CE00000E0002050B900BF502080F31188BFF39E
:107CF0004F8FBFF36F8F00BF00BFFEE700F062F948
:107D000008B9059808B9012000E0002050B900BF6B
:107D1000502080F31188BFF34F8FBFF36F8F00BFE8
:107D200000BFFEE700BFFFF7D1FAA76BF7B13146FE
:107D30002046FEF75BFC781EA063206908B901208D
:107D400000E0002060B904F1100000F045FA38B1FD
:107D50004FF080502F490860BFF34F8FBFF36F8FF4
:107D6000FFF7DEFA012006B0BDE8F081059818B9EA
:107D7000FFF7D6FA0020F6E7B8F1000F04D101A80A
:107D8000FFF7F8FB4FF00108FFF7CAFAFFF79CFC7A
:107D9000FFF79CFA94F94400401C10B9002084F8C5
:107DA000440094F94500401C10B9002084F84500B7
:107DB000FFF7B6FA05A901A800F02EF8F0B92046A1
:107DC000FEF7FEFDA0B104F124000599FFF7E4FBE6
:107DD0002046FEF7E6FF00F04BFA0028A3D14FF053
:107DE00080500C490860BFF34F8FBFF36F8F9AE745
:107DF0002046FEF7D6FF00F03BFA94E72046FEF758
:107E0000D0FF00F035FA2046FEF7DAFD00288AD0D0
:107E10000020A8E704ED00E070B505460C4655B912
:107E200000BF502080F31188BFF34F8FBFF36F8FD7
:107E300000BF00BFFEE754B900BF502080F3118897
:107E4000BFF34F8FBFF36F8F00BF00BFFEE7FFF799
:107E50003DFA124802686868131A2068401C08B985
:107E6000002617E00E4928680968884204D068682F
:107E7000904201D801260DE02068984207D9206879
:107E8000C01A20602846FFF775FB002602E000209C
:107E900020600126FFF744FA304670BD3000002014
:107EA000440000202DE9FF4F85B0804689461746E3
:107EB000DDE912ABB800FEF7B3FF064656B15C2011
:107EC000FEF7AEFF04460CB1266304E03046FFF730
:107ED00045FA00E000248CB1002084F85900CDE977
:107EE00000ABCDE902403A4649464046089BFEF7C2
:107EF00074FC2046FEF7C0FA012501E04FF0FF3583
:107F0000284609B0BDE8F08F2DE9F04F85B007464F
:107F1000884691469A46DDE90EB6109C0EB10120C6
:107F200000E0002050B900BF502080F31188BFF35B
:107F30004F8FBFF36F8F00BF00BFFEE70CB1012072
:107F400000E0002050B900BF502080F31188BFF33B
:107F50004F8FBFF36F8F00BF00BFFEE75C20039021
:107F600003985C2801D1012000E0002050B900BF37
:107F7000502080F31188BFF34F8FBFF36F8F00BF86
:107F800000BFFEE700BFB4B1AEB125462C462E635C
:107F9000022085F85900002004A953464A46CDE93D
:107FA00000B1CDE9025041463846FEF716FC28469E
:107FB000FEF762FA01E000200490049805B0BDE8E5
:107FC000F08F00000549096809B9012005E004495E
:107FD000096809B9022000E000207047380000203D
:107FE000540000200149086870470000300000205C
:107FF0002DE9F0414FF000084348006800287BD18C
:1080000042480068451C4148056015BB404800686F
:10801000006808B9012000E0002050B900BF5020DE
:1080200080F31188BFF34F8FBFF36F8F00BF00BF86
:10803000FEE7374807683748006835490860354823
:10804000076035480068401C33490860FEF7FAFDB8
:1080500000BF3248006885423BD300BF2C4800680F
:10806000006808B9012000E0002020B14FF0FF3087
:108070002A4908602CE026480068C068C468666821
:10808000B54202D22548066022E0201DFFF7BCF869
:10809000A06A18B104F11800FFF7B6F82049E06AA9
:1080A0000968884202D91E49E06A0860E16A01EB6A
:1080B00081011C4A02EB8100211DFFF7FBF81A49E0
:1080C000E06A0968C96A8842C8D34FF00108C5E769
:1080D00000BF15480068C06A00EB8000114951F8E4
:1080E0002000012801D94FF001081048006808B1AC
:1080F0004FF0010805E0FFE70D480068401C0C49FF
:1081000008604046BDE8F0815400002030000020A7
:108110002000002024000020440000204C0000200B
:1081200034000020D80400201C0000204000002063
:108130003C00002070B505462C460026002D43D09B
:1081400022480068844201D1012000E0002050B99B
:1081500000BF502080F31188BFF34F8FBFF36F8FA4
:1081600000BF00BFFEE7206D50B900BF502080F374
:108170001188BFF34F8FBFF36F8F00BF00BFFEE7C3
:10818000206D401E2065E16CE06A88421CD0206DA5
:10819000D0B9201DFFF738F8E06CE062E06AC0F16A
:1081A0003800A0610A49E06A0968884202D9084992
:1081B000E06A0860E16A01EB8101064A02EB810096
:1081C000211DFFF777F80126304670BD1C00002006
:1081D00034000020D804002070B50646F068C4685A
:1081E00054B900BF502080F31188BFF34F8FBFF305
:1081F0006F8F00BF00BFFEE704F11800FFF704F81F
:1082000015480068A0B9201DFEF7FEFF1349E06A7B
:108210000968884202D91149E06A0860E16A01EB05
:1082200081010F4A02EB8100211DFFF743F804E0B2
:1082300004F118010B48FFF73DF80B49E06A0968A3
:10824000C96A884204D9012501200849086000E074
:108250000025284670BD0000540000203400002096
:10826000D8040020600900201C00002040000020ED
:1082700070B5002400263648006850B900BF502071
:1082800080F31188BFF34F8FBFF36F8F00BF00BF24
:10829000FEE7FFF71BF82E480068401E2C490860D7
:1082A0000846006800284ED12A48006800284AD0B5
:1082B00023E02948C068C46804F11800FEF7A4FF51
:1082C000201DFEF7A1FF2549E06A0968884202D90E
:1082D0002249E06A0860E16A01EB8101204A02EB71
:1082E0008100211DFEF7E6FF1E49E06A0968C96AA0
:1082F000884202D301201C4908601748006808B969
:10830000012000E000200028D3D00CB1FEF79AFC39
:108310001648056865B100BFFFF76AFE10B101207D
:10832000114908606D1E002DF6D100200F4908602C
:108330000D48006838B1012630070D490860BFF3C9
:108340004F8FBFF36F8FFEF7EBFF304670BD00001D
:10835000540000202C000020600900203400002080
:10836000D80400201C000020400000203C00002019
:1083700004ED00E010B586B00024FEF7D9F81648E9
:108380000068D0B100200590049003AA04A905A8B4
:10839000FEF75AFF0222DDE904100023CDE9002197
:1083A00002900EA10F48039AFFF7AEFD0E49086038
:1083B0000846006800B1012400BF54B900BF502036
:1083C00080F31188BFF34F8FBFF36F8F00BF00BFE3
:1083D000FEE7204606B010BD60000020546D7220FC
:1083E00053766300896D0008640000202DE9FF4783
:1083F00004460D4616461F46DDF830804FF0000952
:1084000054B900BF502080F31188BFF34F8FBFF3E2
:108410006F8F00BF00BFFEE71448006810B30095DF
:1084200001960294062D15DAFFF7CCFD022808D13B
:108430000023424669460D480068FFF7E7FA814687
:1084400010E000231A46694608480068FFF7DEFA84
:10845000814607E000233A46694604480068FFF772
:10846000A9FB8146484604B0BDE8F08760000020C3
:10847000401058BFC0F14040491058BFC1F14041C1
:108480008142EFF3008070474FF47F0C1CEAD0125A
:108490001EBF1CEAD11392EA0C0F93EA0C0F00F0F6
:1084A000858090EA010F48BF42F4807240F4000CCE
:1084B00041F400002CF07F4120F07F4000B5814264
:1084C000A2EB03020FF2081CACEB504EC0F100000F
:1084D0009EF800E04FEA4E0E00FB0EFC38BF49004C
:1084E0004FEA2C1C02F5FA020CFB0EF34FEACE1EEB
:1084F0004FEA112C4FEAC1210EEB635E42EB2242A0
:108500000EFB0CFC4FEA1C5300FB03114FEA112C2D
:108510004FEA01310EFB0CFC4FEADC4C00FB0C1166
:10852000C14228BF09184CEB03335DF804EB10EB94
:10853000410143EBC250B2F57C0F38BF704729D5DB
:1085400012F0F00F1CBF00F1C04000F00040704777
:10855000008182838485868788898B8C8D8E8F911C
:108560009293959697999A9C9D9FA0A2A3A5A7A840
:10857000AAACAEB0B2B3B5B7B9BCBEC0C2C5C7C96C
:10858000CCCED1D4D7D9DCDFE2E6E9ECF0F3F7FAD0
:10859000FE0000004FEA400C0CF1807CBCF17E4FE5
:1085A00028BF7047B0F1C04000F05FB990EA010FFA
:1085B0000CEAD11348BF42F48072624538BF63456C
:1085C00007D213F47F0F16D080EA010000F00040BC
:1085D000704710B500F003F9097EFC3E00F005B8C5
:1085E00080EA010000F00040704780EA010000F0DE
:1085F000004000F03AB912F47F0F04BF0248704700
:1086000080EA010000F031B90000C07FC10DD1F156
:108610009E0206DB4FEA002343F0004323FA02F0F8
:108620007047004207D54FEA4001B1F1FE4F02D238
:108630004FF00000704710B500F0D1F84992248047
:10864000002070476FEA200070470000B0FA80F306
:1086500010FA03F2C3F19D030AD0D90501EB1220F1
:10866000530638BF704700F1010008BF20F0010039
:108670007047000050EA010C00F113801CF5000F58
:1086800058BFBCF5000F01D48842704707D710F5DA
:10869000000F58BF11F5000F15D48842704789426A
:1086A00070471CF5000F04D5BCF5000FF7D58142CB
:1086B00070474FF0807C1CEB400F38BF1CEB410F24
:1086C00001D28142704710B500F089F89224490028
:1086D0004FF000504FF08051FFF7CABE4FF47F0CAF
:1086E0001CEAD0121EBF1CEAD11392EA0C0F93EAC7
:1086F0000C0F00F0478090EA010F48BF42F48072EF
:108700004FF0004C4CEA00204CEA012102EB03023E
:10871000A0FB0113A2F50002002918BF43F00103DA
:108720005B0028BF4FEA330342EB22425FEA132C7F
:108730004CEBC2502EBFBCEB436FB2F57C0F7047C1
:108740004FEA036CBCF1004F08BF20F00100B2F506
:108750007C0F38BF70470BD582F0FF0212F5803FC7
:10876000C8BF704700F1C040D8BF00F0004070475C
:1087700000F5000C5FEA4C0C48BF7047B0F1C040F8
:1087800000F073B890EA010F0CEAD11348BF42F42D
:108790008072624538BF634504D280EA010000F070
:1087A0000040704710B500F01AF800BF8900013E84
:1087B00000F007B800F009B85FEA410C5FEA1C6CF2
:1087C00008D080EA010000F050B85FEA400C5FEA90
:1087D0001C6CF6D14FF00040A0F5800070470EF100
:1087E000020E2EF0030E5EF8044B244204D44FEA2E
:1087F0004102B2F17F4F11D84FEA4003B3F17F4FEE
:108800000CD80ED14FEAD07CB2F17F4F0CEB4C0C60
:108810000CF1020C08BF4CEBD17C04E04FF0080CCB
:1088200001E04FEAD17C0CEB4C0324FA03F404F092
:108830000704B4F1040C06D20EEB840CBDE8104022
:108840004CF0010C6047DFE80CF0070802024FF023
:108850000040A0F5800010BD0846420018BFD2F1CC
:10886000807288BF00F0004010BDFF2141EAD05067
:10887000C005704751EA000C00F113801CF5000F91
:1088800058BFBCF5000F01D48142704707D711F5DE
:10889000000F58BF10F5000F15D481427047894270
:1088A00070471CF5000F04D5BCF5000FF7D58842C2
:1088B00070474FF0807C1CEB410F38BF1CEB400F22
:1088C00001D28842704780EA010081EA000180EA13
:1088D0000100FFF7F8BE0000D08C00080000000087
:1088E0000000000000000000000000000008000080
:1088F000180000000000000000000000B88C000814
:108900000000000000000000000000000000000067
:108910000008000018000000000000000000000037
:10892000C48C0008000000000000000000000000EF
:108930000000000000080000180000000000000017
:108940000000000002030405060708090A0B0C0DCD
:108950000E0F1010010202030405060708090A0B96
:108960000C0D0E0F101001020000000000000000AE
:1089700001020304060708090000000001020304C5
:108980000B0A0E01000000000000000000002F0094
:108990000000000700070000147F147F1400242A41
:1089A0007F2A1200626408132300364955225000C2
:1089B000000503000000001C224100000041221CB1
:1089C000000014083E08140008083E0808000000D3
:1089D000A0600000080808080800006060000000AF
:1089E0002010080402003E5149453E0000427F40ED
:1089F00000004261514946002141454B31001814A5
:108A0000127F10002745454539003C4A494930004E
:108A100001710905030036494949360006494929CB
:108A20001E00003636000000005636000000081414
:108A300022410000141414141400004122140800F0
:108A4000020151090600324959513E007C121112AF
:108A50007C007F49494936003E41414122007F4127
:108A600041221C007F49494941007F090909010051
:108A70003E4149497A007F0808087F0000417F4154
:108A800000002040413F01007F08142241007F4048
:108A9000404040007F020C027F007F0408107F00EE
:108AA0003E4141413E007F09090906003E415121F6
:108AB0005E007F09192946004649494931000101F4
:108AC0007F0101003F4040403F001F2040201F0029
:108AD0003F4038403F0063140814630007087008E3
:108AE0000700615149454300007F41410000552A7C
:108AF000552A55000041417F000004020102040094
:108B00004040404040000001020400002054545402
:108B100078007F48444438003844444420003844B6
:108B200044487F00385454541800087E090102005C
:108B300018A4A4A47C007F080404780000447D40AD
:108B400000004080847D00007F1028440000004128
:108B50007F4000007C04180478007C08040478003E
:108B6000384444443800FC242424180018242418D1
:108B7000FC007C0804040800485454542000043FBE
:108B8000444020003C4040207C001C2040201C0031
:108B90003C4030403C004428102844001CA0A0A0C9
:108BA0007C004464544C4414141414141400010440
:108BB0000702050908040300010000000008014045
:108BC00010000101000801402000010100080140DF
:108BD00000010101000C014080000101000C014076
:108BE00004000101000C014010000101000C0140D3
:108BF00020000101000C014000010101000C0140B6
:108C000000100101000C014000200101000C014096
:108C100000400001000C01400080000100100140F4
:108C200000400100001001400080010000100140E0
:108C3000002000010506FFFFFFFF00006C0100207F
:108C4000000000006C010020040000000000000093
:108C5000000000000000000000000000B40100203F
:108C600000000000B401002004000000B401002056
:108C700008000000B40100200C000000FC010020EE
:108C800000000000000000000000000000000000E4
:108C900000000000FC0100200C00000000010100A9
:108CA00031000000DC8C000832000000E48C000879
:108CB00033000000EC8C0008757365725461736BAF
:108CC0005F310000757365725461736B5F32000031
:108CD00064656661756C745461736B0041494D5FE6
:108CE0003100000041494D5F3200000041494D5FB5
:108CF00033000000148D0008000000201401000063
:108D000028010008288E000814010020EC4800000B
:108D10004401000800000000000000000000000006
:108D200000000000100000000100000000127A00A6
:108D30000000000000000000000000000000000033
:108D40000000000000000000000000000000000023
:108D50000000000000000000000000000000000013
:108D60000000000000000000000000000000000003
:108D700000000000000000000000000000000000F3
:108D800000000000000000000000000000000000E3
:108D900000000000000000000000000000000000D3
:108DA00000000000AAAAAAAA00000000000000001B
:108DB00000000000000000000000000000000000B3
:108DC00000000000000000000000000000000000A3
:108DD000000000000000000000006400000000002F
:108DE000010064000000000000000000000000001E
:108DF00000000000440200208C020020D402002069
:108E00000000000000000000000000000000000062
:108E1000B0040000C80000000000000000000000D6
:088E20000000FF00000000004B
:04000005080000ED02
:00000001FF
